{
  "experiment_name": "multi_volume_calibration_test",
  "simulation_mode": false,
  "total_measurements": 44,
  "total_duration_s": 899.4643895626068,
  "overall_statistics": {
    "num_trials": 20,
    "mean_score": 0.6576013952461846,
    "median_score": 0.6499550679992573,
    "min_score": 0.2202584340157176,
    "max_score": 1.112862178940365,
    "stdev_score": 0.292927330756067,
    "within_tolerance_count": 14,
    "partial_tolerance_count": 2,
    "outside_tolerance_count": 4,
    "success_rate": 0.7
  },
  "volume_count": 4
}