volume_target_ml,volume_target_ul,volume_measured_ml,volume_measured_ul,deviation_pct,precision_cv_pct,duration_s,trials_count,status,measurement_count,calibration_overaspirate_vol,hardware_parameters_aspirate_speed,hardware_parameters_dispense_speed,hardware_parameters_aspirate_wait_time,hardware_parameters_dispense_wait_time
0.25,250.0,0.24887333333333278,248.87333333333277,0.4506666666668953,0.08815452397087374,15.7296374666815,10,success,26,0.0021000000000000003,14,10,1.5,0.08743245324006524
0.5,500.0,0.4982833333333326,498.28333333333256,0.34333333333348054,0.047420968253620584,17.76438496665408,4,success,8,-0.004,14,10,1.5,0.08743245324006524
0.1,100.0,0.09890555555555498,98.90555555555498,1.0944444444450179,0.34548164499499245,16.685390533413738,3,success,5,0.006100000000002046,14,10,1.5,0.08743245324006524
0.05,50.0,0.04873333333333285,48.73333333333285,2.533333333334303,0.5164045441366575,16.143550200077396,3,success,5,0.0043399999999990425,14,10,1.5,0.08743245324006524
