[
  {
    "measurement_id": "measurement_1769550325938030_1",
    "parameters": {
      "calibration": {
        "overaspirate_vol": 0.0034000000000000002
      },
      "hardware": {
        "parameters": {
          "aspirate_speed": 13,
          "dispense_speed": 7,
          "aspirate_wait_time": 0.2,
          "dispense_wait_time": 0.49520429223775864
        }
      }
    },
    "target_volume_ml": 0.25,
    "measured_volume_ml": 0.24856666666666527,
    "duration_s": 21.959433800075203,
    "timestamp": 1769550325.9380305,
    "replicate_id": 1,
    "metadata": {
      "replicate": 1,
      "volume": 0.24856666666666527,
      "elapsed_s": 21.959433800075203,
      "start_time": "2026-01-27T16:45:03.979339",
      "end_time": "2026-01-27T16:45:25.938030",
      "target_volume_mL": 0.25,
      "measured_volume_mL": 0.24856666666666527,
      "reservoir_index": 1,
      "aspirate_speed": 13,
      "dispense_speed": 7,
      "aspirate_wait_time": 0.2,
      "dispense_wait_time": 0.49520429223775864,
      "valve_switch_delay": 0.1,
      "overaspirate_vol": 0.0034000000000000002,
      "stability_info": {
        "pre_stable_count": 5,
        "pre_total_count": 5,
        "post_stable_count": 0,
        "post_total_count": 6,
        "pre_baseline_std": 0.0,
        "post_baseline_std": 0.0004966554808584127
      },
      "retry_count": 0
    },
    "trial_score": 0.2952215945041555,
    "trial_quality": "within_tolerance"
  },
  {
    "measurement_id": "measurement_1769550340704898_1",
    "parameters": {
      "calibration": {
        "overaspirate_vol": 0.0034000000000000002
      },
      "hardware": {
        "parameters": {
          "aspirate_speed": 13,
          "dispense_speed": 7,
          "aspirate_wait_time": 0.2,
          "dispense_wait_time": 0.49520429223775864
        }
      }
    },
    "target_volume_ml": 0.25,
    "measured_volume_ml": 0.24950000000000117,
    "duration_s": 14.762800300028175,
    "timestamp": 1769550340.704898,
    "replicate_id": 1,
    "metadata": {
      "replicate": 1,
      "volume": 0.24950000000000117,
      "elapsed_s": 14.762800300028175,
      "start_time": "2026-01-27T16:45:25.938030",
      "end_time": "2026-01-27T16:45:40.704898",
      "target_volume_mL": 0.25,
      "measured_volume_mL": 0.24950000000000117,
      "reservoir_index": 1,
      "aspirate_speed": 13,
      "dispense_speed": 7,
      "aspirate_wait_time": 0.2,
      "dispense_wait_time": 0.49520429223775864,
      "valve_switch_delay": 0.1,
      "overaspirate_vol": 0.0034000000000000002,
      "stability_info": {
        "pre_stable_count": 5,
        "pre_total_count": 5,
        "post_stable_count": 2,
        "post_total_count": 6,
        "pre_baseline_std": 0.0,
        "post_baseline_std": 0.00045898438608136773
      },
      "retry_count": 0
    },
    "trial_score": 0.2952215945041555,
    "trial_quality": "within_tolerance"
  },
  {
    "measurement_id": "measurement_1769550355533773_1",
    "parameters": {
      "calibration": {
        "overaspirate_vol": 0.0034000000000000002
      },
      "hardware": {
        "parameters": {
          "aspirate_speed": 13,
          "dispense_speed": 7,
          "aspirate_wait_time": 0.2,
          "dispense_wait_time": 0.49520429223775864
        }
      }
    },
    "target_volume_ml": 0.25,
    "measured_volume_ml": 0.24939999999999962,
    "duration_s": 14.82576229982078,
    "timestamp": 1769550355.5337737,
    "replicate_id": 1,
    "metadata": {
      "replicate": 1,
      "volume": 0.24939999999999962,
      "elapsed_s": 14.82576229982078,
      "start_time": "2026-01-27T16:45:40.704898",
      "end_time": "2026-01-27T16:45:55.533773",
      "target_volume_mL": 0.25,
      "measured_volume_mL": 0.24939999999999962,
      "reservoir_index": 1,
      "aspirate_speed": 13,
      "dispense_speed": 7,
      "aspirate_wait_time": 0.2,
      "dispense_wait_time": 0.49520429223775864,
      "valve_switch_delay": 0.1,
      "overaspirate_vol": 0.0034000000000000002,
      "stability_info": {
        "pre_stable_count": 5,
        "pre_total_count": 5,
        "post_stable_count": 3,
        "post_total_count": 5,
        "pre_baseline_std": 0.0,
        "post_baseline_std": 8.944271909978314e-05
      },
      "retry_count": 0
    },
    "trial_score": 0.2952215945041555,
    "trial_quality": "within_tolerance"
  },
  {
    "measurement_id": "measurement_1769550384935920_1",
    "parameters": {
      "calibration": {
        "overaspirate_vol": 0.0043
      },
      "hardware": {
        "parameters": {
          "aspirate_speed": 20,
          "dispense_speed": 19,
          "aspirate_wait_time": 3.6,
          "dispense_wait_time": 4.977226322516799
        }
      }
    },
    "target_volume_ml": 0.25,
    "measured_volume_ml": 0.23830000000000062,
    "duration_s": 29.388866499997675,
    "timestamp": 1769550384.9359207,
    "replicate_id": 1,
    "metadata": {
      "replicate": 1,
      "volume": 0.23830000000000062,
      "elapsed_s": 29.388866499997675,
      "start_time": "2026-01-27T16:45:55.546616",
      "end_time": "2026-01-27T16:46:24.935920",
      "target_volume_mL": 0.25,
      "measured_volume_mL": 0.23830000000000062,
      "reservoir_index": 1,
      "aspirate_speed": 20,
      "dispense_speed": 19,
      "aspirate_wait_time": 3.6,
      "dispense_wait_time": 4.977226322516799,
      "valve_switch_delay": 0.1,
      "overaspirate_vol": 0.0043,
      "stability_info": {
        "pre_stable_count": 5,
        "pre_total_count": 5,
        "post_stable_count": 6,
        "post_total_count": 6,
        "pre_baseline_std": 0.0,
        "post_baseline_std": 0.0
      },
      "retry_count": 0
    },
    "trial_score": 1.0742832524184656,
    "trial_quality": "outside_tolerance"
  },
  {
    "measurement_id": "measurement_1769550414345753_1",
    "parameters": {
      "calibration": {
        "overaspirate_vol": 0.0043
      },
      "hardware": {
        "parameters": {
          "aspirate_speed": 20,
          "dispense_speed": 19,
          "aspirate_wait_time": 3.6,
          "dispense_wait_time": 4.977226322516799
        }
      }
    },
    "target_volume_ml": 0.25,
    "measured_volume_ml": 0.25819999999999865,
    "duration_s": 29.41924920026213,
    "timestamp": 1769550414.3457534,
    "replicate_id": 1,
    "metadata": {
      "replicate": 1,
      "volume": 0.25819999999999865,
      "elapsed_s": 29.41924920026213,
      "start_time": "2026-01-27T16:46:24.939029",
      "end_time": "2026-01-27T16:46:54.345753",
      "target_volume_mL": 0.25,
      "measured_volume_mL": 0.25819999999999865,
      "reservoir_index": 1,
      "aspirate_speed": 20,
      "dispense_speed": 19,
      "aspirate_wait_time": 3.6,
      "dispense_wait_time": 4.977226322516799,
      "valve_switch_delay": 0.1,
      "overaspirate_vol": 0.0043,
      "stability_info": {
        "pre_stable_count": 5,
        "pre_total_count": 5,
        "post_stable_count": 5,
        "post_total_count": 5,
        "pre_baseline_std": 0.0,
        "post_baseline_std": 0.0
      },
      "retry_count": 0
    },
    "trial_score": 1.0742832524184656,
    "trial_quality": "outside_tolerance"
  },
  {
    "measurement_id": "measurement_1769550443922107_1",
    "parameters": {
      "calibration": {
        "overaspirate_vol": 0.0043
      },
      "hardware": {
        "parameters": {
          "aspirate_speed": 20,
          "dispense_speed": 19,
          "aspirate_wait_time": 3.6,
          "dispense_wait_time": 4.977226322516799
        }
      }
    },
    "target_volume_ml": 0.25,
    "measured_volume_ml": 0.24099999999999966,
    "duration_s": 29.567177100107074,
    "timestamp": 1769550443.922107,
    "replicate_id": 1,
    "metadata": {
      "replicate": 1,
      "volume": 0.24099999999999966,
      "elapsed_s": 29.567177100107074,
      "start_time": "2026-01-27T16:46:54.361415",
      "end_time": "2026-01-27T16:47:23.922106",
      "target_volume_mL": 0.25,
      "measured_volume_mL": 0.24099999999999966,
      "reservoir_index": 1,
      "aspirate_speed": 20,
      "dispense_speed": 19,
      "aspirate_wait_time": 3.6,
      "dispense_wait_time": 4.977226322516799,
      "valve_switch_delay": 0.1,
      "overaspirate_vol": 0.0043,
      "stability_info": {
        "pre_stable_count": 5,
        "pre_total_count": 5,
        "post_stable_count": 5,
        "post_total_count": 5,
        "pre_baseline_std": 0.0,
        "post_baseline_std": 0.0
      },
      "retry_count": 0
    },
    "trial_score": 1.0742832524184656,
    "trial_quality": "outside_tolerance"
  },
  {
    "measurement_id": "measurement_1769550463844323_1",
    "parameters": {
      "calibration": {
        "overaspirate_vol": 0.0073
      },
      "hardware": {
        "parameters": {
          "aspirate_speed": 12,
          "dispense_speed": 10,
          "aspirate_wait_time": 2.3000000000000003,
          "dispense_wait_time": 3.287502028979361
        }
      }
    },
    "target_volume_ml": 0.25,
    "measured_volume_ml": 0.25789999999999935,
    "duration_s": 19.9009442999959,
    "timestamp": 1769550463.844323,
    "replicate_id": 1,
    "metadata": {
      "replicate": 1,
      "volume": 0.25789999999999935,
      "elapsed_s": 19.9009442999959,
      "start_time": "2026-01-27T16:47:23.941857",
      "end_time": "2026-01-27T16:47:43.844322",
      "target_volume_mL": 0.25,
      "measured_volume_mL": 0.25789999999999935,
      "reservoir_index": 1,
      "aspirate_speed": 12,
      "dispense_speed": 10,
      "aspirate_wait_time": 2.3000000000000003,
      "dispense_wait_time": 3.287502028979361,
      "valve_switch_delay": 0.1,
      "overaspirate_vol": 0.0073,
      "stability_info": {
        "pre_stable_count": 5,
        "pre_total_count": 5,
        "post_stable_count": 5,
        "post_total_count": 5,
        "pre_baseline_std": 0.0,
        "post_baseline_std": 0.0
      },
      "retry_count": 0
    },
    "trial_score": 0.8947459470602881,
    "trial_quality": "partial_tolerance"
  },
  {
    "measurement_id": "measurement_1769550483925021_1",
    "parameters": {
      "calibration": {
        "overaspirate_vol": 0.0073
      },
      "hardware": {
        "parameters": {
          "aspirate_speed": 12,
          "dispense_speed": 10,
          "aspirate_wait_time": 2.3000000000000003,
          "dispense_wait_time": 3.287502028979361
        }
      }
    },
    "target_volume_ml": 0.25,
    "measured_volume_ml": 0.2492000000000001,
    "duration_s": 20.083674699999392,
    "timestamp": 1769550483.925021,
    "replicate_id": 1,
    "metadata": {
      "replicate": 1,
      "volume": 0.2492000000000001,
      "elapsed_s": 20.083674699999392,
      "start_time": "2026-01-27T16:47:43.844322",
      "end_time": "2026-01-27T16:48:03.925021",
      "target_volume_mL": 0.25,
      "measured_volume_mL": 0.2492000000000001,
      "reservoir_index": 1,
      "aspirate_speed": 12,
      "dispense_speed": 10,
      "aspirate_wait_time": 2.3000000000000003,
      "dispense_wait_time": 3.287502028979361,
      "valve_switch_delay": 0.1,
      "overaspirate_vol": 0.0073,
      "stability_info": {
        "pre_stable_count": 5,
        "pre_total_count": 5,
        "post_stable_count": 5,
        "post_total_count": 5,
        "pre_baseline_std": 0.0,
        "post_baseline_std": 0.0
      },
      "retry_count": 0
    },
    "trial_score": 0.8947459470602881,
    "trial_quality": "partial_tolerance"
  },
  {
    "measurement_id": "measurement_1769550503805015_1",
    "parameters": {
      "calibration": {
        "overaspirate_vol": 0.0073
      },
      "hardware": {
        "parameters": {
          "aspirate_speed": 12,
          "dispense_speed": 10,
          "aspirate_wait_time": 2.3000000000000003,
          "dispense_wait_time": 3.287502028979361
        }
      }
    },
    "target_volume_ml": 0.25,
    "measured_volume_ml": 0.24863999999999997,
    "duration_s": 19.871294100303203,
    "timestamp": 1769550503.8050158,
    "replicate_id": 1,
    "metadata": {
      "replicate": 1,
      "volume": 0.24863999999999997,
      "elapsed_s": 19.871294100303203,
      "start_time": "2026-01-27T16:48:03.925021",
      "end_time": "2026-01-27T16:48:23.805015",
      "target_volume_mL": 0.25,
      "measured_volume_mL": 0.24863999999999997,
      "reservoir_index": 1,
      "aspirate_speed": 12,
      "dispense_speed": 10,
      "aspirate_wait_time": 2.3000000000000003,
      "dispense_wait_time": 3.287502028979361,
      "valve_switch_delay": 0.1,
      "overaspirate_vol": 0.0073,
      "stability_info": {
        "pre_stable_count": 5,
        "pre_total_count": 5,
        "post_stable_count": 5,
        "post_total_count": 5,
        "pre_baseline_std": 0.0,
        "post_baseline_std": 5.477225575136191e-05
      },
      "retry_count": 0
    },
    "trial_score": 0.8947459470602881,
    "trial_quality": "partial_tolerance"
  },
  {
    "measurement_id": "measurement_1769550525111518_1",
    "parameters": {
      "calibration": {
        "overaspirate_vol": 0.0007
      },
      "hardware": {
        "parameters": {
          "aspirate_speed": 16,
          "dispense_speed": 14,
          "aspirate_wait_time": 3.8000000000000003,
          "dispense_wait_time": 1.5599679062142968
        }
      }
    },
    "target_volume_ml": 0.25,
    "measured_volume_ml": 0.24840000000000195,
    "duration_s": 21.297979099676013,
    "timestamp": 1769550525.1115184,
    "replicate_id": 1,
    "metadata": {
      "replicate": 1,
      "volume": 0.24840000000000195,
      "elapsed_s": 21.297979099676013,
      "start_time": "2026-01-27T16:48:23.820394",
      "end_time": "2026-01-27T16:48:45.111518",
      "target_volume_mL": 0.25,
      "measured_volume_mL": 0.24840000000000195,
      "reservoir_index": 1,
      "aspirate_speed": 16,
      "dispense_speed": 14,
      "aspirate_wait_time": 3.8000000000000003,
      "dispense_wait_time": 1.5599679062142968,
      "valve_switch_delay": 0.1,
      "overaspirate_vol": 0.0007,
      "stability_info": {
        "pre_stable_count": 5,
        "pre_total_count": 5,
        "post_stable_count": 0,
        "post_total_count": 6,
        "pre_baseline_std": 0.0,
        "post_baseline_std": 0.0003346640106136995
      },
      "retry_count": 0
    },
    "trial_score": 0.34961749766868655,
    "trial_quality": "within_tolerance"
  },
  {
    "measurement_id": "measurement_1769550546312770_1",
    "parameters": {
      "calibration": {
        "overaspirate_vol": 0.0007
      },
      "hardware": {
        "parameters": {
          "aspirate_speed": 16,
          "dispense_speed": 14,
          "aspirate_wait_time": 3.8000000000000003,
          "dispense_wait_time": 1.5599679062142968
        }
      }
    },
    "target_volume_ml": 0.25,
    "measured_volume_ml": 0.24869999999999948,
    "duration_s": 21.19816659996286,
    "timestamp": 1769550546.31277,
    "replicate_id": 1,
    "metadata": {
      "replicate": 1,
      "volume": 0.24869999999999948,
      "elapsed_s": 21.19816659996286,
      "start_time": "2026-01-27T16:48:45.111518",
      "end_time": "2026-01-27T16:49:06.312769",
      "target_volume_mL": 0.25,
      "measured_volume_mL": 0.24869999999999948,
      "reservoir_index": 1,
      "aspirate_speed": 16,
      "dispense_speed": 14,
      "aspirate_wait_time": 3.8000000000000003,
      "dispense_wait_time": 1.5599679062142968,
      "valve_switch_delay": 0.1,
      "overaspirate_vol": 0.0007,
      "stability_info": {
        "pre_stable_count": 5,
        "pre_total_count": 5,
        "post_stable_count": 6,
        "post_total_count": 6,
        "pre_baseline_std": 0.0,
        "post_baseline_std": 0.0
      },
      "retry_count": 0
    },
    "trial_score": 0.34961749766868655,
    "trial_quality": "within_tolerance"
  },
  {
    "measurement_id": "measurement_1769550567769286_1",
    "parameters": {
      "calibration": {
        "overaspirate_vol": 0.0007
      },
      "hardware": {
        "parameters": {
          "aspirate_speed": 16,
          "dispense_speed": 14,
          "aspirate_wait_time": 3.8000000000000003,
          "dispense_wait_time": 1.5599679062142968
        }
      }
    },
    "target_volume_ml": 0.25,
    "measured_volume_ml": 0.2492000000000001,
    "duration_s": 21.45280810026452,
    "timestamp": 1769550567.7692866,
    "replicate_id": 1,
    "metadata": {
      "replicate": 1,
      "volume": 0.2492000000000001,
      "elapsed_s": 21.45280810026452,
      "start_time": "2026-01-27T16:49:06.312769",
      "end_time": "2026-01-27T16:49:27.769286",
      "target_volume_mL": 0.25,
      "measured_volume_mL": 0.2492000000000001,
      "reservoir_index": 1,
      "aspirate_speed": 16,
      "dispense_speed": 14,
      "aspirate_wait_time": 3.8000000000000003,
      "dispense_wait_time": 1.5599679062142968,
      "valve_switch_delay": 0.1,
      "overaspirate_vol": 0.0007,
      "stability_info": {
        "pre_stable_count": 5,
        "pre_total_count": 5,
        "post_stable_count": 1,
        "post_total_count": 6,
        "pre_baseline_std": 0.0,
        "post_baseline_std": 0.0005600595206466094
      },
      "retry_count": 0
    },
    "trial_score": 0.34961749766868655,
    "trial_quality": "within_tolerance"
  },
  {
    "measurement_id": "measurement_1769550592000032_1",
    "parameters": {
      "calibration": {
        "overaspirate_vol": 0.0015
      },
      "hardware": {
        "parameters": {
          "aspirate_speed": 10,
          "dispense_speed": 17,
          "aspirate_wait_time": 4.9,
          "dispense_wait_time": 2.050227397121489
        }
      }
    },
    "target_volume_ml": 0.25,
    "measured_volume_ml": 0.23300000000000054,
    "duration_s": 24.20825619995594,
    "timestamp": 1769550592.0000324,
    "replicate_id": 1,
    "metadata": {
      "replicate": 1,
      "volume": 0.23300000000000054,
      "elapsed_s": 24.20825619995594,
      "start_time": "2026-01-27T16:49:27.790720",
      "end_time": "2026-01-27T16:49:52.000032",
      "target_volume_mL": 0.25,
      "measured_volume_mL": 0.23300000000000054,
      "reservoir_index": 1,
      "aspirate_speed": 10,
      "dispense_speed": 17,
      "aspirate_wait_time": 4.9,
      "dispense_wait_time": 2.050227397121489,
      "valve_switch_delay": 0.1,
      "overaspirate_vol": 0.0015,
      "stability_info": {
        "pre_stable_count": 5,
        "pre_total_count": 5,
        "post_stable_count": 6,
        "post_total_count": 6,
        "pre_baseline_std": 0.0,
        "post_baseline_std": 0.0
      },
      "retry_count": 0
    },
    "trial_score": 1.112862178940365,
    "trial_quality": "outside_tolerance"
  },
  {
    "measurement_id": "measurement_1769550616203881_1",
    "parameters": {
      "calibration": {
        "overaspirate_vol": 0.0015
      },
      "hardware": {
        "parameters": {
          "aspirate_speed": 10,
          "dispense_speed": 17,
          "aspirate_wait_time": 4.9,
          "dispense_wait_time": 2.050227397121489
        }
      }
    },
    "target_volume_ml": 0.25,
    "measured_volume_ml": 0.2599999999999998,
    "duration_s": 24.212951600085944,
    "timestamp": 1769550616.2038815,
    "replicate_id": 1,
    "metadata": {
      "replicate": 1,
      "volume": 0.2599999999999998,
      "elapsed_s": 24.212951600085944,
      "start_time": "2026-01-27T16:49:52.001064",
      "end_time": "2026-01-27T16:50:16.203881",
      "target_volume_mL": 0.25,
      "measured_volume_mL": 0.2599999999999998,
      "reservoir_index": 1,
      "aspirate_speed": 10,
      "dispense_speed": 17,
      "aspirate_wait_time": 4.9,
      "dispense_wait_time": 2.050227397121489,
      "valve_switch_delay": 0.1,
      "overaspirate_vol": 0.0015,
      "stability_info": {
        "pre_stable_count": 5,
        "pre_total_count": 5,
        "post_stable_count": 1,
        "post_total_count": 6,
        "pre_baseline_std": 0.0,
        "post_baseline_std": 0.00037282703764603836
      },
      "retry_count": 0
    },
    "trial_score": 1.112862178940365,
    "trial_quality": "outside_tolerance"
  },
  {
    "measurement_id": "measurement_1769550643840774_1",
    "parameters": {
      "calibration": {
        "overaspirate_vol": 0.0015
      },
      "hardware": {
        "parameters": {
          "aspirate_speed": 10,
          "dispense_speed": 17,
          "aspirate_wait_time": 4.9,
          "dispense_wait_time": 2.050227397121489
        }
      }
    },
    "target_volume_ml": 0.25,
    "measured_volume_ml": 0.23380000000000223,
    "duration_s": 27.62679780041799,
    "timestamp": 1769550643.8407748,
    "replicate_id": 1,
    "metadata": {
      "replicate": 1,
      "volume": 0.23380000000000223,
      "elapsed_s": 27.62679780041799,
      "start_time": "2026-01-27T16:50:16.203881",
      "end_time": "2026-01-27T16:50:43.840774",
      "target_volume_mL": 0.25,
      "measured_volume_mL": 0.23380000000000223,
      "reservoir_index": 1,
      "aspirate_speed": 10,
      "dispense_speed": 17,
      "aspirate_wait_time": 4.9,
      "dispense_wait_time": 2.050227397121489,
      "valve_switch_delay": 0.1,
      "overaspirate_vol": 0.0015,
      "stability_info": {
        "pre_stable_count": 4,
        "pre_total_count": 5,
        "post_stable_count": 6,
        "post_total_count": 6,
        "pre_baseline_std": 0.0004919349550496017,
        "post_baseline_std": 1.9459014222361975e-15
      },
      "retry_count": 0
    },
    "trial_score": 1.112862178940365,
    "trial_quality": "outside_tolerance"
  },
  {
    "measurement_id": "measurement_1769550665164261_1",
    "parameters": {
      "calibration": {
        "overaspirate_vol": 0.0061
      },
      "hardware": {
        "parameters": {
          "aspirate_speed": 17,
          "dispense_speed": 5,
          "aspirate_wait_time": 1.5,
          "dispense_wait_time": 2.802086011506617
        }
      }
    },
    "target_volume_ml": 0.25,
    "measured_volume_ml": 0.2668999999999997,
    "duration_s": 21.30283010005951,
    "timestamp": 1769550665.1642618,
    "replicate_id": 1,
    "metadata": {
      "replicate": 1,
      "volume": 0.2668999999999997,
      "elapsed_s": 21.30283010005951,
      "start_time": "2026-01-27T16:50:43.860211",
      "end_time": "2026-01-27T16:51:05.164261",
      "target_volume_mL": 0.25,
      "measured_volume_mL": 0.2668999999999997,
      "reservoir_index": 1,
      "aspirate_speed": 17,
      "dispense_speed": 5,
      "aspirate_wait_time": 1.5,
      "dispense_wait_time": 2.802086011506617,
      "valve_switch_delay": 0.1,
      "overaspirate_vol": 0.0061,
      "stability_info": {
        "pre_stable_count": 5,
        "pre_total_count": 5,
        "post_stable_count": 1,
        "post_total_count": 6,
        "pre_baseline_std": 0.0,
        "post_baseline_std": 0.0002875181153712109
      },
      "retry_count": 0
    },
    "trial_score": 1.0436857949154648,
    "trial_quality": "outside_tolerance"
  },
  {
    "measurement_id": "measurement_1769550686687842_1",
    "parameters": {
      "calibration": {
        "overaspirate_vol": 0.0061
      },
      "hardware": {
        "parameters": {
          "aspirate_speed": 17,
          "dispense_speed": 5,
          "aspirate_wait_time": 1.5,
          "dispense_wait_time": 2.802086011506617
        }
      }
    },
    "target_volume_ml": 0.25,
    "measured_volume_ml": 0.24881333333333444,
    "duration_s": 21.527360200416297,
    "timestamp": 1769550686.6878428,
    "replicate_id": 1,
    "metadata": {
      "replicate": 1,
      "volume": 0.24881333333333444,
      "elapsed_s": 21.527360200416297,
      "start_time": "2026-01-27T16:51:05.166615",
      "end_time": "2026-01-27T16:51:26.687842",
      "target_volume_mL": 0.25,
      "measured_volume_mL": 0.24881333333333444,
      "reservoir_index": 1,
      "aspirate_speed": 17,
      "dispense_speed": 5,
      "aspirate_wait_time": 1.5,
      "dispense_wait_time": 2.802086011506617,
      "valve_switch_delay": 0.1,
      "overaspirate_vol": 0.0061,
      "stability_info": {
        "pre_stable_count": 5,
        "pre_total_count": 5,
        "post_stable_count": 6,
        "post_total_count": 6,
        "pre_baseline_std": 4.472135954989157e-05,
        "post_baseline_std": 5.1639777949311874e-05
      },
      "retry_count": 0
    },
    "trial_score": 1.0436857949154648,
    "trial_quality": "outside_tolerance"
  },
  {
    "measurement_id": "measurement_1769550708328487_1",
    "parameters": {
      "calibration": {
        "overaspirate_vol": 0.0061
      },
      "hardware": {
        "parameters": {
          "aspirate_speed": 17,
          "dispense_speed": 5,
          "aspirate_wait_time": 1.5,
          "dispense_wait_time": 2.802086011506617
        }
      }
    },
    "target_volume_ml": 0.25,
    "measured_volume_ml": 0.248899999999999,
    "duration_s": 21.63149719964713,
    "timestamp": 1769550708.3284874,
    "replicate_id": 1,
    "metadata": {
      "replicate": 1,
      "volume": 0.248899999999999,
      "elapsed_s": 21.63149719964713,
      "start_time": "2026-01-27T16:51:26.687842",
      "end_time": "2026-01-27T16:51:48.328487",
      "target_volume_mL": 0.25,
      "measured_volume_mL": 0.248899999999999,
      "reservoir_index": 1,
      "aspirate_speed": 17,
      "dispense_speed": 5,
      "aspirate_wait_time": 1.5,
      "dispense_wait_time": 2.802086011506617,
      "valve_switch_delay": 0.1,
      "overaspirate_vol": 0.0061,
      "stability_info": {
        "pre_stable_count": 5,
        "pre_total_count": 5,
        "post_stable_count": 6,
        "post_total_count": 6,
        "pre_baseline_std": 0.0,
        "post_baseline_std": 0.0
      },
      "retry_count": 0
    },
    "trial_score": 1.0436857949154648,
    "trial_quality": "outside_tolerance"
  },
  {
    "measurement_id": "measurement_1769550723187587_1",
    "parameters": {
      "calibration": {
        "overaspirate_vol": 0.0034000000000000002
      },
      "hardware": {
        "parameters": {
          "aspirate_speed": 13,
          "dispense_speed": 7,
          "aspirate_wait_time": 0.2,
          "dispense_wait_time": 0.49520429223775864
        }
      }
    },
    "target_volume_ml": 0.25,
    "measured_volume_ml": 0.2492000000000001,
    "duration_s": 14.86148179974407,
    "timestamp": 1769550723.187587,
    "replicate_id": 1,
    "metadata": {
      "replicate": 1,
      "volume": 0.2492000000000001,
      "elapsed_s": 14.86148179974407,
      "start_time": "2026-01-27T16:51:48.331180",
      "end_time": "2026-01-27T16:52:03.187587",
      "target_volume_mL": 0.25,
      "measured_volume_mL": 0.2492000000000001,
      "reservoir_index": 1,
      "aspirate_speed": 13,
      "dispense_speed": 7,
      "aspirate_wait_time": 0.2,
      "dispense_wait_time": 0.49520429223775864,
      "valve_switch_delay": 0.1,
      "overaspirate_vol": 0.0034000000000000002,
      "stability_info": {
        "pre_stable_count": 5,
        "pre_total_count": 5,
        "post_stable_count": 4,
        "post_total_count": 5,
        "pre_baseline_std": 0.0,
        "post_baseline_std": 1.9860273225978185e-15
      },
      "retry_count": 0
    },
    "trial_score": 0.6775382726657995,
    "trial_quality": "within_tolerance"
  },
  {
    "measurement_id": "measurement_1769550738303213_1",
    "parameters": {
      "calibration": {
        "overaspirate_vol": 0.006699999999999913
      },
      "hardware": {
        "parameters": {
          "aspirate_speed": 13,
          "dispense_speed": 7,
          "aspirate_wait_time": 0.2,
          "dispense_wait_time": 0.49520429223775864
        }
      }
    },
    "target_volume_ml": 0.25,
    "measured_volume_ml": 0.24880000000000102,
    "duration_s": 15.104757599998266,
    "timestamp": 1769550738.3032134,
    "replicate_id": 1,
    "metadata": {
      "replicate": 1,
      "volume": 0.24880000000000102,
      "elapsed_s": 15.104757599998266,
      "start_time": "2026-01-27T16:52:03.187587",
      "end_time": "2026-01-27T16:52:18.302118",
      "target_volume_mL": 0.25,
      "measured_volume_mL": 0.24880000000000102,
      "reservoir_index": 1,
      "aspirate_speed": 13,
      "dispense_speed": 7,
      "aspirate_wait_time": 0.2,
      "dispense_wait_time": 0.49520429223775864,
      "valve_switch_delay": 0.1,
      "overaspirate_vol": 0.006699999999999913,
      "stability_info": {
        "pre_stable_count": 5,
        "pre_total_count": 5,
        "post_stable_count": 1,
        "post_total_count": 5,
        "pre_baseline_std": 0.0,
        "post_baseline_std": 0.0003872983346207564
      },
      "retry_count": 0
    },
    "trial_score": 0.742349191999831,
    "trial_quality": "within_tolerance"
  },
  {
    "measurement_id": "measurement_1769550762665798_1",
    "parameters": {
      "calibration": {
        "overaspirate_vol": 0.0021000000000000003
      },
      "hardware": {
        "parameters": {
          "aspirate_speed": 14,
          "dispense_speed": 10,
          "aspirate_wait_time": 1.5,
          "dispense_wait_time": 0.08743245324006524
        }
      }
    },
    "target_volume_ml": 0.25,
    "measured_volume_ml": 0.24870000000000125,
    "duration_s": 15.620668299961835,
    "timestamp": 1769550762.665798,
    "replicate_id": 1,
    "metadata": {
      "replicate": 1,
      "volume": 0.24870000000000125,
      "elapsed_s": 15.620668299961835,
      "start_time": "2026-01-27T16:52:27.041482",
      "end_time": "2026-01-27T16:52:42.665798",
      "target_volume_mL": 0.25,
      "measured_volume_mL": 0.24870000000000125,
      "reservoir_index": 1,
      "aspirate_speed": 14,
      "dispense_speed": 10,
      "aspirate_wait_time": 1.5,
      "dispense_wait_time": 0.08743245324006524,
      "valve_switch_delay": 0.1,
      "overaspirate_vol": 0.0021000000000000003,
      "stability_info": {
        "pre_stable_count": 5,
        "pre_total_count": 5,
        "post_stable_count": 3,
        "post_total_count": 5,
        "pre_baseline_std": 1.9860273225978185e-15,
        "post_baseline_std": 4.472135954989157e-05
      },
      "retry_count": 0
    },
    "trial_score": 0.2767760535411348,
    "trial_quality": "within_tolerance"
  },
  {
    "measurement_id": "measurement_1769550778423020_1",
    "parameters": {
      "calibration": {
        "overaspirate_vol": 0.0021000000000000003
      },
      "hardware": {
        "parameters": {
          "aspirate_speed": 14,
          "dispense_speed": 10,
          "aspirate_wait_time": 1.5,
          "dispense_wait_time": 0.08743245324006524
        }
      }
    },
    "target_volume_ml": 0.25,
    "measured_volume_ml": 0.2491199999999978,
    "duration_s": 15.75592719996348,
    "timestamp": 1769550778.4230206,
    "replicate_id": 1,
    "metadata": {
      "replicate": 1,
      "volume": 0.2491199999999978,
      "elapsed_s": 15.75592719996348,
      "start_time": "2026-01-27T16:52:42.665798",
      "end_time": "2026-01-27T16:52:58.423020",
      "target_volume_mL": 0.25,
      "measured_volume_mL": 0.2491199999999978,
      "reservoir_index": 1,
      "aspirate_speed": 14,
      "dispense_speed": 10,
      "aspirate_wait_time": 1.5,
      "dispense_wait_time": 0.08743245324006524,
      "valve_switch_delay": 0.1,
      "overaspirate_vol": 0.0021000000000000003,
      "stability_info": {
        "pre_stable_count": 5,
        "pre_total_count": 5,
        "post_stable_count": 2,
        "post_total_count": 5,
        "pre_baseline_std": 4.472135955068598e-05,
        "post_baseline_std": 0.00020736441353339357
      },
      "retry_count": 0
    },
    "trial_score": 0.2767760535411348,
    "trial_quality": "within_tolerance"
  },
  {
    "measurement_id": "measurement_1769550794249726_1",
    "parameters": {
      "calibration": {
        "overaspirate_vol": 0.0021000000000000003
      },
      "hardware": {
        "parameters": {
          "aspirate_speed": 14,
          "dispense_speed": 10,
          "aspirate_wait_time": 1.5,
          "dispense_wait_time": 0.08743245324006524
        }
      }
    },
    "target_volume_ml": 0.25,
    "measured_volume_ml": 0.24879999999999924,
    "duration_s": 15.812316900119185,
    "timestamp": 1769550794.2497268,
    "replicate_id": 1,
    "metadata": {
      "replicate": 1,
      "volume": 0.24879999999999924,
      "elapsed_s": 15.812316900119185,
      "start_time": "2026-01-27T16:52:58.423020",
      "end_time": "2026-01-27T16:53:14.249726",
      "target_volume_mL": 0.25,
      "measured_volume_mL": 0.24879999999999924,
      "reservoir_index": 1,
      "aspirate_speed": 14,
      "dispense_speed": 10,
      "aspirate_wait_time": 1.5,
      "dispense_wait_time": 0.08743245324006524,
      "valve_switch_delay": 0.1,
      "overaspirate_vol": 0.0021000000000000003,
      "stability_info": {
        "pre_stable_count": 5,
        "pre_total_count": 5,
        "post_stable_count": 2,
        "post_total_count": 5,
        "pre_baseline_std": 0.0,
        "post_baseline_std": 0.0004494441010852996
      },
      "retry_count": 0
    },
    "trial_score": 0.2767760535411348,
    "trial_quality": "within_tolerance"
  },
  {
    "measurement_id": "measurement_1769550816156055_1",
    "parameters": {
      "calibration": {
        "overaspirate_vol": 0.009600000000000001
      },
      "hardware": {
        "parameters": {
          "aspirate_speed": 14,
          "dispense_speed": 10,
          "aspirate_wait_time": 0.0,
          "dispense_wait_time": 8.935403928433556e-15
        }
      }
    },
    "target_volume_ml": 0.25,
    "measured_volume_ml": 0.2483000000000004,
    "duration_s": 14.055870500393212,
    "timestamp": 1769550816.156055,
    "replicate_id": 1,
    "metadata": {
      "replicate": 1,
      "volume": 0.2483000000000004,
      "elapsed_s": 14.055870500393212,
      "start_time": "2026-01-27T16:53:22.098187",
      "end_time": "2026-01-27T16:53:36.155054",
      "target_volume_mL": 0.25,
      "measured_volume_mL": 0.2483000000000004,
      "reservoir_index": 1,
      "aspirate_speed": 14,
      "dispense_speed": 10,
      "aspirate_wait_time": 0.0,
      "dispense_wait_time": 8.935403928433556e-15,
      "valve_switch_delay": 0.1,
      "overaspirate_vol": 0.009600000000000001,
      "stability_info": {
        "pre_stable_count": 5,
        "pre_total_count": 5,
        "post_stable_count": 2,
        "post_total_count": 6,
        "pre_baseline_std": 0.0,
        "post_baseline_std": 0.00033862466931212795
      },
      "retry_count": 0
    },
    "trial_score": 0.33386568008609163,
    "trial_quality": "within_tolerance"
  },
  {
    "measurement_id": "measurement_1769550830501940_1",
    "parameters": {
      "calibration": {
        "overaspirate_vol": 0.009600000000000001
      },
      "hardware": {
        "parameters": {
          "aspirate_speed": 14,
          "dispense_speed": 10,
          "aspirate_wait_time": 0.0,
          "dispense_wait_time": 8.935403928433556e-15
        }
      }
    },
    "target_volume_ml": 0.25,
    "measured_volume_ml": 0.24915999999999983,
    "duration_s": 14.343547500204295,
    "timestamp": 1769550830.5019405,
    "replicate_id": 1,
    "metadata": {
      "replicate": 1,
      "volume": 0.24915999999999983,
      "elapsed_s": 14.343547500204295,
      "start_time": "2026-01-27T16:53:36.157095",
      "end_time": "2026-01-27T16:53:50.500934",
      "target_volume_mL": 0.25,
      "measured_volume_mL": 0.24915999999999983,
      "reservoir_index": 1,
      "aspirate_speed": 14,
      "dispense_speed": 10,
      "aspirate_wait_time": 0.0,
      "dispense_wait_time": 8.935403928433556e-15,
      "valve_switch_delay": 0.1,
      "overaspirate_vol": 0.009600000000000001,
      "stability_info": {
        "pre_stable_count": 5,
        "pre_total_count": 5,
        "post_stable_count": 0,
        "post_total_count": 5,
        "pre_baseline_std": 0.0,
        "post_baseline_std": 0.0002607680962083838
      },
      "retry_count": 0
    },
    "trial_score": 0.33386568008609163,
    "trial_quality": "within_tolerance"
  },
  {
    "measurement_id": "measurement_1769550844921717_1",
    "parameters": {
      "calibration": {
        "overaspirate_vol": 0.009600000000000001
      },
      "hardware": {
        "parameters": {
          "aspirate_speed": 14,
          "dispense_speed": 10,
          "aspirate_wait_time": 0.0,
          "dispense_wait_time": 8.935403928433556e-15
        }
      }
    },
    "target_volume_ml": 0.25,
    "measured_volume_ml": 0.24879999999999747,
    "duration_s": 14.42897340003401,
    "timestamp": 1769550844.9217174,
    "replicate_id": 1,
    "metadata": {
      "replicate": 1,
      "volume": 0.24879999999999747,
      "elapsed_s": 14.42897340003401,
      "start_time": "2026-01-27T16:53:50.501940",
      "end_time": "2026-01-27T16:54:04.921717",
      "target_volume_mL": 0.25,
      "measured_volume_mL": 0.24879999999999747,
      "reservoir_index": 1,
      "aspirate_speed": 14,
      "dispense_speed": 10,
      "aspirate_wait_time": 0.0,
      "dispense_wait_time": 8.935403928433556e-15,
      "valve_switch_delay": 0.1,
      "overaspirate_vol": 0.009600000000000001,
      "stability_info": {
        "pre_stable_count": 5,
        "pre_total_count": 5,
        "post_stable_count": 1,
        "post_total_count": 5,
        "pre_baseline_std": 1.9860273225978185e-15,
        "post_baseline_std": 0.0003911521443126778
      },
      "retry_count": 0
    },
    "trial_score": 0.33386568008609163,
    "trial_quality": "within_tolerance"
  },
  {
    "measurement_id": "measurement_1769550861938954_1",
    "parameters": {
      "calibration": {
        "overaspirate_vol": 0.0021000000000000003
      },
      "hardware": {
        "parameters": {
          "aspirate_speed": 14,
          "dispense_speed": 10,
          "aspirate_wait_time": 1.5,
          "dispense_wait_time": 0.08743245324006524
        }
      }
    },
    "target_volume_ml": 0.5,
    "measured_volume_ml": 0.5000500000000052,
    "duration_s": 16.998666900210083,
    "timestamp": 1769550861.9389539,
    "replicate_id": 1,
    "metadata": {
      "replicate": 1,
      "volume": 0.5000500000000052,
      "elapsed_s": 16.998666900210083,
      "start_time": "2026-01-27T16:54:04.953010",
      "end_time": "2026-01-27T16:54:21.938953",
      "target_volume_mL": 0.5,
      "measured_volume_mL": 0.5000500000000052,
      "reservoir_index": 1,
      "aspirate_speed": 14,
      "dispense_speed": 10,
      "aspirate_wait_time": 1.5,
      "dispense_wait_time": 0.08743245324006524,
      "valve_switch_delay": 0.1,
      "overaspirate_vol": 0.0021000000000000003,
      "stability_info": {
        "pre_stable_count": 5,
        "pre_total_count": 5,
        "post_stable_count": 4,
        "post_total_count": 5,
        "pre_baseline_std": 1.9860273225978185e-15,
        "post_baseline_std": 0.0001643167672511669
      },
      "retry_count": 0
    },
    "trial_score": 0.5606622230011172,
    "trial_quality": "within_tolerance"
  },
  {
    "measurement_id": "measurement_1769550878507180_1",
    "parameters": {
      "calibration": {
        "overaspirate_vol": -0.0029500000000052123
      },
      "hardware": {
        "parameters": {
          "aspirate_speed": 14,
          "dispense_speed": 10,
          "aspirate_wait_time": 1.5,
          "dispense_wait_time": 0.08743245324006524
        }
      }
    },
    "target_volume_ml": 0.5,
    "measured_volume_ml": 0.4991599999999998,
    "duration_s": 16.551558999810368,
    "timestamp": 1769550878.5071807,
    "replicate_id": 1,
    "metadata": {
      "replicate": 1,
      "volume": 0.4991599999999998,
      "elapsed_s": 16.551558999810368,
      "start_time": "2026-01-27T16:54:21.955197",
      "end_time": "2026-01-27T16:54:38.507180",
      "target_volume_mL": 0.5,
      "measured_volume_mL": 0.4991599999999998,
      "reservoir_index": 1,
      "aspirate_speed": 14,
      "dispense_speed": 10,
      "aspirate_wait_time": 1.5,
      "dispense_wait_time": 0.08743245324006524,
      "valve_switch_delay": 0.1,
      "overaspirate_vol": -0.0029500000000052123,
      "stability_info": {
        "pre_stable_count": 5,
        "pre_total_count": 5,
        "post_stable_count": 0,
        "post_total_count": 5,
        "pre_baseline_std": 0.0,
        "post_baseline_std": 0.00045055521304170233
      },
      "retry_count": 0
    },
    "trial_score": 0.6223718633327151,
    "trial_quality": "within_tolerance"
  },
  {
    "measurement_id": "measurement_1769550908607642_1",
    "parameters": {
      "calibration": {
        "overaspirate_vol": -0.0012700000000049215
      },
      "hardware": {
        "parameters": {
          "aspirate_speed": 14,
          "dispense_speed": 10,
          "aspirate_wait_time": 1.5,
          "dispense_wait_time": 0.08743245324006524
        }
      }
    },
    "target_volume_ml": 0.5,
    "measured_volume_ml": 0.4798600000000022,
    "duration_s": 19.99866810021922,
    "timestamp": 1769550908.6076424,
    "replicate_id": 1,
    "metadata": {
      "replicate": 1,
      "volume": 0.4798600000000022,
      "elapsed_s": 19.99866810021922,
      "start_time": "2026-01-27T16:54:38.512683",
      "end_time": "2026-01-27T16:55:08.607642",
      "target_volume_mL": 0.5,
      "measured_volume_mL": 0.4798600000000022,
      "reservoir_index": 1,
      "aspirate_speed": 14,
      "dispense_speed": 10,
      "aspirate_wait_time": 1.5,
      "dispense_wait_time": 0.08743245324006524,
      "valve_switch_delay": 0.1,
      "overaspirate_vol": -0.0012700000000049215,
      "stability_info": {
        "pre_stable_count": 0,
        "pre_total_count": 5,
        "post_stable_count": 4,
        "post_total_count": 5,
        "pre_baseline_std": 0.0005079370039682618,
        "post_baseline_std": 8.944271909978314e-05
      },
      "retry_count": 0
    },
    "trial_score": 0.9894836683919197,
    "trial_quality": "outside_tolerance"
  },
  {
    "measurement_id": "measurement_1769550926482305_1",
    "parameters": {
      "calibration": {
        "overaspirate_vol": -0.0012700000000049215
      },
      "hardware": {
        "parameters": {
          "aspirate_speed": 14,
          "dispense_speed": 10,
          "aspirate_wait_time": 1.5,
          "dispense_wait_time": 0.08743245324006524
        }
      }
    },
    "target_volume_ml": 0.5,
    "measured_volume_ml": 0.4967000000000006,
    "duration_s": 17.868608799763024,
    "timestamp": 1769550926.4823055,
    "replicate_id": 1,
    "metadata": {
      "replicate": 1,
      "volume": 0.4967000000000006,
      "elapsed_s": 17.868608799763024,
      "start_time": "2026-01-27T16:55:08.607642",
      "end_time": "2026-01-27T16:55:26.482305",
      "target_volume_mL": 0.5,
      "measured_volume_mL": 0.4967000000000006,
      "reservoir_index": 1,
      "aspirate_speed": 14,
      "dispense_speed": 10,
      "aspirate_wait_time": 1.5,
      "dispense_wait_time": 0.08743245324006524,
      "valve_switch_delay": 0.1,
      "overaspirate_vol": -0.0012700000000049215,
      "stability_info": {
        "pre_stable_count": 1,
        "pre_total_count": 5,
        "post_stable_count": 2,
        "post_total_count": 5,
        "pre_baseline_std": 0.0007635443667526455,
        "post_baseline_std": 0.00015165750888067756
      },
      "retry_count": 0
    },
    "trial_score": 0.9894836683919197,
    "trial_quality": "outside_tolerance"
  },
  {
    "measurement_id": "measurement_1769550943592183_1",
    "parameters": {
      "calibration": {
        "overaspirate_vol": -0.0012700000000049215
      },
      "hardware": {
        "parameters": {
          "aspirate_speed": 14,
          "dispense_speed": 10,
          "aspirate_wait_time": 1.5,
          "dispense_wait_time": 0.08743245324006524
        }
      }
    },
    "target_volume_ml": 0.5,
    "measured_volume_ml": 0.49879999999999924,
    "duration_s": 17.113568099681288,
    "timestamp": 1769550943.5921838,
    "replicate_id": 1,
    "metadata": {
      "replicate": 1,
      "volume": 0.49879999999999924,
      "elapsed_s": 17.113568099681288,
      "start_time": "2026-01-27T16:55:26.483307",
      "end_time": "2026-01-27T16:55:43.592183",
      "target_volume_mL": 0.5,
      "measured_volume_mL": 0.49879999999999924,
      "reservoir_index": 1,
      "aspirate_speed": 14,
      "dispense_speed": 10,
      "aspirate_wait_time": 1.5,
      "dispense_wait_time": 0.08743245324006524,
      "valve_switch_delay": 0.1,
      "overaspirate_vol": -0.0012700000000049215,
      "stability_info": {
        "pre_stable_count": 0,
        "pre_total_count": 5,
        "post_stable_count": 3,
        "post_total_count": 5,
        "pre_baseline_std": 0.0003391164991562588,
        "post_baseline_std": 0.00021908902300228554
      },
      "retry_count": 0
    },
    "trial_score": 0.9894836683919197,
    "trial_quality": "outside_tolerance"
  },
  {
    "measurement_id": "measurement_1769550966545947_1",
    "parameters": {
      "calibration": {
        "overaspirate_vol": -0.004
      },
      "hardware": {
        "parameters": {
          "aspirate_speed": 14,
          "dispense_speed": 10,
          "aspirate_wait_time": 1.5,
          "dispense_wait_time": 0.08743245324006524
        }
      }
    },
    "target_volume_ml": 0.5,
    "measured_volume_ml": 0.4980999999999991,
    "duration_s": 16.931167900096625,
    "timestamp": 1769550966.5459478,
    "replicate_id": 1,
    "metadata": {
      "replicate": 1,
      "volume": 0.4980999999999991,
      "elapsed_s": 16.931167900096625,
      "start_time": "2026-01-27T16:55:49.613301",
      "end_time": "2026-01-27T16:56:06.545947",
      "target_volume_mL": 0.5,
      "measured_volume_mL": 0.4980999999999991,
      "reservoir_index": 1,
      "aspirate_speed": 14,
      "dispense_speed": 10,
      "aspirate_wait_time": 1.5,
      "dispense_wait_time": 0.08743245324006524,
      "valve_switch_delay": 0.1,
      "overaspirate_vol": -0.004,
      "stability_info": {
        "pre_stable_count": 1,
        "pre_total_count": 5,
        "post_stable_count": 3,
        "post_total_count": 5,
        "pre_baseline_std": 0.0006833739825307884,
        "post_baseline_std": 8.944271910057755e-05
      },
      "retry_count": 0
    },
    "trial_score": 0.2202584340157176,
    "trial_quality": "within_tolerance"
  },
  {
    "measurement_id": "measurement_1769550983915071_1",
    "parameters": {
      "calibration": {
        "overaspirate_vol": -0.004
      },
      "hardware": {
        "parameters": {
          "aspirate_speed": 14,
          "dispense_speed": 10,
          "aspirate_wait_time": 1.5,
          "dispense_wait_time": 0.08743245324006524
        }
      }
    },
    "target_volume_ml": 0.5,
    "measured_volume_ml": 0.4985499999999998,
    "duration_s": 17.367655099835247,
    "timestamp": 1769550983.9150712,
    "replicate_id": 1,
    "metadata": {
      "replicate": 1,
      "volume": 0.4985499999999998,
      "elapsed_s": 17.367655099835247,
      "start_time": "2026-01-27T16:56:06.546964",
      "end_time": "2026-01-27T16:56:23.915071",
      "target_volume_mL": 0.5,
      "measured_volume_mL": 0.4985499999999998,
      "reservoir_index": 1,
      "aspirate_speed": 14,
      "dispense_speed": 10,
      "aspirate_wait_time": 1.5,
      "dispense_wait_time": 0.08743245324006524,
      "valve_switch_delay": 0.1,
      "overaspirate_vol": -0.004,
      "stability_info": {
        "pre_stable_count": 2,
        "pre_total_count": 5,
        "post_stable_count": 2,
        "post_total_count": 5,
        "pre_baseline_std": 0.0006730527468188589,
        "post_baseline_std": 0.00015165750888138034
      },
      "retry_count": 0
    },
    "trial_score": 0.2202584340157176,
    "trial_quality": "within_tolerance"
  },
  {
    "measurement_id": "measurement_1769551002909816_1",
    "parameters": {
      "calibration": {
        "overaspirate_vol": -0.004
      },
      "hardware": {
        "parameters": {
          "aspirate_speed": 14,
          "dispense_speed": 10,
          "aspirate_wait_time": 1.5,
          "dispense_wait_time": 0.08743245324006524
        }
      }
    },
    "target_volume_ml": 0.5,
    "measured_volume_ml": 0.49819999999999887,
    "duration_s": 18.994331900030375,
    "timestamp": 1769551002.9098163,
    "replicate_id": 1,
    "metadata": {
      "replicate": 1,
      "volume": 0.49819999999999887,
      "elapsed_s": 18.994331900030375,
      "start_time": "2026-01-27T16:56:23.916249",
      "end_time": "2026-01-27T16:56:42.909816",
      "target_volume_mL": 0.5,
      "measured_volume_mL": 0.49819999999999887,
      "reservoir_index": 1,
      "aspirate_speed": 14,
      "dispense_speed": 10,
      "aspirate_wait_time": 1.5,
      "dispense_wait_time": 0.08743245324006524,
      "valve_switch_delay": 0.1,
      "overaspirate_vol": -0.004,
      "stability_info": {
        "pre_stable_count": 1,
        "pre_total_count": 5,
        "post_stable_count": 5,
        "post_total_count": 5,
        "pre_baseline_std": 0.0007791020472314546,
        "post_baseline_std": 0.0
      },
      "retry_count": 0
    },
    "trial_score": 0.2202584340157176,
    "trial_quality": "within_tolerance"
  },
  {
    "measurement_id": "measurement_1769551018332975_1",
    "parameters": {
      "calibration": {
        "overaspirate_vol": 0.0021000000000000003
      },
      "hardware": {
        "parameters": {
          "aspirate_speed": 14,
          "dispense_speed": 10,
          "aspirate_wait_time": 1.5,
          "dispense_wait_time": 0.08743245324006524
        }
      }
    },
    "target_volume_ml": 0.1,
    "measured_volume_ml": 0.09799999999999898,
    "duration_s": 15.403117400128394,
    "timestamp": 1769551018.3329756,
    "replicate_id": 1,
    "metadata": {
      "replicate": 1,
      "volume": 0.09799999999999898,
      "elapsed_s": 15.403117400128394,
      "start_time": "2026-01-27T16:56:42.922232",
      "end_time": "2026-01-27T16:56:58.332975",
      "target_volume_mL": 0.1,
      "measured_volume_mL": 0.09799999999999898,
      "reservoir_index": 1,
      "aspirate_speed": 14,
      "dispense_speed": 10,
      "aspirate_wait_time": 1.5,
      "dispense_wait_time": 0.08743245324006524,
      "valve_switch_delay": 0.1,
      "overaspirate_vol": 0.0021000000000000003,
      "stability_info": {
        "pre_stable_count": 1,
        "pre_total_count": 5,
        "post_stable_count": 4,
        "post_total_count": 6,
        "pre_baseline_std": 0.0006148170459576743,
        "post_baseline_std": 0.0
      },
      "retry_count": 0
    },
    "trial_score": 0.9513437246671033,
    "trial_quality": "partial_tolerance"
  },
  {
    "measurement_id": "measurement_1769551033761050_1",
    "parameters": {
      "calibration": {
        "overaspirate_vol": 0.006100000000001029
      },
      "hardware": {
        "parameters": {
          "aspirate_speed": 14,
          "dispense_speed": 10,
          "aspirate_wait_time": 1.5,
          "dispense_wait_time": 0.08743245324006524
        }
      }
    },
    "target_volume_ml": 0.1,
    "measured_volume_ml": 0.09919999999999796,
    "duration_s": 15.424249599687755,
    "timestamp": 1769551033.7610502,
    "replicate_id": 1,
    "metadata": {
      "replicate": 1,
      "volume": 0.09919999999999796,
      "elapsed_s": 15.424249599687755,
      "start_time": "2026-01-27T16:56:58.335533",
      "end_time": "2026-01-27T16:57:13.760041",
      "target_volume_mL": 0.1,
      "measured_volume_mL": 0.09919999999999796,
      "reservoir_index": 1,
      "aspirate_speed": 14,
      "dispense_speed": 10,
      "aspirate_wait_time": 1.5,
      "dispense_wait_time": 0.08743245324006524,
      "valve_switch_delay": 0.1,
      "overaspirate_vol": 0.006100000000001029,
      "stability_info": {
        "pre_stable_count": 3,
        "pre_total_count": 5,
        "post_stable_count": 4,
        "post_total_count": 6,
        "pre_baseline_std": 0.0005656854249490187,
        "post_baseline_std": 0.00013662601021247625
      },
      "retry_count": 0
    },
    "trial_score": 0.7114141653327023,
    "trial_quality": "within_tolerance"
  },
  {
    "measurement_id": "measurement_1769551052585497_1",
    "parameters": {
      "calibration": {
        "overaspirate_vol": 0.006100000000002046
      },
      "hardware": {
        "parameters": {
          "aspirate_speed": 14,
          "dispense_speed": 10,
          "aspirate_wait_time": 1.5,
          "dispense_wait_time": 0.08743245324006524
        }
      }
    },
    "target_volume_ml": 0.1,
    "measured_volume_ml": 0.0987000000000009,
    "duration_s": 18.81904109986499,
    "timestamp": 1769551052.5854976,
    "replicate_id": 1,
    "metadata": {
      "replicate": 1,
      "volume": 0.0987000000000009,
      "elapsed_s": 18.81904109986499,
      "start_time": "2026-01-27T16:57:13.764409",
      "end_time": "2026-01-27T16:57:32.585497",
      "target_volume_mL": 0.1,
      "measured_volume_mL": 0.0987000000000009,
      "reservoir_index": 1,
      "aspirate_speed": 14,
      "dispense_speed": 10,
      "aspirate_wait_time": 1.5,
      "dispense_wait_time": 0.08743245324006524,
      "valve_switch_delay": 0.1,
      "overaspirate_vol": 0.006100000000002046,
      "stability_info": {
        "pre_stable_count": 1,
        "pre_total_count": 5,
        "post_stable_count": 2,
        "post_total_count": 6,
        "pre_baseline_std": 0.0007700649323268083,
        "post_baseline_std": 0.0004324349662086068
      },
      "retry_count": 0
    },
    "trial_score": 0.36087726858246505,
    "trial_quality": "within_tolerance"
  },
  {
    "measurement_id": "measurement_1769551068358572_1",
    "parameters": {
      "calibration": {
        "overaspirate_vol": 0.006100000000002046
      },
      "hardware": {
        "parameters": {
          "aspirate_speed": 14,
          "dispense_speed": 10,
          "aspirate_wait_time": 1.5,
          "dispense_wait_time": 0.08743245324006524
        }
      }
    },
    "target_volume_ml": 0.1,
    "measured_volume_ml": 0.09871666666666634,
    "duration_s": 15.780488700140268,
    "timestamp": 1769551068.3585725,
    "replicate_id": 1,
    "metadata": {
      "replicate": 1,
      "volume": 0.09871666666666634,
      "elapsed_s": 15.780488700140268,
      "start_time": "2026-01-27T16:57:32.586936",
      "end_time": "2026-01-27T16:57:48.358572",
      "target_volume_mL": 0.1,
      "measured_volume_mL": 0.09871666666666634,
      "reservoir_index": 1,
      "aspirate_speed": 14,
      "dispense_speed": 10,
      "aspirate_wait_time": 1.5,
      "dispense_wait_time": 0.08743245324006524,
      "valve_switch_delay": 0.1,
      "overaspirate_vol": 0.006100000000002046,
      "stability_info": {
        "pre_stable_count": 3,
        "pre_total_count": 5,
        "post_stable_count": 0,
        "post_total_count": 6,
        "pre_baseline_std": 0.0006519202405203123,
        "post_baseline_std": 0.0002926886855801071
      },
      "retry_count": 0
    },
    "trial_score": 0.36087726858246505,
    "trial_quality": "within_tolerance"
  },
  {
    "measurement_id": "measurement_1769551083827260_1",
    "parameters": {
      "calibration": {
        "overaspirate_vol": 0.006100000000002046
      },
      "hardware": {
        "parameters": {
          "aspirate_speed": 14,
          "dispense_speed": 10,
          "aspirate_wait_time": 1.5,
          "dispense_wait_time": 0.08743245324006524
        }
      }
    },
    "target_volume_ml": 0.1,
    "measured_volume_ml": 0.09929999999999772,
    "duration_s": 15.456641800235957,
    "timestamp": 1769551083.8272607,
    "replicate_id": 1,
    "metadata": {
      "replicate": 1,
      "volume": 0.09929999999999772,
      "elapsed_s": 15.456641800235957,
      "start_time": "2026-01-27T16:57:48.358572",
      "end_time": "2026-01-27T16:58:03.826182",
      "target_volume_mL": 0.1,
      "measured_volume_mL": 0.09929999999999772,
      "reservoir_index": 1,
      "aspirate_speed": 14,
      "dispense_speed": 10,
      "aspirate_wait_time": 1.5,
      "dispense_wait_time": 0.08743245324006524,
      "valve_switch_delay": 0.1,
      "overaspirate_vol": 0.006100000000002046,
      "stability_info": {
        "pre_stable_count": 2,
        "pre_total_count": 5,
        "post_stable_count": 4,
        "post_total_count": 6,
        "pre_baseline_std": 0.000469041575982386,
        "post_baseline_std": 0.00016020819787622713
      },
      "retry_count": 0
    },
    "trial_score": 0.36087726858246505,
    "trial_quality": "within_tolerance"
  },
  {
    "measurement_id": "measurement_1769551098796036_1",
    "parameters": {
      "calibration": {
        "overaspirate_vol": 0.0021000000000000003
      },
      "hardware": {
        "parameters": {
          "aspirate_speed": 14,
          "dispense_speed": 10,
          "aspirate_wait_time": 1.5,
          "dispense_wait_time": 0.08743245324006524
        }
      }
    },
    "target_volume_ml": 0.05,
    "measured_volume_ml": 0.04888000000000048,
    "duration_s": 14.975678599905223,
    "timestamp": 1769551098.7960367,
    "replicate_id": 1,
    "metadata": {
      "replicate": 1,
      "volume": 0.04888000000000048,
      "elapsed_s": 14.975678599905223,
      "start_time": "2026-01-27T16:58:03.832725",
      "end_time": "2026-01-27T16:58:18.796036",
      "target_volume_mL": 0.05,
      "measured_volume_mL": 0.04888000000000048,
      "reservoir_index": 1,
      "aspirate_speed": 14,
      "dispense_speed": 10,
      "aspirate_wait_time": 1.5,
      "dispense_wait_time": 0.08743245324006524,
      "valve_switch_delay": 0.1,
      "overaspirate_vol": 0.0021000000000000003,
      "stability_info": {
        "pre_stable_count": 5,
        "pre_total_count": 5,
        "post_stable_count": 3,
        "post_total_count": 5,
        "pre_baseline_std": 4.472135954989157e-05,
        "post_baseline_std": 0.00010954451150077792
      },
      "retry_count": 0
    },
    "trial_score": 0.8485855953328905,
    "trial_quality": "within_tolerance"
  },
  {
    "measurement_id": "measurement_1769551115331456_1",
    "parameters": {
      "calibration": {
        "overaspirate_vol": 0.004719999999999525
      },
      "hardware": {
        "parameters": {
          "aspirate_speed": 14,
          "dispense_speed": 10,
          "aspirate_wait_time": 1.5,
          "dispense_wait_time": 0.08743245324006524
        }
      }
    },
    "target_volume_ml": 0.05,
    "measured_volume_ml": 0.04980000000000118,
    "duration_s": 16.528538799844682,
    "timestamp": 1769551115.3314567,
    "replicate_id": 1,
    "metadata": {
      "replicate": 1,
      "volume": 0.04980000000000118,
      "elapsed_s": 16.528538799844682,
      "start_time": "2026-01-27T16:58:18.812041",
      "end_time": "2026-01-27T16:58:35.331456",
      "target_volume_mL": 0.05,
      "measured_volume_mL": 0.04980000000000118,
      "reservoir_index": 1,
      "aspirate_speed": 14,
      "dispense_speed": 10,
      "aspirate_wait_time": 1.5,
      "dispense_wait_time": 0.08743245324006524,
      "valve_switch_delay": 0.1,
      "overaspirate_vol": 0.004719999999999525,
      "stability_info": {
        "pre_stable_count": 3,
        "pre_total_count": 5,
        "post_stable_count": 5,
        "post_total_count": 6,
        "pre_baseline_std": 0.0005215361924157798,
        "post_baseline_std": 4.082482904629116e-05
      },
      "retry_count": 0
    },
    "trial_score": 0.608428462665836,
    "trial_quality": "within_tolerance"
  },
  {
    "measurement_id": "measurement_1769551131796348_1",
    "parameters": {
      "calibration": {
        "overaspirate_vol": 0.0043399999999990425
      },
      "hardware": {
        "parameters": {
          "aspirate_speed": 14,
          "dispense_speed": 10,
          "aspirate_wait_time": 1.5,
          "dispense_wait_time": 0.08743245324006524
        }
      }
    },
    "target_volume_ml": 0.05,
    "measured_volume_ml": 0.04870000000000019,
    "duration_s": 16.448978499975055,
    "timestamp": 1769551131.7963483,
    "replicate_id": 1,
    "metadata": {
      "replicate": 1,
      "volume": 0.04870000000000019,
      "elapsed_s": 16.448978499975055,
      "start_time": "2026-01-27T16:58:35.343097",
      "end_time": "2026-01-27T16:58:51.796348",
      "target_volume_mL": 0.05,
      "measured_volume_mL": 0.04870000000000019,
      "reservoir_index": 1,
      "aspirate_speed": 14,
      "dispense_speed": 10,
      "aspirate_wait_time": 1.5,
      "dispense_wait_time": 0.08743245324006524,
      "valve_switch_delay": 0.1,
      "overaspirate_vol": 0.0043399999999990425,
      "stability_info": {
        "pre_stable_count": 1,
        "pre_total_count": 5,
        "post_stable_count": 4,
        "post_total_count": 6,
        "pre_baseline_std": 0.0007197221686176421,
        "post_baseline_std": 0.00034880749227458
      },
      "retry_count": 0
    },
    "trial_score": 0.4776570358009413,
    "trial_quality": "within_tolerance"
  },
  {
    "measurement_id": "measurement_1769551148101029_1",
    "parameters": {
      "calibration": {
        "overaspirate_vol": 0.0043399999999990425
      },
      "hardware": {
        "parameters": {
          "aspirate_speed": 14,
          "dispense_speed": 10,
          "aspirate_wait_time": 1.5,
          "dispense_wait_time": 0.08743245324006524
        }
      }
    },
    "target_volume_ml": 0.05,
    "measured_volume_ml": 0.04849999999999888,
    "duration_s": 16.30992740020156,
    "timestamp": 1769551148.101029,
    "replicate_id": 1,
    "metadata": {
      "replicate": 1,
      "volume": 0.04849999999999888,
      "elapsed_s": 16.30992740020156,
      "start_time": "2026-01-27T16:58:51.796348",
      "end_time": "2026-01-27T16:59:08.101028",
      "target_volume_mL": 0.05,
      "measured_volume_mL": 0.04849999999999888,
      "reservoir_index": 1,
      "aspirate_speed": 14,
      "dispense_speed": 10,
      "aspirate_wait_time": 1.5,
      "dispense_wait_time": 0.08743245324006524,
      "valve_switch_delay": 0.1,
      "overaspirate_vol": 0.0043399999999990425,
      "stability_info": {
        "pre_stable_count": 2,
        "pre_total_count": 5,
        "post_stable_count": 3,
        "post_total_count": 5,
        "pre_baseline_std": 0.000585662018574429,
        "post_baseline_std": 0.00017888543820026142
      },
      "retry_count": 0
    },
    "trial_score": 0.4776570358009413,
    "trial_quality": "within_tolerance"
  },
  {
    "measurement_id": "measurement_1769551163780895_1",
    "parameters": {
      "calibration": {
        "overaspirate_vol": 0.0043399999999990425
      },
      "hardware": {
        "parameters": {
          "aspirate_speed": 14,
          "dispense_speed": 10,
          "aspirate_wait_time": 1.5,
          "dispense_wait_time": 0.08743245324006524
        }
      }
    },
    "target_volume_ml": 0.05,
    "measured_volume_ml": 0.04899999999999949,
    "duration_s": 15.67174470005557,
    "timestamp": 1769551163.780895,
    "replicate_id": 1,
    "metadata": {
      "replicate": 1,
      "volume": 0.04899999999999949,
      "elapsed_s": 15.67174470005557,
      "start_time": "2026-01-27T16:59:08.101028",
      "end_time": "2026-01-27T16:59:23.780895",
      "target_volume_mL": 0.05,
      "measured_volume_mL": 0.04899999999999949,
      "reservoir_index": 1,
      "aspirate_speed": 14,
      "dispense_speed": 10,
      "aspirate_wait_time": 1.5,
      "dispense_wait_time": 0.08743245324006524,
      "valve_switch_delay": 0.1,
      "overaspirate_vol": 0.0043399999999990425,
      "stability_info": {
        "pre_stable_count": 2,
        "pre_total_count": 5,
        "post_stable_count": 6,
        "post_total_count": 6,
        "pre_baseline_std": 0.0007155417528002014,
        "post_baseline_std": 0.0
      },
      "retry_count": 0
    },
    "trial_score": 0.4776570358009413,
    "trial_quality": "within_tolerance"
  }
]