{
  "experiment_type": "calibration_sdl_modular",
  "timestamp": "2025-10-14T16:31:28.608975",
  "liquid": "water",
  "simulate": false,
  "seed": 7,
  "initial_suggestions": 5,
  "batch_size": 1,
  "replicates": 1,
  "precision_replicates": 5,
  "volumes": [
    0.3,
    0.5,
    1.0
  ],
  "max_wells": 96,
  "max_overaspirate_ul": 10.0,
  "new_pipet_each_time_set": false,
  "base_time_seconds": 20,
  "time_scaling_factor": 1.5,
  "time_buffer_fraction": 0.1,
  "adaptive_time_scaling": true,
  "time_transition_mode": "asymmetric",
  "volume_tolerance_ranges": [
    {
      "min_ul": 100,
      "max_ul": 1000,
      "tolerance_pct": 1.0,
      "name": "large_volume"
    },
    {
      "min_ul": 10,
      "max_ul": 100,
      "tolerance_pct": 3.0,
      "name": "medium_volume"
    },
    {
      "min_ul": 1,
      "max_ul": 10,
      "tolerance_pct": 5.0,
      "name": "small_volume"
    },
    {
      "min_ul": 0,
      "max_ul": 1,
      "tolerance_pct": 10.0,
      "name": "micro_volume"
    }
  ],
  "use_selective_optimization": true,
  "use_historical_data_for_optimization": false,
  "volume_dependent_params": [
    "blowout_vol",
    "overaspirate_vol"
  ],
  "all_params": [
    "aspirate_speed",
    "dispense_speed",
    "aspirate_wait_time",
    "dispense_wait_time",
    "retract_speed",
    "blowout_vol",
    "post_asp_air_vol",
    "overaspirate_vol"
  ],
  "use_llm_for_screening": false,
  "use_llm_for_optimization": false,
  "bayesian_model_type": "qEI",
  "input_vial_status_file": "status/calibration_vials_short.csv",
  "slack_available": true,
  "llm_available": true
}