{
  "experiment_name": "multi_volume_calibration_test",
  "simulation_mode": false,
  "total_measurements": 155,
  "total_duration_s": 5743.467360019684,
  "overall_statistics": {
    "num_trials": 39,
    "mean_score": 0.871578415812399,
    "median_score": 0.7779479934116261,
    "min_score": 0.25253790308707347,
    "max_score": 2.0797207824806447,
    "stdev_score": 0.40849080012760547,
    "within_tolerance_count": 11,
    "partial_tolerance_count": 21,
    "outside_tolerance_count": 7,
    "success_rate": 0.28205128205128205
  },
  "volume_count": 4
}