volume_target_ml,volume_target_ul,volume_measured_ml,volume_measured_ul,deviation_pct,precision_cv_pct,duration_s,trials_count,status,measurement_count,calibration_overaspirate_vol,hardware_parameters_aspirate_speed,hardware_parameters_dispense_speed,hardware_parameters_aspirate_wait_time,hardware_parameters_post_asp_air_vol,hardware_parameters_pre_asp_air_vol
0.15,150.0,0.14981600000000056,149.81600000000057,0.30933333333327634,0.5132611552817018,29.906784280017018,24,success,108,0.0098,10,13,8.3,0.005,0.202
0.1,100.0,0.09621999999999957,96.21999999999957,3.780000000000433,0.2432903743656985,28.170539599843323,9,success,33,0.0046,10,13,8.3,0.0,0.159
0.05,50.0,0.050760000000000714,50.760000000000716,1.5200000000014258,1.0502445181459672,33.645538500044495,3,success,7,0.007068194301406915,10,13,8.3,0.0,0.159
0.03,30.0,0.030095333333333585,30.095333333333585,1.0377777777743808,1.3708563889603267,33.509407199919224,3,success,7,0.006254054054056258,10,13,8.3,0.0,0.159
