timestamp,target_volume_ml,measured_volume_ml,measured_volume_ul,deviation_pct,duration_s,strategy,total_measurement_count,aspirate_speed,aspirate_wait_time,blowout_vol,dispense_speed,dispense_wait_time,overaspirate_vol,post_asp_air_vol,post_retract_wait_time,pre_asp_air_vol,retract_speed
1791478918.7994034,0.02,0.03603126525168465,36.03126525168465,80.15632625842326,0.4662635999266058,screening,1,10,10.0,0.0,10,3.0,0.02,0.0,5.0,0.0,5
1791478919.5421386,0.02,0.021731357154911774,21.731357154911773,8.656785774558868,0.4730805999133736,screening,2,10,10.0,0.0,10,3.0,0.0059,0.0,5.0,0.0,5
1791478920.3435073,0.02,0.027624029526840902,27.624029526840904,38.12014763420451,0.4451284999959171,screening,3,10,10.0,0.0,10,3.0,0.012,0.0,5.0,0.0,5
1791478921.159019,0.02,0.03152290860311421,31.522908603114207,57.61454301557103,0.4588643000461161,screening,4,10,10.0,0.0,10,3.0,0.0154,0.0,5.0,0.0,5
1791478922.0181196,0.02,0.03176800695643978,31.768006956439784,58.84003478219891,0.4508406000677496,screening,5,10,10.0,0.0,10,3.0,0.016,0.0,5.0,0.0,5
1791478922.970594,0.02,0.022205821579983687,22.205821579983688,11.029107899918431,0.447554400190711,screening,6,10,10.0,0.0,10,3.0,0.0064,0.0,5.0,0.0,5
1791478923.4527333,0.02,0.027917758610106584,27.917758610106585,39.588793050532914,0.44521400006487966,calibration,7,10,10.0,0.0,10,3.0,0.012,0.0,5.0,0.0,5
1791478923.933883,0.02,0.019295503912913157,19.29550391291316,3.522480435434218,0.43749150005169213,calibration,8,10,10.0,0.0,10,3.0,0.0031822413898934167,0.0,5.0,0.0,5
1791478981.3679905,0.02,0.02039104896832298,20.39104896832298,1.9552448416148942,0.4739071000367403,optimization,9,10,10.0,0.0,10,3.0,0.004,0.0,5.0,0.0,5
1791479026.9372065,0.02,0.0099692264080501,9.9692264080501,50.1538679597495,0.45236220001243055,optimization,10,10,10.0,0.0,10,3.0,-0.006,0.0,5.0,0.0,5
