{
  "experiment_type": "calibration_sdl_modular",
  "timestamp": "2025-10-07T10:43:35.434442",
  "liquid": "glycerol",
  "simulate": true,
  "seed": 7,
  "initial_suggestions": 5,
  "batch_size": 1,
  "replicates": 1,
  "precision_replicates": 5,
  "volumes": [
    0.05,
    0.025,
    0.1,
    0.5
  ],
  "max_wells": 96,
  "max_overvolume_percent": 0.2,
  "new_pipet_each_time_set": true,
  "max_acceptable_deviation": 0.08,
  "max_acceptable_time": 60,
  "max_variation_percent": 10,
  "use_selective_optimization": true,
  "use_historical_data_for_optimization": true,
  "volume_dependent_params": [
    "blowout_vol",
    "overaspirate_vol"
  ],
  "all_params": [
    "aspirate_speed",
    "dispense_speed",
    "aspirate_wait_time",
    "dispense_wait_time",
    "retract_speed",
    "blowout_vol",
    "post_asp_air_vol",
    "overaspirate_vol"
  ],
  "use_llm_for_screening": false,
  "use_llm_for_optimization": false,
  "bayesian_model_type": "qEI",
  "input_vial_status_file": "status/calibration_vials_short.csv",
  "slack_available": true,
  "llm_available": true
}