plate,well,surfactant_a,surfactant_b,conc_a_mm,conc_b_mm,replicate,turbidity,measurement_type
1,60,NaC,TTAB,0.03162277660168379,0.03162277660168379,1,0.0402,recovered
1,61,NaC,TTAB,0.03162277660168379,0.1,1,0.0381,recovered
1,62,NaC,TTAB,0.03162277660168379,0.31622776601683794,1,0.039,recovered
1,63,NaC,TTAB,0.03162277660168379,1.0,1,0.0385,recovered
1,64,NaC,TTAB,0.03162277660168379,3.1622776601683795,1,0.0379,recovered
1,65,NaC,TTAB,0.03162277660168379,10.0,1,0.0394,recovered
1,66,NaC,TTAB,0.1,0.03162277660168379,1,0.0386,recovered
1,67,NaC,TTAB,0.1,0.1,1,0.0391,recovered
1,68,NaC,TTAB,0.1,0.31622776601683794,1,0.0391,recovered
1,69,NaC,TTAB,0.1,1.0,1,0.0391,recovered
1,70,NaC,TTAB,0.1,3.1622776601683795,1,0.04,recovered
1,71,NaC,TTAB,0.1,10.0,1,0.039,recovered
1,72,NaC,TTAB,0.31622776601683794,0.03162277660168379,1,0.0383,recovered
1,73,NaC,TTAB,0.31622776601683794,0.1,1,0.0389,recovered
1,74,NaC,TTAB,0.31622776601683794,0.31622776601683794,1,0.0388,recovered
1,75,NaC,TTAB,0.31622776601683794,1.0,1,0.0382,recovered
1,76,NaC,TTAB,0.31622776601683794,3.1622776601683795,1,0.0389,recovered
1,77,NaC,TTAB,0.31622776601683794,10.0,1,0.0391,recovered
1,78,NaC,TTAB,1.0,0.03162277660168379,1,0.0383,recovered
1,79,NaC,TTAB,1.0,0.1,1,0.0384,recovered
1,80,NaC,TTAB,1.0,0.31622776601683794,1,0.0385,recovered
1,81,NaC,TTAB,1.0,1.0,1,0.0399,recovered
1,82,NaC,TTAB,1.0,3.1622776601683795,1,0.0385,recovered
1,83,NaC,TTAB,1.0,10.0,1,0.0394,recovered
1,84,NaC,TTAB,3.1622776601683795,0.03162277660168379,1,0.039,recovered
1,85,NaC,TTAB,3.1622776601683795,0.1,1,0.0385,recovered
1,86,NaC,TTAB,3.1622776601683795,0.31622776601683794,1,0.0382,recovered
1,87,NaC,TTAB,3.1622776601683795,1.0,1,0.0381,recovered
1,88,NaC,TTAB,3.1622776601683795,3.1622776601683795,1,0.0398,recovered
1,89,NaC,TTAB,3.1622776601683795,10.0,1,0.0382,recovered
1,90,NaC,TTAB,10.0,0.03162277660168379,1,0.0395,recovered
1,91,NaC,TTAB,10.0,0.1,1,0.039,recovered
1,92,NaC,TTAB,10.0,0.31622776601683794,1,0.0388,recovered
1,93,NaC,TTAB,10.0,1.0,1,0.0386,recovered
1,94,NaC,TTAB,10.0,3.1622776601683795,1,0.0384,recovered
1,95,NaC,TTAB,10.0,10.0,1,0.039,recovered
