plate,well,surfactant_a,surfactant_b,conc_a_mm,conc_b_mm,replicate,turbidity,measurement_type
1,24,NaC,DTAB,0.03162277660168379,0.03162277660168379,1,0.0385,recovered
1,25,NaC,DTAB,0.03162277660168379,0.1,1,0.0386,recovered
1,26,NaC,DTAB,0.03162277660168379,0.31622776601683794,1,0.0394,recovered
1,27,NaC,DTAB,0.03162277660168379,1.0,1,0.0396,recovered
1,28,NaC,DTAB,0.03162277660168379,3.1622776601683795,1,0.0395,recovered
1,29,NaC,DTAB,0.03162277660168379,10.0,1,0.0396,recovered
1,30,NaC,DTAB,0.1,0.03162277660168379,1,0.0382,recovered
1,31,NaC,DTAB,0.1,0.1,1,0.0378,recovered
1,32,NaC,DTAB,0.1,0.31622776601683794,1,0.0383,recovered
1,33,NaC,DTAB,0.1,1.0,1,0.0383,recovered
1,34,NaC,DTAB,0.1,3.1622776601683795,1,0.0383,recovered
1,35,NaC,DTAB,0.1,10.0,1,0.0389,recovered
1,36,NaC,DTAB,0.31622776601683794,0.03162277660168379,1,0.0393,recovered
1,37,NaC,DTAB,0.31622776601683794,0.1,1,0.0383,recovered
1,38,NaC,DTAB,0.31622776601683794,0.31622776601683794,1,0.0389,recovered
1,39,NaC,DTAB,0.31622776601683794,1.0,1,0.0385,recovered
1,40,NaC,DTAB,0.31622776601683794,3.1622776601683795,1,0.0381,recovered
1,41,NaC,DTAB,0.31622776601683794,10.0,1,0.0385,recovered
1,42,NaC,DTAB,1.0,0.03162277660168379,1,0.0385,recovered
1,43,NaC,DTAB,1.0,0.1,1,0.0385,recovered
1,44,NaC,DTAB,1.0,0.31622776601683794,1,0.0391,recovered
1,45,NaC,DTAB,1.0,1.0,1,0.039,recovered
1,46,NaC,DTAB,1.0,3.1622776601683795,1,0.0383,recovered
1,47,NaC,DTAB,1.0,10.0,1,0.0388,recovered
1,48,NaC,DTAB,3.1622776601683795,0.03162277660168379,1,0.04,recovered
1,49,NaC,DTAB,3.1622776601683795,0.1,1,0.0385,recovered
1,50,NaC,DTAB,3.1622776601683795,0.31622776601683794,1,0.0398,recovered
1,51,NaC,DTAB,3.1622776601683795,1.0,1,0.0392,recovered
1,52,NaC,DTAB,3.1622776601683795,3.1622776601683795,1,0.0398,recovered
1,53,NaC,DTAB,3.1622776601683795,10.0,1,0.0398,recovered
1,54,NaC,DTAB,10.0,0.03162277660168379,1,0.0385,recovered
1,55,NaC,DTAB,10.0,0.1,1,0.0379,recovered
1,56,NaC,DTAB,10.0,0.31622776601683794,1,0.0382,recovered
1,57,NaC,DTAB,10.0,1.0,1,0.0379,recovered
1,58,NaC,DTAB,10.0,3.1622776601683795,1,0.0389,recovered
1,59,NaC,DTAB,10.0,10.0,1,0.0457,recovered
