{
  "experiment_name": "multi_volume_calibration_test",
  "simulation_mode": false,
  "total_measurements": 188,
  "total_duration_s": 3641.5147659778595,
  "overall_statistics": {
    "num_trials": 67,
    "mean_score": 1.3633551048483419,
    "median_score": 1.0633472276519966,
    "min_score": 0.13732062589258198,
    "max_score": 2.3841466399996234,
    "stdev_score": 0.6965325463543407,
    "within_tolerance_count": 8,
    "partial_tolerance_count": 23,
    "outside_tolerance_count": 36,
    "success_rate": 0.11940298507462686
  },
  "volume_count": 5
}