{
  "surfactant_a": {
    "name": "DTAB",
    "stock_conc_mm": 50,
    "dilution_steps": [
      {
        "vial_name": "DTAB_dilution_3",
        "target_conc_mm": 1.0,
        "final_conc_mm": 1.0,
        "substock_conc_mm": 2.0,
        "source_vial": "DTAB_stock",
        "source_conc_mm": 50,
        "dilution_factor": 25.0,
        "stock_volume_ul": 240.0,
        "water_volume_ul": 5760.0,
        "total_volume_ml": 6,
        "achievable": true,
        "created": true,
        "reused": false
      },
      {
        "vial_name": "DTAB_dilution_4",
        "target_conc_mm": 3.1622776601683795,
        "final_conc_mm": 3.1622776601683795,
        "substock_conc_mm": 6.324555320336759,
        "source_vial": "DTAB_stock",
        "source_conc_mm": 50,
        "dilution_factor": 7.905694150420948,
        "stock_volume_ul": 758.9466384404111,
        "water_volume_ul": 5241.053361559589,
        "total_volume_ml": 6,
        "achievable": true,
        "created": true,
        "reused": false
      },
      {
        "vial_name": "DTAB_dilution_5",
        "target_conc_mm": 10.0,
        "final_conc_mm": 10.0,
        "substock_conc_mm": 20.0,
        "source_vial": "DTAB_stock",
        "source_conc_mm": 50,
        "dilution_factor": 2.5,
        "stock_volume_ul": 2400.0,
        "water_volume_ul": 3600.0,
        "total_volume_ml": 6,
        "achievable": true,
        "created": true,
        "reused": false
      },
      {
        "vial_name": "DTAB_dilution_1",
        "target_conc_mm": 0.1,
        "final_conc_mm": 0.1,
        "substock_conc_mm": 0.2,
        "source_vial": "DTAB_dilution_3",
        "source_conc_mm": 2.0,
        "dilution_factor": 10.0,
        "stock_volume_ul": 600.0,
        "water_volume_ul": 5400.0,
        "total_volume_ml": 6,
        "achievable": true,
        "created": true,
        "reused": false
      },
      {
        "vial_name": "DTAB_dilution_2",
        "target_conc_mm": 0.31622776601683794,
        "final_conc_mm": 0.31622776601683794,
        "substock_conc_mm": 0.6324555320336759,
        "source_vial": "DTAB_dilution_4",
        "source_conc_mm": 6.324555320336759,
        "dilution_factor": 10.0,
        "stock_volume_ul": 600.0,
        "water_volume_ul": 5400.0,
        "total_volume_ml": 6,
        "achievable": true,
        "created": true,
        "reused": false
      },
      {
        "vial_name": "DTAB_dilution_0",
        "target_conc_mm": 0.03162277660168379,
        "final_conc_mm": 0.03162277660168379,
        "substock_conc_mm": 0.06324555320336758,
        "source_vial": "DTAB_dilution_2",
        "source_conc_mm": 0.6324555320336759,
        "dilution_factor": 10.0,
        "stock_volume_ul": 600.0,
        "water_volume_ul": 5400.0,
        "total_volume_ml": 6,
        "achievable": true,
        "created": true,
        "reused": false
      }
    ]
  },
  "surfactant_b": {
    "name": "SDS",
    "stock_conc_mm": 50,
    "dilution_steps": [
      {
        "vial_name": "SDS_dilution_0",
        "target_conc_mm": 0.03162277660168379,
        "final_conc_mm": 0.03162277660168379,
        "achievable": true,
        "created": true,
        "reused": true,
        "source_vial": "Unknown (current session)",
        "source_conc_mm": 0,
        "dilution_factor": 0,
        "stock_volume_ul": 0,
        "water_volume_ul": 0,
        "total_volume_ml": 0
      },
      {
        "vial_name": "SDS_dilution_1",
        "target_conc_mm": 0.1,
        "final_conc_mm": 0.1,
        "achievable": true,
        "created": true,
        "reused": true,
        "source_vial": "Unknown (current session)",
        "source_conc_mm": 0,
        "dilution_factor": 0,
        "stock_volume_ul": 0,
        "water_volume_ul": 0,
        "total_volume_ml": 0
      },
      {
        "vial_name": "SDS_dilution_2",
        "target_conc_mm": 0.31622776601683794,
        "final_conc_mm": 0.31622776601683794,
        "achievable": true,
        "created": true,
        "reused": true,
        "source_vial": "Unknown (current session)",
        "source_conc_mm": 0,
        "dilution_factor": 0,
        "stock_volume_ul": 0,
        "water_volume_ul": 0,
        "total_volume_ml": 0
      },
      {
        "vial_name": "SDS_dilution_3",
        "target_conc_mm": 1.0,
        "final_conc_mm": 1.0,
        "achievable": true,
        "created": true,
        "reused": true,
        "source_vial": "Unknown (current session)",
        "source_conc_mm": 0,
        "dilution_factor": 0,
        "stock_volume_ul": 0,
        "water_volume_ul": 0,
        "total_volume_ml": 0
      },
      {
        "vial_name": "SDS_dilution_4",
        "target_conc_mm": 3.1622776601683795,
        "final_conc_mm": 3.1622776601683795,
        "achievable": true,
        "created": true,
        "reused": true,
        "source_vial": "Unknown (current session)",
        "source_conc_mm": 0,
        "dilution_factor": 0,
        "stock_volume_ul": 0,
        "water_volume_ul": 0,
        "total_volume_ml": 0
      },
      {
        "vial_name": "SDS_dilution_5",
        "target_conc_mm": 10.0,
        "final_conc_mm": 10.0,
        "achievable": true,
        "created": true,
        "reused": true,
        "source_vial": "Unknown (current session)",
        "source_conc_mm": 0,
        "dilution_factor": 0,
        "stock_volume_ul": 0,
        "water_volume_ul": 0,
        "total_volume_ml": 0
      }
    ]
  },
  "well_mixing": {
    "volume_each_ul": 100.0,
    "total_volume_ul": 200
  }
}