{
  "experiment_name": "multi_volume_calibration_test",
  "total_measurements": 71,
  "total_duration_s": 1874.189836025238,
  "overall_statistics": {
    "num_trials": 29,
    "mean_score": 0.8867254408269077,
    "median_score": 0.7445349566043131,
    "min_score": 0.4791254044947021,
    "max_score": 2.0780281099862523,
    "stdev_score": 0.3812738649088185,
    "within_tolerance_count": 8,
    "partial_tolerance_count": 14,
    "outside_tolerance_count": 7,
    "success_rate": 0.27586206896551724
  },
  "volume_count": 3
}