[
  {
    "measurement_id": "measurement_1764715909654392_1",
    "parameters": {
      "calibration": {
        "overaspirate_vol": 0.003
      },
      "hardware": {
        "parameters": {
          "aspirate_speed": 18,
          "dispense_speed": 24,
          "aspirate_wait_time": 1.2000000000000002,
          "retract_speed": 14.100000000000001,
          "blowout_vol": 0.245,
          "post_asp_air_vol": 0.007,
          "pre_asp_air_vol": 0.03
        }
      }
    },
    "target_volume_ml": 0.05,
    "measured_volume_ml": 0.0531,
    "duration_s": 51.73157320008613,
    "timestamp": 1764715909.6543922,
    "replicate_id": 1,
    "metadata": {
      "replicate": 1,
      "volume": 0.0531,
      "elapsed_s": 51.73157320008613,
      "start_time": "2025-12-02T17:50:57.928799",
      "end_time": "2025-12-02T17:51:49.654392",
      "target_volume_mL": 0.05,
      "measured_volume_uL": 53.1,
      "target_volume_uL": 50.0,
      "aspirate_speed": 18,
      "dispense_speed": 24,
      "aspirate_wait_time": 1.2000000000000002,
      "dispense_wait_time": 0.0,
      "pre_asp_air_vol": 0.03,
      "retract_speed": 14.100000000000001,
      "blowout_vol": 0.245,
      "post_asp_air_vol": 0.007,
      "overaspirate_vol": 0.003
    },
    "trial_score": 0.6797501970583684,
    "trial_quality": "partial_tolerance"
  },
  {
    "measurement_id": "measurement_1764715953469688_1",
    "parameters": {
      "calibration": {
        "overaspirate_vol": 0.003
      },
      "hardware": {
        "parameters": {
          "aspirate_speed": 18,
          "dispense_speed": 24,
          "aspirate_wait_time": 1.2000000000000002,
          "retract_speed": 14.100000000000001,
          "blowout_vol": 0.245,
          "post_asp_air_vol": 0.007,
          "pre_asp_air_vol": 0.03
        }
      }
    },
    "target_volume_ml": 0.05,
    "measured_volume_ml": 0.0536,
    "duration_s": 43.80607830011286,
    "timestamp": 1764715953.4696887,
    "replicate_id": 1,
    "metadata": {
      "replicate": 1,
      "volume": 0.0536,
      "elapsed_s": 43.80607830011286,
      "start_time": "2025-12-02T17:51:49.654392",
      "end_time": "2025-12-02T17:52:33.469688",
      "target_volume_mL": 0.05,
      "measured_volume_uL": 53.6,
      "target_volume_uL": 50.0,
      "aspirate_speed": 18,
      "dispense_speed": 24,
      "aspirate_wait_time": 1.2000000000000002,
      "dispense_wait_time": 0.0,
      "pre_asp_air_vol": 0.03,
      "retract_speed": 14.100000000000001,
      "blowout_vol": 0.245,
      "post_asp_air_vol": 0.007,
      "overaspirate_vol": 0.003
    },
    "trial_score": 0.6797501970583684,
    "trial_quality": "partial_tolerance"
  },
  {
    "measurement_id": "measurement_1764715999051713_1",
    "parameters": {
      "calibration": {
        "overaspirate_vol": 0.003
      },
      "hardware": {
        "parameters": {
          "aspirate_speed": 18,
          "dispense_speed": 24,
          "aspirate_wait_time": 1.2000000000000002,
          "retract_speed": 14.100000000000001,
          "blowout_vol": 0.245,
          "post_asp_air_vol": 0.007,
          "pre_asp_air_vol": 0.03
        }
      }
    },
    "target_volume_ml": 0.05,
    "measured_volume_ml": 0.0536,
    "duration_s": 45.58256909996271,
    "timestamp": 1764715999.051713,
    "replicate_id": 1,
    "metadata": {
      "replicate": 1,
      "volume": 0.0536,
      "elapsed_s": 45.58256909996271,
      "start_time": "2025-12-02T17:52:33.469688",
      "end_time": "2025-12-02T17:53:19.051712",
      "target_volume_mL": 0.05,
      "measured_volume_uL": 53.6,
      "target_volume_uL": 50.0,
      "aspirate_speed": 18,
      "dispense_speed": 24,
      "aspirate_wait_time": 1.2000000000000002,
      "dispense_wait_time": 0.0,
      "pre_asp_air_vol": 0.03,
      "retract_speed": 14.100000000000001,
      "blowout_vol": 0.245,
      "post_asp_air_vol": 0.007,
      "overaspirate_vol": 0.003
    },
    "trial_score": 0.6797501970583684,
    "trial_quality": "partial_tolerance"
  },
  {
    "measurement_id": "measurement_1764716024055553_1",
    "parameters": {
      "calibration": {
        "overaspirate_vol": 0.007
      },
      "hardware": {
        "parameters": {
          "aspirate_speed": 17,
          "dispense_speed": 8,
          "aspirate_wait_time": 0.30000000000000004,
          "retract_speed": 4.9,
          "blowout_vol": 0.07200000000000001,
          "post_asp_air_vol": 0.07100000000000001,
          "pre_asp_air_vol": 0.099
        }
      }
    },
    "target_volume_ml": 0.05,
    "measured_volume_ml": 0.05499999999999999,
    "duration_s": 24.986530600115657,
    "timestamp": 1764716024.055553,
    "replicate_id": 1,
    "metadata": {
      "replicate": 1,
      "volume": 0.05499999999999999,
      "elapsed_s": 24.986530600115657,
      "start_time": "2025-12-02T17:53:19.069322",
      "end_time": "2025-12-02T17:53:44.055553",
      "target_volume_mL": 0.05,
      "measured_volume_uL": 54.99999999999999,
      "target_volume_uL": 50.0,
      "aspirate_speed": 17,
      "dispense_speed": 8,
      "aspirate_wait_time": 0.30000000000000004,
      "dispense_wait_time": 0.0,
      "pre_asp_air_vol": 0.099,
      "retract_speed": 4.9,
      "blowout_vol": 0.07200000000000001,
      "post_asp_air_vol": 0.07100000000000001,
      "overaspirate_vol": 0.007
    },
    "trial_score": 0.9415017328337728,
    "trial_quality": "partial_tolerance"
  },
  {
    "measurement_id": "measurement_1764716049854848_1",
    "parameters": {
      "calibration": {
        "overaspirate_vol": 0.007
      },
      "hardware": {
        "parameters": {
          "aspirate_speed": 17,
          "dispense_speed": 8,
          "aspirate_wait_time": 0.30000000000000004,
          "retract_speed": 4.9,
          "blowout_vol": 0.07200000000000001,
          "post_asp_air_vol": 0.07100000000000001,
          "pre_asp_air_vol": 0.099
        }
      }
    },
    "target_volume_ml": 0.05,
    "measured_volume_ml": 0.0543,
    "duration_s": 25.796732199843973,
    "timestamp": 1764716049.8548486,
    "replicate_id": 1,
    "metadata": {
      "replicate": 1,
      "volume": 0.0543,
      "elapsed_s": 25.796732199843973,
      "start_time": "2025-12-02T17:53:44.055553",
      "end_time": "2025-12-02T17:54:09.854848",
      "target_volume_mL": 0.05,
      "measured_volume_uL": 54.300000000000004,
      "target_volume_uL": 50.0,
      "aspirate_speed": 17,
      "dispense_speed": 8,
      "aspirate_wait_time": 0.30000000000000004,
      "dispense_wait_time": 0.0,
      "pre_asp_air_vol": 0.099,
      "retract_speed": 4.9,
      "blowout_vol": 0.07200000000000001,
      "post_asp_air_vol": 0.07100000000000001,
      "overaspirate_vol": 0.007
    },
    "trial_score": 0.9415017328337728,
    "trial_quality": "partial_tolerance"
  },
  {
    "measurement_id": "measurement_1764716075255952_1",
    "parameters": {
      "calibration": {
        "overaspirate_vol": 0.007
      },
      "hardware": {
        "parameters": {
          "aspirate_speed": 17,
          "dispense_speed": 8,
          "aspirate_wait_time": 0.30000000000000004,
          "retract_speed": 4.9,
          "blowout_vol": 0.07200000000000001,
          "post_asp_air_vol": 0.07100000000000001,
          "pre_asp_air_vol": 0.099
        }
      }
    },
    "target_volume_ml": 0.05,
    "measured_volume_ml": 0.052399999999999995,
    "duration_s": 25.397217399906367,
    "timestamp": 1764716075.2559526,
    "replicate_id": 1,
    "metadata": {
      "replicate": 1,
      "volume": 0.052399999999999995,
      "elapsed_s": 25.397217399906367,
      "start_time": "2025-12-02T17:54:09.854848",
      "end_time": "2025-12-02T17:54:35.255952",
      "target_volume_mL": 0.05,
      "measured_volume_uL": 52.4,
      "target_volume_uL": 50.0,
      "aspirate_speed": 17,
      "dispense_speed": 8,
      "aspirate_wait_time": 0.30000000000000004,
      "dispense_wait_time": 0.0,
      "pre_asp_air_vol": 0.099,
      "retract_speed": 4.9,
      "blowout_vol": 0.07200000000000001,
      "post_asp_air_vol": 0.07100000000000001,
      "overaspirate_vol": 0.007
    },
    "trial_score": 0.9415017328337728,
    "trial_quality": "partial_tolerance"
  },
  {
    "measurement_id": "measurement_1764716125464139_1",
    "parameters": {
      "calibration": {
        "overaspirate_vol": 0.004
      },
      "hardware": {
        "parameters": {
          "aspirate_speed": 22,
          "dispense_speed": 16,
          "aspirate_wait_time": 1.9000000000000001,
          "retract_speed": 3.5,
          "blowout_vol": 0.081,
          "post_asp_air_vol": 0.046,
          "pre_asp_air_vol": 0.055
        }
      }
    },
    "target_volume_ml": 0.05,
    "measured_volume_ml": 0.0501,
    "duration_s": 34.782373500056565,
    "timestamp": 1764716125.4641397,
    "replicate_id": 1,
    "metadata": {
      "replicate": 1,
      "volume": 0.0501,
      "elapsed_s": 34.782373500056565,
      "start_time": "2025-12-02T17:54:50.679474",
      "end_time": "2025-12-02T17:55:25.464139",
      "target_volume_mL": 0.05,
      "measured_volume_uL": 50.1,
      "target_volume_uL": 50.0,
      "aspirate_speed": 22,
      "dispense_speed": 16,
      "aspirate_wait_time": 1.9000000000000001,
      "dispense_wait_time": 0.0,
      "pre_asp_air_vol": 0.055,
      "retract_speed": 3.5,
      "blowout_vol": 0.081,
      "post_asp_air_vol": 0.046,
      "overaspirate_vol": 0.004
    },
    "trial_score": 1.1009792904035476,
    "trial_quality": "outside_tolerance"
  },
  {
    "measurement_id": "measurement_1764716152250331_1",
    "parameters": {
      "calibration": {
        "overaspirate_vol": 0.004
      },
      "hardware": {
        "parameters": {
          "aspirate_speed": 22,
          "dispense_speed": 16,
          "aspirate_wait_time": 1.9000000000000001,
          "retract_speed": 3.5,
          "blowout_vol": 0.081,
          "post_asp_air_vol": 0.046,
          "pre_asp_air_vol": 0.055
        }
      }
    },
    "target_volume_ml": 0.05,
    "measured_volume_ml": 0.0563,
    "duration_s": 26.78812939999625,
    "timestamp": 1764716152.2503316,
    "replicate_id": 1,
    "metadata": {
      "replicate": 1,
      "volume": 0.0563,
      "elapsed_s": 26.78812939999625,
      "start_time": "2025-12-02T17:55:25.467305",
      "end_time": "2025-12-02T17:55:52.250331",
      "target_volume_mL": 0.05,
      "measured_volume_uL": 56.300000000000004,
      "target_volume_uL": 50.0,
      "aspirate_speed": 22,
      "dispense_speed": 16,
      "aspirate_wait_time": 1.9000000000000001,
      "dispense_wait_time": 0.0,
      "pre_asp_air_vol": 0.055,
      "retract_speed": 3.5,
      "blowout_vol": 0.081,
      "post_asp_air_vol": 0.046,
      "overaspirate_vol": 0.004
    },
    "trial_score": 1.1009792904035476,
    "trial_quality": "outside_tolerance"
  },
  {
    "measurement_id": "measurement_1764716183061767_1",
    "parameters": {
      "calibration": {
        "overaspirate_vol": 0.004
      },
      "hardware": {
        "parameters": {
          "aspirate_speed": 22,
          "dispense_speed": 16,
          "aspirate_wait_time": 1.9000000000000001,
          "retract_speed": 3.5,
          "blowout_vol": 0.081,
          "post_asp_air_vol": 0.046,
          "pre_asp_air_vol": 0.055
        }
      }
    },
    "target_volume_ml": 0.05,
    "measured_volume_ml": 0.050199999999999995,
    "duration_s": 30.80312109994702,
    "timestamp": 1764716183.061767,
    "replicate_id": 1,
    "metadata": {
      "replicate": 1,
      "volume": 0.050199999999999995,
      "elapsed_s": 30.80312109994702,
      "start_time": "2025-12-02T17:55:52.250331",
      "end_time": "2025-12-02T17:56:23.061185",
      "target_volume_mL": 0.05,
      "measured_volume_uL": 50.199999999999996,
      "target_volume_uL": 50.0,
      "aspirate_speed": 22,
      "dispense_speed": 16,
      "aspirate_wait_time": 1.9000000000000001,
      "dispense_wait_time": 0.0,
      "pre_asp_air_vol": 0.055,
      "retract_speed": 3.5,
      "blowout_vol": 0.081,
      "post_asp_air_vol": 0.046,
      "overaspirate_vol": 0.004
    },
    "trial_score": 1.1009792904035476,
    "trial_quality": "outside_tolerance"
  },
  {
    "measurement_id": "measurement_1764716200256600_1",
    "parameters": {
      "calibration": {
        "overaspirate_vol": 0.0
      },
      "hardware": {
        "parameters": {
          "aspirate_speed": 13,
          "dispense_speed": 11,
          "aspirate_wait_time": 0.6000000000000001,
          "retract_speed": 9.200000000000001,
          "blowout_vol": 0.198,
          "post_asp_air_vol": 0.082,
          "pre_asp_air_vol": 0.022
        }
      }
    },
    "target_volume_ml": 0.05,
    "measured_volume_ml": 0.0513,
    "duration_s": 17.17912909993902,
    "timestamp": 1764716200.2566001,
    "replicate_id": 1,
    "metadata": {
      "replicate": 1,
      "volume": 0.0513,
      "elapsed_s": 17.17912909993902,
      "start_time": "2025-12-02T17:56:23.076638",
      "end_time": "2025-12-02T17:56:40.256600",
      "target_volume_mL": 0.05,
      "measured_volume_uL": 51.3,
      "target_volume_uL": 50.0,
      "aspirate_speed": 13,
      "dispense_speed": 11,
      "aspirate_wait_time": 0.6000000000000001,
      "dispense_wait_time": 0.0,
      "pre_asp_air_vol": 0.022,
      "retract_speed": 9.200000000000001,
      "blowout_vol": 0.198,
      "post_asp_air_vol": 0.082,
      "overaspirate_vol": 0.0
    },
    "trial_score": 1.0417146893547657,
    "trial_quality": "outside_tolerance"
  },
  {
    "measurement_id": "measurement_1764716218266873_1",
    "parameters": {
      "calibration": {
        "overaspirate_vol": 0.0
      },
      "hardware": {
        "parameters": {
          "aspirate_speed": 13,
          "dispense_speed": 11,
          "aspirate_wait_time": 0.6000000000000001,
          "retract_speed": 9.200000000000001,
          "blowout_vol": 0.198,
          "post_asp_air_vol": 0.082,
          "pre_asp_air_vol": 0.022
        }
      }
    },
    "target_volume_ml": 0.05,
    "measured_volume_ml": 0.0462,
    "duration_s": 18.00767370010726,
    "timestamp": 1764716218.2668734,
    "replicate_id": 1,
    "metadata": {
      "replicate": 1,
      "volume": 0.0462,
      "elapsed_s": 18.00767370010726,
      "start_time": "2025-12-02T17:56:40.257878",
      "end_time": "2025-12-02T17:56:58.266873",
      "target_volume_mL": 0.05,
      "measured_volume_uL": 46.199999999999996,
      "target_volume_uL": 50.0,
      "aspirate_speed": 13,
      "dispense_speed": 11,
      "aspirate_wait_time": 0.6000000000000001,
      "dispense_wait_time": 0.0,
      "pre_asp_air_vol": 0.022,
      "retract_speed": 9.200000000000001,
      "blowout_vol": 0.198,
      "post_asp_air_vol": 0.082,
      "overaspirate_vol": 0.0
    },
    "trial_score": 1.0417146893547657,
    "trial_quality": "outside_tolerance"
  },
  {
    "measurement_id": "measurement_1764716237052130_1",
    "parameters": {
      "calibration": {
        "overaspirate_vol": 0.0
      },
      "hardware": {
        "parameters": {
          "aspirate_speed": 13,
          "dispense_speed": 11,
          "aspirate_wait_time": 0.6000000000000001,
          "retract_speed": 9.200000000000001,
          "blowout_vol": 0.198,
          "post_asp_air_vol": 0.082,
          "pre_asp_air_vol": 0.022
        }
      }
    },
    "target_volume_ml": 0.05,
    "measured_volume_ml": 0.0462,
    "duration_s": 18.791340499883518,
    "timestamp": 1764716237.0521305,
    "replicate_id": 1,
    "metadata": {
      "replicate": 1,
      "volume": 0.0462,
      "elapsed_s": 18.791340499883518,
      "start_time": "2025-12-02T17:56:58.269771",
      "end_time": "2025-12-02T17:57:17.052130",
      "target_volume_mL": 0.05,
      "measured_volume_uL": 46.199999999999996,
      "target_volume_uL": 50.0,
      "aspirate_speed": 13,
      "dispense_speed": 11,
      "aspirate_wait_time": 0.6000000000000001,
      "dispense_wait_time": 0.0,
      "pre_asp_air_vol": 0.022,
      "retract_speed": 9.200000000000001,
      "blowout_vol": 0.198,
      "post_asp_air_vol": 0.082,
      "overaspirate_vol": 0.0
    },
    "trial_score": 1.0417146893547657,
    "trial_quality": "outside_tolerance"
  },
  {
    "measurement_id": "measurement_1764716263060910_1",
    "parameters": {
      "calibration": {
        "overaspirate_vol": 0.002
      },
      "hardware": {
        "parameters": {
          "aspirate_speed": 25,
          "dispense_speed": 5,
          "aspirate_wait_time": 0.9,
          "retract_speed": 10.200000000000001,
          "blowout_vol": 0.27,
          "post_asp_air_vol": 0.029,
          "pre_asp_air_vol": 0.066
        }
      }
    },
    "target_volume_ml": 0.05,
    "measured_volume_ml": 0.0476,
    "duration_s": 25.983433600049466,
    "timestamp": 1764716263.06091,
    "replicate_id": 1,
    "metadata": {
      "replicate": 1,
      "volume": 0.0476,
      "elapsed_s": 25.983433600049466,
      "start_time": "2025-12-02T17:57:17.084701",
      "end_time": "2025-12-02T17:57:43.060910",
      "target_volume_mL": 0.05,
      "measured_volume_uL": 47.6,
      "target_volume_uL": 50.0,
      "aspirate_speed": 25,
      "dispense_speed": 5,
      "aspirate_wait_time": 0.9,
      "dispense_wait_time": 0.0,
      "pre_asp_air_vol": 0.066,
      "retract_speed": 10.200000000000001,
      "blowout_vol": 0.27,
      "post_asp_air_vol": 0.029,
      "overaspirate_vol": 0.002
    },
    "trial_score": 0.5644371856976448,
    "trial_quality": "partial_tolerance"
  },
  {
    "measurement_id": "measurement_1764716289268754_1",
    "parameters": {
      "calibration": {
        "overaspirate_vol": 0.002
      },
      "hardware": {
        "parameters": {
          "aspirate_speed": 25,
          "dispense_speed": 5,
          "aspirate_wait_time": 0.9,
          "retract_speed": 10.200000000000001,
          "blowout_vol": 0.27,
          "post_asp_air_vol": 0.029,
          "pre_asp_air_vol": 0.066
        }
      }
    },
    "target_volume_ml": 0.05,
    "measured_volume_ml": 0.047299999999999995,
    "duration_s": 26.19748860015534,
    "timestamp": 1764716289.2687545,
    "replicate_id": 1,
    "metadata": {
      "replicate": 1,
      "volume": 0.047299999999999995,
      "elapsed_s": 26.19748860015534,
      "start_time": "2025-12-02T17:57:43.060910",
      "end_time": "2025-12-02T17:58:09.268754",
      "target_volume_mL": 0.05,
      "measured_volume_uL": 47.3,
      "target_volume_uL": 50.0,
      "aspirate_speed": 25,
      "dispense_speed": 5,
      "aspirate_wait_time": 0.9,
      "dispense_wait_time": 0.0,
      "pre_asp_air_vol": 0.066,
      "retract_speed": 10.200000000000001,
      "blowout_vol": 0.27,
      "post_asp_air_vol": 0.029,
      "overaspirate_vol": 0.002
    },
    "trial_score": 0.5644371856976448,
    "trial_quality": "partial_tolerance"
  },
  {
    "measurement_id": "measurement_1764716315068688_1",
    "parameters": {
      "calibration": {
        "overaspirate_vol": 0.002
      },
      "hardware": {
        "parameters": {
          "aspirate_speed": 25,
          "dispense_speed": 5,
          "aspirate_wait_time": 0.9,
          "retract_speed": 10.200000000000001,
          "blowout_vol": 0.27,
          "post_asp_air_vol": 0.029,
          "pre_asp_air_vol": 0.066
        }
      }
    },
    "target_volume_ml": 0.05,
    "measured_volume_ml": 0.0476,
    "duration_s": 25.797054699854925,
    "timestamp": 1764716315.068688,
    "replicate_id": 1,
    "metadata": {
      "replicate": 1,
      "volume": 0.0476,
      "elapsed_s": 25.797054699854925,
      "start_time": "2025-12-02T17:58:09.271729",
      "end_time": "2025-12-02T17:58:35.068687",
      "target_volume_mL": 0.05,
      "measured_volume_uL": 47.6,
      "target_volume_uL": 50.0,
      "aspirate_speed": 25,
      "dispense_speed": 5,
      "aspirate_wait_time": 0.9,
      "dispense_wait_time": 0.0,
      "pre_asp_air_vol": 0.066,
      "retract_speed": 10.200000000000001,
      "blowout_vol": 0.27,
      "post_asp_air_vol": 0.029,
      "overaspirate_vol": 0.002
    },
    "trial_score": 0.5644371856976448,
    "trial_quality": "partial_tolerance"
  },
  {
    "measurement_id": "measurement_1764716342458379_1",
    "parameters": {
      "calibration": {
        "overaspirate_vol": 0.005
      },
      "hardware": {
        "parameters": {
          "aspirate_speed": 10,
          "dispense_speed": 20,
          "aspirate_wait_time": 1.6,
          "retract_speed": 1.9000000000000001,
          "blowout_vol": 0.012,
          "post_asp_air_vol": 0.093,
          "pre_asp_air_vol": 0.01
        }
      }
    },
    "target_volume_ml": 0.05,
    "measured_volume_ml": 0.05070000000000001,
    "duration_s": 27.382513700053096,
    "timestamp": 1764716342.4583795,
    "replicate_id": 1,
    "metadata": {
      "replicate": 1,
      "volume": 0.05070000000000001,
      "elapsed_s": 27.382513700053096,
      "start_time": "2025-12-02T17:58:35.085019",
      "end_time": "2025-12-02T17:59:02.458379",
      "target_volume_mL": 0.05,
      "measured_volume_uL": 50.70000000000001,
      "target_volume_uL": 50.0,
      "aspirate_speed": 10,
      "dispense_speed": 20,
      "aspirate_wait_time": 1.6,
      "dispense_wait_time": 0.0,
      "pre_asp_air_vol": 0.01,
      "retract_speed": 1.9000000000000001,
      "blowout_vol": 0.012,
      "post_asp_air_vol": 0.093,
      "overaspirate_vol": 0.005
    },
    "trial_score": 0.701358639222034,
    "trial_quality": "within_tolerance"
  },
  {
    "measurement_id": "measurement_1764716370266106_1",
    "parameters": {
      "calibration": {
        "overaspirate_vol": 0.005
      },
      "hardware": {
        "parameters": {
          "aspirate_speed": 10,
          "dispense_speed": 20,
          "aspirate_wait_time": 1.6,
          "retract_speed": 1.9000000000000001,
          "blowout_vol": 0.012,
          "post_asp_air_vol": 0.093,
          "pre_asp_air_vol": 0.01
        }
      }
    },
    "target_volume_ml": 0.05,
    "measured_volume_ml": 0.05179999999999999,
    "duration_s": 27.795581500045955,
    "timestamp": 1764716370.2661068,
    "replicate_id": 1,
    "metadata": {
      "replicate": 1,
      "volume": 0.05179999999999999,
      "elapsed_s": 27.795581500045955,
      "start_time": "2025-12-02T17:59:02.471270",
      "end_time": "2025-12-02T17:59:30.266106",
      "target_volume_mL": 0.05,
      "measured_volume_uL": 51.79999999999999,
      "target_volume_uL": 50.0,
      "aspirate_speed": 10,
      "dispense_speed": 20,
      "aspirate_wait_time": 1.6,
      "dispense_wait_time": 0.0,
      "pre_asp_air_vol": 0.01,
      "retract_speed": 1.9000000000000001,
      "blowout_vol": 0.012,
      "post_asp_air_vol": 0.093,
      "overaspirate_vol": 0.005
    },
    "trial_score": 0.701358639222034,
    "trial_quality": "within_tolerance"
  },
  {
    "measurement_id": "measurement_1764716400252859_1",
    "parameters": {
      "calibration": {
        "overaspirate_vol": 0.005
      },
      "hardware": {
        "parameters": {
          "aspirate_speed": 10,
          "dispense_speed": 20,
          "aspirate_wait_time": 1.6,
          "retract_speed": 1.9000000000000001,
          "blowout_vol": 0.012,
          "post_asp_air_vol": 0.093,
          "pre_asp_air_vol": 0.01
        }
      }
    },
    "target_volume_ml": 0.05,
    "measured_volume_ml": 0.051899999999999995,
    "duration_s": 29.987189600011334,
    "timestamp": 1764716400.2528594,
    "replicate_id": 1,
    "metadata": {
      "replicate": 1,
      "volume": 0.051899999999999995,
      "elapsed_s": 29.987189600011334,
      "start_time": "2025-12-02T17:59:30.270466",
      "end_time": "2025-12-02T18:00:00.252859",
      "target_volume_mL": 0.05,
      "measured_volume_uL": 51.89999999999999,
      "target_volume_uL": 50.0,
      "aspirate_speed": 10,
      "dispense_speed": 20,
      "aspirate_wait_time": 1.6,
      "dispense_wait_time": 0.0,
      "pre_asp_air_vol": 0.01,
      "retract_speed": 1.9000000000000001,
      "blowout_vol": 0.012,
      "post_asp_air_vol": 0.093,
      "overaspirate_vol": 0.005
    },
    "trial_score": 0.701358639222034,
    "trial_quality": "within_tolerance"
  },
  {
    "measurement_id": "measurement_1764716421464389_1",
    "parameters": {
      "calibration": {
        "overaspirate_vol": 0.006
      },
      "hardware": {
        "parameters": {
          "aspirate_speed": 21,
          "dispense_speed": 13,
          "aspirate_wait_time": 0.0,
          "retract_speed": 7.4,
          "blowout_vol": 0.134,
          "post_asp_air_vol": 0.018000000000000002,
          "pre_asp_air_vol": 0.044
        }
      }
    },
    "target_volume_ml": 0.05,
    "measured_volume_ml": 0.0529,
    "duration_s": 21.188883600058034,
    "timestamp": 1764716421.4643896,
    "replicate_id": 1,
    "metadata": {
      "replicate": 1,
      "volume": 0.0529,
      "elapsed_s": 21.188883600058034,
      "start_time": "2025-12-02T18:00:00.278039",
      "end_time": "2025-12-02T18:00:21.464389",
      "target_volume_mL": 0.05,
      "measured_volume_uL": 52.900000000000006,
      "target_volume_uL": 50.0,
      "aspirate_speed": 21,
      "dispense_speed": 13,
      "aspirate_wait_time": 0.0,
      "dispense_wait_time": 0.0,
      "pre_asp_air_vol": 0.044,
      "retract_speed": 7.4,
      "blowout_vol": 0.134,
      "post_asp_air_vol": 0.018000000000000002,
      "overaspirate_vol": 0.006
    },
    "trial_score": 0.6439235066027877,
    "trial_quality": "partial_tolerance"
  },
  {
    "measurement_id": "measurement_1764716443460193_1",
    "parameters": {
      "calibration": {
        "overaspirate_vol": 0.006
      },
      "hardware": {
        "parameters": {
          "aspirate_speed": 21,
          "dispense_speed": 13,
          "aspirate_wait_time": 0.0,
          "retract_speed": 7.4,
          "blowout_vol": 0.134,
          "post_asp_air_vol": 0.018000000000000002,
          "pre_asp_air_vol": 0.044
        }
      }
    },
    "target_volume_ml": 0.05,
    "measured_volume_ml": 0.052000000000000005,
    "duration_s": 21.990232500014827,
    "timestamp": 1764716443.4601934,
    "replicate_id": 1,
    "metadata": {
      "replicate": 1,
      "volume": 0.052000000000000005,
      "elapsed_s": 21.990232500014827,
      "start_time": "2025-12-02T18:00:21.464389",
      "end_time": "2025-12-02T18:00:43.460193",
      "target_volume_mL": 0.05,
      "measured_volume_uL": 52.00000000000001,
      "target_volume_uL": 50.0,
      "aspirate_speed": 21,
      "dispense_speed": 13,
      "aspirate_wait_time": 0.0,
      "dispense_wait_time": 0.0,
      "pre_asp_air_vol": 0.044,
      "retract_speed": 7.4,
      "blowout_vol": 0.134,
      "post_asp_air_vol": 0.018000000000000002,
      "overaspirate_vol": 0.006
    },
    "trial_score": 0.6439235066027877,
    "trial_quality": "partial_tolerance"
  },
  {
    "measurement_id": "measurement_1764716465661539_1",
    "parameters": {
      "calibration": {
        "overaspirate_vol": 0.006
      },
      "hardware": {
        "parameters": {
          "aspirate_speed": 21,
          "dispense_speed": 13,
          "aspirate_wait_time": 0.0,
          "retract_speed": 7.4,
          "blowout_vol": 0.134,
          "post_asp_air_vol": 0.018000000000000002,
          "pre_asp_air_vol": 0.044
        }
      }
    },
    "target_volume_ml": 0.05,
    "measured_volume_ml": 0.0521,
    "duration_s": 22.197720099939033,
    "timestamp": 1764716465.6615393,
    "replicate_id": 1,
    "metadata": {
      "replicate": 1,
      "volume": 0.0521,
      "elapsed_s": 22.197720099939033,
      "start_time": "2025-12-02T18:00:43.461299",
      "end_time": "2025-12-02T18:01:05.661539",
      "target_volume_mL": 0.05,
      "measured_volume_uL": 52.1,
      "target_volume_uL": 50.0,
      "aspirate_speed": 21,
      "dispense_speed": 13,
      "aspirate_wait_time": 0.0,
      "dispense_wait_time": 0.0,
      "pre_asp_air_vol": 0.044,
      "retract_speed": 7.4,
      "blowout_vol": 0.134,
      "post_asp_air_vol": 0.018000000000000002,
      "overaspirate_vol": 0.006
    },
    "trial_score": 0.6439235066027877,
    "trial_quality": "partial_tolerance"
  },
  {
    "measurement_id": "measurement_1764716499265723_1",
    "parameters": {
      "calibration": {
        "overaspirate_vol": 0.003
      },
      "hardware": {
        "parameters": {
          "aspirate_speed": 14,
          "dispense_speed": 18,
          "aspirate_wait_time": 1.5,
          "retract_speed": 12.200000000000001,
          "blowout_vol": 0.186,
          "post_asp_air_vol": 0.054,
          "pre_asp_air_vol": 0.08700000000000001
        }
      }
    },
    "target_volume_ml": 0.05,
    "measured_volume_ml": 0.0524,
    "duration_s": 33.58446550020017,
    "timestamp": 1764716499.265723,
    "replicate_id": 1,
    "metadata": {
      "replicate": 1,
      "volume": 0.0524,
      "elapsed_s": 33.58446550020017,
      "start_time": "2025-12-02T18:01:05.682530",
      "end_time": "2025-12-02T18:01:39.265722",
      "target_volume_mL": 0.05,
      "measured_volume_uL": 52.400000000000006,
      "target_volume_uL": 50.0,
      "aspirate_speed": 14,
      "dispense_speed": 18,
      "aspirate_wait_time": 1.5,
      "dispense_wait_time": 0.0,
      "pre_asp_air_vol": 0.08700000000000001,
      "retract_speed": 12.200000000000001,
      "blowout_vol": 0.186,
      "post_asp_air_vol": 0.054,
      "overaspirate_vol": 0.003
    },
    "trial_score": 0.6143164219314802,
    "trial_quality": "partial_tolerance"
  },
  {
    "measurement_id": "measurement_1764716533464402_1",
    "parameters": {
      "calibration": {
        "overaspirate_vol": 0.003
      },
      "hardware": {
        "parameters": {
          "aspirate_speed": 14,
          "dispense_speed": 18,
          "aspirate_wait_time": 1.5,
          "retract_speed": 12.200000000000001,
          "blowout_vol": 0.186,
          "post_asp_air_vol": 0.054,
          "pre_asp_air_vol": 0.08700000000000001
        }
      }
    },
    "target_volume_ml": 0.05,
    "measured_volume_ml": 0.0523,
    "duration_s": 34.19419170008041,
    "timestamp": 1764716533.4644022,
    "replicate_id": 1,
    "metadata": {
      "replicate": 1,
      "volume": 0.0523,
      "elapsed_s": 34.19419170008041,
      "start_time": "2025-12-02T18:01:39.269336",
      "end_time": "2025-12-02T18:02:13.464402",
      "target_volume_mL": 0.05,
      "measured_volume_uL": 52.3,
      "target_volume_uL": 50.0,
      "aspirate_speed": 14,
      "dispense_speed": 18,
      "aspirate_wait_time": 1.5,
      "dispense_wait_time": 0.0,
      "pre_asp_air_vol": 0.08700000000000001,
      "retract_speed": 12.200000000000001,
      "blowout_vol": 0.186,
      "post_asp_air_vol": 0.054,
      "overaspirate_vol": 0.003
    },
    "trial_score": 0.6143164219314802,
    "trial_quality": "partial_tolerance"
  },
  {
    "measurement_id": "measurement_1764716567661433_1",
    "parameters": {
      "calibration": {
        "overaspirate_vol": 0.003
      },
      "hardware": {
        "parameters": {
          "aspirate_speed": 14,
          "dispense_speed": 18,
          "aspirate_wait_time": 1.5,
          "retract_speed": 12.200000000000001,
          "blowout_vol": 0.186,
          "post_asp_air_vol": 0.054,
          "pre_asp_air_vol": 0.08700000000000001
        }
      }
    },
    "target_volume_ml": 0.05,
    "measured_volume_ml": 0.05279999999999999,
    "duration_s": 34.19407900003716,
    "timestamp": 1764716567.6614335,
    "replicate_id": 1,
    "metadata": {
      "replicate": 1,
      "volume": 0.05279999999999999,
      "elapsed_s": 34.19407900003716,
      "start_time": "2025-12-02T18:02:13.465936",
      "end_time": "2025-12-02T18:02:47.661433",
      "target_volume_mL": 0.05,
      "measured_volume_uL": 52.79999999999999,
      "target_volume_uL": 50.0,
      "aspirate_speed": 14,
      "dispense_speed": 18,
      "aspirate_wait_time": 1.5,
      "dispense_wait_time": 0.0,
      "pre_asp_air_vol": 0.08700000000000001,
      "retract_speed": 12.200000000000001,
      "blowout_vol": 0.186,
      "post_asp_air_vol": 0.054,
      "overaspirate_vol": 0.003
    },
    "trial_score": 0.6143164219314802,
    "trial_quality": "partial_tolerance"
  },
  {
    "measurement_id": "measurement_1764716596864588_1",
    "parameters": {
      "calibration": {
        "overaspirate_vol": 0.002
      },
      "hardware": {
        "parameters": {
          "aspirate_speed": 23,
          "dispense_speed": 15,
          "aspirate_wait_time": 1.6,
          "retract_speed": 5.6000000000000005,
          "blowout_vol": 0.213,
          "post_asp_air_vol": 0.033,
          "pre_asp_air_vol": 0.069
        }
      }
    },
    "target_volume_ml": 0.05,
    "measured_volume_ml": 0.0475,
    "duration_s": 29.186072199838236,
    "timestamp": 1764716596.8645885,
    "replicate_id": 1,
    "metadata": {
      "replicate": 1,
      "volume": 0.0475,
      "elapsed_s": 29.186072199838236,
      "start_time": "2025-12-02T18:02:47.682075",
      "end_time": "2025-12-02T18:03:16.864588",
      "target_volume_mL": 0.05,
      "measured_volume_uL": 47.5,
      "target_volume_uL": 50.0,
      "aspirate_speed": 23,
      "dispense_speed": 15,
      "aspirate_wait_time": 1.6,
      "dispense_wait_time": 0.0,
      "pre_asp_air_vol": 0.069,
      "retract_speed": 5.6000000000000005,
      "blowout_vol": 0.213,
      "post_asp_air_vol": 0.033,
      "overaspirate_vol": 0.002
    },
    "trial_score": 0.9846681393284322,
    "trial_quality": "partial_tolerance"
  },
  {
    "measurement_id": "measurement_1764716623058784_1",
    "parameters": {
      "calibration": {
        "overaspirate_vol": 0.002
      },
      "hardware": {
        "parameters": {
          "aspirate_speed": 23,
          "dispense_speed": 15,
          "aspirate_wait_time": 1.6,
          "retract_speed": 5.6000000000000005,
          "blowout_vol": 0.213,
          "post_asp_air_vol": 0.033,
          "pre_asp_air_vol": 0.069
        }
      }
    },
    "target_volume_ml": 0.05,
    "measured_volume_ml": 0.047099999999999996,
    "duration_s": 26.197512000100687,
    "timestamp": 1764716623.0587847,
    "replicate_id": 1,
    "metadata": {
      "replicate": 1,
      "volume": 0.047099999999999996,
      "elapsed_s": 26.197512000100687,
      "start_time": "2025-12-02T18:03:16.864588",
      "end_time": "2025-12-02T18:03:43.058784",
      "target_volume_mL": 0.05,
      "measured_volume_uL": 47.099999999999994,
      "target_volume_uL": 50.0,
      "aspirate_speed": 23,
      "dispense_speed": 15,
      "aspirate_wait_time": 1.6,
      "dispense_wait_time": 0.0,
      "pre_asp_air_vol": 0.069,
      "retract_speed": 5.6000000000000005,
      "blowout_vol": 0.213,
      "post_asp_air_vol": 0.033,
      "overaspirate_vol": 0.002
    },
    "trial_score": 0.9846681393284322,
    "trial_quality": "partial_tolerance"
  },
  {
    "measurement_id": "measurement_1764716651058840_1",
    "parameters": {
      "calibration": {
        "overaspirate_vol": 0.002
      },
      "hardware": {
        "parameters": {
          "aspirate_speed": 23,
          "dispense_speed": 15,
          "aspirate_wait_time": 1.6,
          "retract_speed": 5.6000000000000005,
          "blowout_vol": 0.213,
          "post_asp_air_vol": 0.033,
          "pre_asp_air_vol": 0.069
        }
      }
    },
    "target_volume_ml": 0.05,
    "measured_volume_ml": 0.051500000000000004,
    "duration_s": 27.988241899991408,
    "timestamp": 1764716651.0588403,
    "replicate_id": 1,
    "metadata": {
      "replicate": 1,
      "volume": 0.051500000000000004,
      "elapsed_s": 27.988241899991408,
      "start_time": "2025-12-02T18:03:43.058784",
      "end_time": "2025-12-02T18:04:11.058840",
      "target_volume_mL": 0.05,
      "measured_volume_uL": 51.50000000000001,
      "target_volume_uL": 50.0,
      "aspirate_speed": 23,
      "dispense_speed": 15,
      "aspirate_wait_time": 1.6,
      "dispense_wait_time": 0.0,
      "pre_asp_air_vol": 0.069,
      "retract_speed": 5.6000000000000005,
      "blowout_vol": 0.213,
      "post_asp_air_vol": 0.033,
      "overaspirate_vol": 0.002
    },
    "trial_score": 0.9846681393284322,
    "trial_quality": "partial_tolerance"
  },
  {
    "measurement_id": "measurement_1764716679467078_1",
    "parameters": {
      "calibration": {
        "overaspirate_vol": 0.006
      },
      "hardware": {
        "parameters": {
          "aspirate_speed": 12,
          "dispense_speed": 20,
          "aspirate_wait_time": 0.9,
          "retract_speed": 13.9,
          "blowout_vol": 0.105,
          "post_asp_air_vol": 0.095,
          "pre_asp_air_vol": 0.001
        }
      }
    },
    "target_volume_ml": 0.05,
    "measured_volume_ml": 0.05639999999999999,
    "duration_s": 28.38715640013106,
    "timestamp": 1764716679.4670782,
    "replicate_id": 1,
    "metadata": {
      "replicate": 1,
      "volume": 0.05639999999999999,
      "elapsed_s": 28.38715640013106,
      "start_time": "2025-12-02T18:04:11.079131",
      "end_time": "2025-12-02T18:04:39.467078",
      "target_volume_mL": 0.05,
      "measured_volume_uL": 56.39999999999999,
      "target_volume_uL": 50.0,
      "aspirate_speed": 12,
      "dispense_speed": 20,
      "aspirate_wait_time": 0.9,
      "dispense_wait_time": 0.0,
      "pre_asp_air_vol": 0.001,
      "retract_speed": 13.9,
      "blowout_vol": 0.105,
      "post_asp_air_vol": 0.095,
      "overaspirate_vol": 0.006
    },
    "trial_score": 2.0780281099862523,
    "trial_quality": "outside_tolerance"
  },
  {
    "measurement_id": "measurement_1764716703664588_1",
    "parameters": {
      "calibration": {
        "overaspirate_vol": 0.002
      },
      "hardware": {
        "parameters": {
          "aspirate_speed": 25,
          "dispense_speed": 5,
          "aspirate_wait_time": 0.9,
          "retract_speed": 10.200000000000001,
          "blowout_vol": 0.27,
          "post_asp_air_vol": 0.029,
          "pre_asp_air_vol": 0.066
        }
      }
    },
    "target_volume_ml": 0.05,
    "measured_volume_ml": 0.046,
    "duration_s": 24.194952700054273,
    "timestamp": 1764716703.6645882,
    "replicate_id": 1,
    "metadata": {
      "replicate": 1,
      "volume": 0.046,
      "elapsed_s": 24.194952700054273,
      "start_time": "2025-12-02T18:04:39.469064",
      "end_time": "2025-12-02T18:05:03.664588",
      "target_volume_mL": 0.05,
      "measured_volume_uL": 46.0,
      "target_volume_uL": 50.0,
      "aspirate_speed": 25,
      "dispense_speed": 5,
      "aspirate_wait_time": 0.9,
      "dispense_wait_time": 0.0,
      "pre_asp_air_vol": 0.066,
      "retract_speed": 10.200000000000001,
      "blowout_vol": 0.27,
      "post_asp_air_vol": 0.029,
      "overaspirate_vol": 0.002
    },
    "trial_score": 1.0232030338228761,
    "trial_quality": "partial_tolerance"
  },
  {
    "measurement_id": "measurement_1764716728666451_1",
    "parameters": {
      "calibration": {
        "overaspirate_vol": 0.007500000000000003
      },
      "hardware": {
        "parameters": {
          "aspirate_speed": 25,
          "dispense_speed": 5,
          "aspirate_wait_time": 0.9,
          "retract_speed": 10.200000000000001,
          "blowout_vol": 0.27,
          "post_asp_air_vol": 0.029,
          "pre_asp_air_vol": 0.066
        }
      }
    },
    "target_volume_ml": 0.05,
    "measured_volume_ml": 0.051300000000000005,
    "duration_s": 24.99642050010152,
    "timestamp": 1764716728.6664515,
    "replicate_id": 1,
    "metadata": {
      "replicate": 1,
      "volume": 0.051300000000000005,
      "elapsed_s": 24.99642050010152,
      "start_time": "2025-12-02T18:05:03.664588",
      "end_time": "2025-12-02T18:05:28.666451",
      "target_volume_mL": 0.05,
      "measured_volume_uL": 51.300000000000004,
      "target_volume_uL": 50.0,
      "aspirate_speed": 25,
      "dispense_speed": 5,
      "aspirate_wait_time": 0.9,
      "dispense_wait_time": 0.0,
      "pre_asp_air_vol": 0.066,
      "retract_speed": 10.200000000000001,
      "blowout_vol": 0.27,
      "post_asp_air_vol": 0.029,
      "overaspirate_vol": 0.007500000000000003
    },
    "trial_score": 0.9299880683336724,
    "trial_quality": "within_tolerance"
  },
  {
    "measurement_id": "measurement_1764716756854269_1",
    "parameters": {
      "calibration": {
        "overaspirate_vol": 0.002
      },
      "hardware": {
        "parameters": {
          "aspirate_speed": 12,
          "dispense_speed": 12,
          "aspirate_wait_time": 0.4,
          "retract_speed": 2.5,
          "blowout_vol": 0.151,
          "post_asp_air_vol": 0.07200000000000001,
          "pre_asp_air_vol": 0.017
        }
      }
    },
    "target_volume_ml": 0.05,
    "measured_volume_ml": 0.0475,
    "duration_s": 19.824781300034374,
    "timestamp": 1764716756.8542693,
    "replicate_id": 1,
    "metadata": {
      "replicate": 1,
      "volume": 0.0475,
      "elapsed_s": 19.824781300034374,
      "start_time": "2025-12-02T18:05:37.040157",
      "end_time": "2025-12-02T18:05:56.854269",
      "target_volume_mL": 0.05,
      "measured_volume_uL": 47.5,
      "target_volume_uL": 50.0,
      "aspirate_speed": 12,
      "dispense_speed": 12,
      "aspirate_wait_time": 0.4,
      "dispense_wait_time": 0.0,
      "pre_asp_air_vol": 0.017,
      "retract_speed": 2.5,
      "blowout_vol": 0.151,
      "post_asp_air_vol": 0.07200000000000001,
      "overaspirate_vol": 0.002
    },
    "trial_score": 0.714498889579132,
    "trial_quality": "partial_tolerance"
  },
  {
    "measurement_id": "measurement_1764716776672882_1",
    "parameters": {
      "calibration": {
        "overaspirate_vol": 0.002
      },
      "hardware": {
        "parameters": {
          "aspirate_speed": 12,
          "dispense_speed": 12,
          "aspirate_wait_time": 0.4,
          "retract_speed": 2.5,
          "blowout_vol": 0.151,
          "post_asp_air_vol": 0.07200000000000001,
          "pre_asp_air_vol": 0.017
        }
      }
    },
    "target_volume_ml": 0.05,
    "measured_volume_ml": 0.0481,
    "duration_s": 19.80366660002619,
    "timestamp": 1764716776.6728823,
    "replicate_id": 1,
    "metadata": {
      "replicate": 1,
      "volume": 0.0481,
      "elapsed_s": 19.80366660002619,
      "start_time": "2025-12-02T18:05:56.869454",
      "end_time": "2025-12-02T18:06:16.672882",
      "target_volume_mL": 0.05,
      "measured_volume_uL": 48.099999999999994,
      "target_volume_uL": 50.0,
      "aspirate_speed": 12,
      "dispense_speed": 12,
      "aspirate_wait_time": 0.4,
      "dispense_wait_time": 0.0,
      "pre_asp_air_vol": 0.017,
      "retract_speed": 2.5,
      "blowout_vol": 0.151,
      "post_asp_air_vol": 0.07200000000000001,
      "overaspirate_vol": 0.002
    },
    "trial_score": 0.714498889579132,
    "trial_quality": "partial_tolerance"
  },
  {
    "measurement_id": "measurement_1764716798661498_1",
    "parameters": {
      "calibration": {
        "overaspirate_vol": 0.002
      },
      "hardware": {
        "parameters": {
          "aspirate_speed": 12,
          "dispense_speed": 12,
          "aspirate_wait_time": 0.4,
          "retract_speed": 2.5,
          "blowout_vol": 0.151,
          "post_asp_air_vol": 0.07200000000000001,
          "pre_asp_air_vol": 0.017
        }
      }
    },
    "target_volume_ml": 0.05,
    "measured_volume_ml": 0.046799999999999994,
    "duration_s": 21.98099060007371,
    "timestamp": 1764716798.661498,
    "replicate_id": 1,
    "metadata": {
      "replicate": 1,
      "volume": 0.046799999999999994,
      "elapsed_s": 21.98099060007371,
      "start_time": "2025-12-02T18:06:16.680636",
      "end_time": "2025-12-02T18:06:38.661498",
      "target_volume_mL": 0.05,
      "measured_volume_uL": 46.8,
      "target_volume_uL": 50.0,
      "aspirate_speed": 12,
      "dispense_speed": 12,
      "aspirate_wait_time": 0.4,
      "dispense_wait_time": 0.0,
      "pre_asp_air_vol": 0.017,
      "retract_speed": 2.5,
      "blowout_vol": 0.151,
      "post_asp_air_vol": 0.07200000000000001,
      "overaspirate_vol": 0.002
    },
    "trial_score": 0.714498889579132,
    "trial_quality": "partial_tolerance"
  },
  {
    "measurement_id": "measurement_1764716826668856_1",
    "parameters": {
      "calibration": {
        "overaspirate_vol": 0.0
      },
      "hardware": {
        "parameters": {
          "aspirate_speed": 14,
          "dispense_speed": 11,
          "aspirate_wait_time": 0.30000000000000004,
          "retract_speed": 9.4,
          "blowout_vol": 0.243,
          "post_asp_air_vol": 0.044,
          "pre_asp_air_vol": 0.06
        }
      }
    },
    "target_volume_ml": 0.05,
    "measured_volume_ml": 0.045599999999999995,
    "duration_s": 20.167870400007814,
    "timestamp": 1764716826.6688564,
    "replicate_id": 1,
    "metadata": {
      "replicate": 1,
      "volume": 0.045599999999999995,
      "elapsed_s": 20.167870400007814,
      "start_time": "2025-12-02T18:06:46.500991",
      "end_time": "2025-12-02T18:07:06.668856",
      "target_volume_mL": 0.05,
      "measured_volume_uL": 45.599999999999994,
      "target_volume_uL": 50.0,
      "aspirate_speed": 14,
      "dispense_speed": 11,
      "aspirate_wait_time": 0.30000000000000004,
      "dispense_wait_time": 0.0,
      "pre_asp_air_vol": 0.06,
      "retract_speed": 9.4,
      "blowout_vol": 0.243,
      "post_asp_air_vol": 0.044,
      "overaspirate_vol": 0.0
    },
    "trial_score": 0.630847141514523,
    "trial_quality": "partial_tolerance"
  },
  {
    "measurement_id": "measurement_1764716846470405_1",
    "parameters": {
      "calibration": {
        "overaspirate_vol": 0.0
      },
      "hardware": {
        "parameters": {
          "aspirate_speed": 14,
          "dispense_speed": 11,
          "aspirate_wait_time": 0.30000000000000004,
          "retract_speed": 9.4,
          "blowout_vol": 0.243,
          "post_asp_air_vol": 0.044,
          "pre_asp_air_vol": 0.06
        }
      }
    },
    "target_volume_ml": 0.05,
    "measured_volume_ml": 0.045399999999999996,
    "duration_s": 19.79838589997962,
    "timestamp": 1764716846.4704058,
    "replicate_id": 1,
    "metadata": {
      "replicate": 1,
      "volume": 0.045399999999999996,
      "elapsed_s": 19.79838589997962,
      "start_time": "2025-12-02T18:07:06.668856",
      "end_time": "2025-12-02T18:07:26.470405",
      "target_volume_mL": 0.05,
      "measured_volume_uL": 45.4,
      "target_volume_uL": 50.0,
      "aspirate_speed": 14,
      "dispense_speed": 11,
      "aspirate_wait_time": 0.30000000000000004,
      "dispense_wait_time": 0.0,
      "pre_asp_air_vol": 0.06,
      "retract_speed": 9.4,
      "blowout_vol": 0.243,
      "post_asp_air_vol": 0.044,
      "overaspirate_vol": 0.0
    },
    "trial_score": 0.630847141514523,
    "trial_quality": "partial_tolerance"
  },
  {
    "measurement_id": "measurement_1764716864672944_1",
    "parameters": {
      "calibration": {
        "overaspirate_vol": 0.0
      },
      "hardware": {
        "parameters": {
          "aspirate_speed": 14,
          "dispense_speed": 11,
          "aspirate_wait_time": 0.30000000000000004,
          "retract_speed": 9.4,
          "blowout_vol": 0.243,
          "post_asp_air_vol": 0.044,
          "pre_asp_air_vol": 0.06
        }
      }
    },
    "target_volume_ml": 0.05,
    "measured_volume_ml": 0.045000000000000005,
    "duration_s": 18.199304200010374,
    "timestamp": 1764716864.6729445,
    "replicate_id": 1,
    "metadata": {
      "replicate": 1,
      "volume": 0.045000000000000005,
      "elapsed_s": 18.199304200010374,
      "start_time": "2025-12-02T18:07:26.470405",
      "end_time": "2025-12-02T18:07:44.672944",
      "target_volume_mL": 0.05,
      "measured_volume_uL": 45.00000000000001,
      "target_volume_uL": 50.0,
      "aspirate_speed": 14,
      "dispense_speed": 11,
      "aspirate_wait_time": 0.30000000000000004,
      "dispense_wait_time": 0.0,
      "pre_asp_air_vol": 0.06,
      "retract_speed": 9.4,
      "blowout_vol": 0.243,
      "post_asp_air_vol": 0.044,
      "overaspirate_vol": 0.0
    },
    "trial_score": 0.630847141514523,
    "trial_quality": "partial_tolerance"
  },
  {
    "measurement_id": "measurement_1764716895671317_1",
    "parameters": {
      "calibration": {
        "overaspirate_vol": 0.004
      },
      "hardware": {
        "parameters": {
          "aspirate_speed": 10,
          "dispense_speed": 12,
          "aspirate_wait_time": 1.3,
          "retract_speed": 1.0,
          "blowout_vol": 0.09,
          "post_asp_air_vol": 0.1,
          "pre_asp_air_vol": 0.01
        }
      }
    },
    "target_volume_ml": 0.05,
    "measured_volume_ml": 0.048,
    "duration_s": 22.352487300056964,
    "timestamp": 1764716895.6713173,
    "replicate_id": 1,
    "metadata": {
      "replicate": 1,
      "volume": 0.048,
      "elapsed_s": 22.352487300056964,
      "start_time": "2025-12-02T18:07:53.319343",
      "end_time": "2025-12-02T18:08:15.671317",
      "target_volume_mL": 0.05,
      "measured_volume_uL": 48.0,
      "target_volume_uL": 50.0,
      "aspirate_speed": 10,
      "dispense_speed": 12,
      "aspirate_wait_time": 1.3,
      "dispense_wait_time": 0.0,
      "pre_asp_air_vol": 0.01,
      "retract_speed": 1.0,
      "blowout_vol": 0.09,
      "post_asp_air_vol": 0.1,
      "overaspirate_vol": 0.004
    },
    "trial_score": 0.6352547595984022,
    "trial_quality": "within_tolerance"
  },
  {
    "measurement_id": "measurement_1764716919664286_1",
    "parameters": {
      "calibration": {
        "overaspirate_vol": 0.004
      },
      "hardware": {
        "parameters": {
          "aspirate_speed": 10,
          "dispense_speed": 12,
          "aspirate_wait_time": 1.3,
          "retract_speed": 1.0,
          "blowout_vol": 0.09,
          "post_asp_air_vol": 0.1,
          "pre_asp_air_vol": 0.01
        }
      }
    },
    "target_volume_ml": 0.05,
    "measured_volume_ml": 0.0488,
    "duration_s": 23.989737400086597,
    "timestamp": 1764716919.6642864,
    "replicate_id": 1,
    "metadata": {
      "replicate": 1,
      "volume": 0.0488,
      "elapsed_s": 23.989737400086597,
      "start_time": "2025-12-02T18:08:15.671317",
      "end_time": "2025-12-02T18:08:39.664286",
      "target_volume_mL": 0.05,
      "measured_volume_uL": 48.800000000000004,
      "target_volume_uL": 50.0,
      "aspirate_speed": 10,
      "dispense_speed": 12,
      "aspirate_wait_time": 1.3,
      "dispense_wait_time": 0.0,
      "pre_asp_air_vol": 0.01,
      "retract_speed": 1.0,
      "blowout_vol": 0.09,
      "post_asp_air_vol": 0.1,
      "overaspirate_vol": 0.004
    },
    "trial_score": 0.6352547595984022,
    "trial_quality": "within_tolerance"
  },
  {
    "measurement_id": "measurement_1764716941673447_1",
    "parameters": {
      "calibration": {
        "overaspirate_vol": 0.004
      },
      "hardware": {
        "parameters": {
          "aspirate_speed": 10,
          "dispense_speed": 12,
          "aspirate_wait_time": 1.3,
          "retract_speed": 1.0,
          "blowout_vol": 0.09,
          "post_asp_air_vol": 0.1,
          "pre_asp_air_vol": 0.01
        }
      }
    },
    "target_volume_ml": 0.05,
    "measured_volume_ml": 0.0491,
    "duration_s": 22.006091400049627,
    "timestamp": 1764716941.6734474,
    "replicate_id": 1,
    "metadata": {
      "replicate": 1,
      "volume": 0.0491,
      "elapsed_s": 22.006091400049627,
      "start_time": "2025-12-02T18:08:39.664286",
      "end_time": "2025-12-02T18:09:01.673447",
      "target_volume_mL": 0.05,
      "measured_volume_uL": 49.099999999999994,
      "target_volume_uL": 50.0,
      "aspirate_speed": 10,
      "dispense_speed": 12,
      "aspirate_wait_time": 1.3,
      "dispense_wait_time": 0.0,
      "pre_asp_air_vol": 0.01,
      "retract_speed": 1.0,
      "blowout_vol": 0.09,
      "post_asp_air_vol": 0.1,
      "overaspirate_vol": 0.004
    },
    "trial_score": 0.6352547595984022,
    "trial_quality": "within_tolerance"
  },
  {
    "measurement_id": "measurement_1764716972863708_1",
    "parameters": {
      "calibration": {
        "overaspirate_vol": 0.006
      },
      "hardware": {
        "parameters": {
          "aspirate_speed": 10,
          "dispense_speed": 11,
          "aspirate_wait_time": 0.8,
          "retract_speed": 1.0,
          "blowout_vol": 0.271,
          "post_asp_air_vol": 0.073,
          "pre_asp_air_vol": 0.009000000000000001
        }
      }
    },
    "target_volume_ml": 0.05,
    "measured_volume_ml": 0.0562,
    "duration_s": 22.3985427999869,
    "timestamp": 1764716972.8637085,
    "replicate_id": 1,
    "metadata": {
      "replicate": 1,
      "volume": 0.0562,
      "elapsed_s": 22.3985427999869,
      "start_time": "2025-12-02T18:09:10.461564",
      "end_time": "2025-12-02T18:09:32.863708",
      "target_volume_mL": 0.05,
      "measured_volume_uL": 56.2,
      "target_volume_uL": 50.0,
      "aspirate_speed": 10,
      "dispense_speed": 11,
      "aspirate_wait_time": 0.8,
      "dispense_wait_time": 0.0,
      "pre_asp_air_vol": 0.009000000000000001,
      "retract_speed": 1.0,
      "blowout_vol": 0.271,
      "post_asp_air_vol": 0.073,
      "overaspirate_vol": 0.006
    },
    "trial_score": 2.0546618093332896,
    "trial_quality": "outside_tolerance"
  },
  {
    "measurement_id": "measurement_1764717007668984_1",
    "parameters": {
      "calibration": {
        "overaspirate_vol": 0.004
      },
      "hardware": {
        "parameters": {
          "aspirate_speed": 25,
          "dispense_speed": 11,
          "aspirate_wait_time": 0.4,
          "retract_speed": 9.200000000000001,
          "blowout_vol": 0.197,
          "post_asp_air_vol": 0.034,
          "pre_asp_air_vol": 0.066
        }
      }
    },
    "target_volume_ml": 0.05,
    "measured_volume_ml": 0.048,
    "duration_s": 26.08241629996337,
    "timestamp": 1764717007.6689844,
    "replicate_id": 1,
    "metadata": {
      "replicate": 1,
      "volume": 0.048,
      "elapsed_s": 26.08241629996337,
      "start_time": "2025-12-02T18:09:41.583673",
      "end_time": "2025-12-02T18:10:07.668984",
      "target_volume_mL": 0.05,
      "measured_volume_uL": 48.0,
      "target_volume_uL": 50.0,
      "aspirate_speed": 25,
      "dispense_speed": 11,
      "aspirate_wait_time": 0.4,
      "dispense_wait_time": 0.0,
      "pre_asp_air_vol": 0.066,
      "retract_speed": 9.200000000000001,
      "blowout_vol": 0.197,
      "post_asp_air_vol": 0.034,
      "overaspirate_vol": 0.004
    },
    "trial_score": 1.056936291075482,
    "trial_quality": "outside_tolerance"
  },
  {
    "measurement_id": "measurement_1764717033261242_1",
    "parameters": {
      "calibration": {
        "overaspirate_vol": 0.004
      },
      "hardware": {
        "parameters": {
          "aspirate_speed": 25,
          "dispense_speed": 11,
          "aspirate_wait_time": 0.4,
          "retract_speed": 9.200000000000001,
          "blowout_vol": 0.197,
          "post_asp_air_vol": 0.034,
          "pre_asp_air_vol": 0.066
        }
      }
    },
    "target_volume_ml": 0.05,
    "measured_volume_ml": 0.047900000000000005,
    "duration_s": 25.5891041001305,
    "timestamp": 1764717033.2612422,
    "replicate_id": 1,
    "metadata": {
      "replicate": 1,
      "volume": 0.047900000000000005,
      "elapsed_s": 25.5891041001305,
      "start_time": "2025-12-02T18:10:07.668984",
      "end_time": "2025-12-02T18:10:33.261242",
      "target_volume_mL": 0.05,
      "measured_volume_uL": 47.900000000000006,
      "target_volume_uL": 50.0,
      "aspirate_speed": 25,
      "dispense_speed": 11,
      "aspirate_wait_time": 0.4,
      "dispense_wait_time": 0.0,
      "pre_asp_air_vol": 0.066,
      "retract_speed": 9.200000000000001,
      "blowout_vol": 0.197,
      "post_asp_air_vol": 0.034,
      "overaspirate_vol": 0.004
    },
    "trial_score": 1.056936291075482,
    "trial_quality": "outside_tolerance"
  },
  {
    "measurement_id": "measurement_1764717058661088_1",
    "parameters": {
      "calibration": {
        "overaspirate_vol": 0.004
      },
      "hardware": {
        "parameters": {
          "aspirate_speed": 25,
          "dispense_speed": 11,
          "aspirate_wait_time": 0.4,
          "retract_speed": 9.200000000000001,
          "blowout_vol": 0.197,
          "post_asp_air_vol": 0.034,
          "pre_asp_air_vol": 0.066
        }
      }
    },
    "target_volume_ml": 0.05,
    "measured_volume_ml": 0.0441,
    "duration_s": 25.39716809988022,
    "timestamp": 1764717058.6610887,
    "replicate_id": 1,
    "metadata": {
      "replicate": 1,
      "volume": 0.0441,
      "elapsed_s": 25.39716809988022,
      "start_time": "2025-12-02T18:10:33.261242",
      "end_time": "2025-12-02T18:10:58.661088",
      "target_volume_mL": 0.05,
      "measured_volume_uL": 44.1,
      "target_volume_uL": 50.0,
      "aspirate_speed": 25,
      "dispense_speed": 11,
      "aspirate_wait_time": 0.4,
      "dispense_wait_time": 0.0,
      "pre_asp_air_vol": 0.066,
      "retract_speed": 9.200000000000001,
      "blowout_vol": 0.197,
      "post_asp_air_vol": 0.034,
      "overaspirate_vol": 0.004
    },
    "trial_score": 1.056936291075482,
    "trial_quality": "outside_tolerance"
  },
  {
    "measurement_id": "measurement_1764717089867675_1",
    "parameters": {
      "calibration": {
        "overaspirate_vol": 0.004
      },
      "hardware": {
        "parameters": {
          "aspirate_speed": 16,
          "dispense_speed": 10,
          "aspirate_wait_time": 1.4000000000000001,
          "retract_speed": 3.6,
          "blowout_vol": 0.105,
          "post_asp_air_vol": 0.076,
          "pre_asp_air_vol": 0.01
        }
      }
    },
    "target_volume_ml": 0.05,
    "measured_volume_ml": 0.0481,
    "duration_s": 21.325473999837413,
    "timestamp": 1764717089.867675,
    "replicate_id": 1,
    "metadata": {
      "replicate": 1,
      "volume": 0.0481,
      "elapsed_s": 21.325473999837413,
      "start_time": "2025-12-02T18:11:08.541716",
      "end_time": "2025-12-02T18:11:29.867675",
      "target_volume_mL": 0.05,
      "measured_volume_uL": 48.099999999999994,
      "target_volume_uL": 50.0,
      "aspirate_speed": 16,
      "dispense_speed": 10,
      "aspirate_wait_time": 1.4000000000000001,
      "dispense_wait_time": 0.0,
      "pre_asp_air_vol": 0.01,
      "retract_speed": 3.6,
      "blowout_vol": 0.105,
      "post_asp_air_vol": 0.076,
      "overaspirate_vol": 0.004
    },
    "trial_score": 0.5916942456198947,
    "trial_quality": "within_tolerance"
  },
  {
    "measurement_id": "measurement_1764717111060722_1",
    "parameters": {
      "calibration": {
        "overaspirate_vol": 0.004
      },
      "hardware": {
        "parameters": {
          "aspirate_speed": 16,
          "dispense_speed": 10,
          "aspirate_wait_time": 1.4000000000000001,
          "retract_speed": 3.6,
          "blowout_vol": 0.105,
          "post_asp_air_vol": 0.076,
          "pre_asp_air_vol": 0.01
        }
      }
    },
    "target_volume_ml": 0.05,
    "measured_volume_ml": 0.0488,
    "duration_s": 21.19038000004366,
    "timestamp": 1764717111.0607228,
    "replicate_id": 1,
    "metadata": {
      "replicate": 1,
      "volume": 0.0488,
      "elapsed_s": 21.19038000004366,
      "start_time": "2025-12-02T18:11:29.867675",
      "end_time": "2025-12-02T18:11:51.060723",
      "target_volume_mL": 0.05,
      "measured_volume_uL": 48.800000000000004,
      "target_volume_uL": 50.0,
      "aspirate_speed": 16,
      "dispense_speed": 10,
      "aspirate_wait_time": 1.4000000000000001,
      "dispense_wait_time": 0.0,
      "pre_asp_air_vol": 0.01,
      "retract_speed": 3.6,
      "blowout_vol": 0.105,
      "post_asp_air_vol": 0.076,
      "overaspirate_vol": 0.004
    },
    "trial_score": 0.5916942456198947,
    "trial_quality": "within_tolerance"
  },
  {
    "measurement_id": "measurement_1764717132062376_1",
    "parameters": {
      "calibration": {
        "overaspirate_vol": 0.004
      },
      "hardware": {
        "parameters": {
          "aspirate_speed": 16,
          "dispense_speed": 10,
          "aspirate_wait_time": 1.4000000000000001,
          "retract_speed": 3.6,
          "blowout_vol": 0.105,
          "post_asp_air_vol": 0.076,
          "pre_asp_air_vol": 0.01
        }
      }
    },
    "target_volume_ml": 0.05,
    "measured_volume_ml": 0.0487,
    "duration_s": 20.998492900049314,
    "timestamp": 1764717132.062376,
    "replicate_id": 1,
    "metadata": {
      "replicate": 1,
      "volume": 0.0487,
      "elapsed_s": 20.998492900049314,
      "start_time": "2025-12-02T18:11:51.060723",
      "end_time": "2025-12-02T18:12:12.062376",
      "target_volume_mL": 0.05,
      "measured_volume_uL": 48.7,
      "target_volume_uL": 50.0,
      "aspirate_speed": 16,
      "dispense_speed": 10,
      "aspirate_wait_time": 1.4000000000000001,
      "dispense_wait_time": 0.0,
      "pre_asp_air_vol": 0.01,
      "retract_speed": 3.6,
      "blowout_vol": 0.105,
      "post_asp_air_vol": 0.076,
      "overaspirate_vol": 0.004
    },
    "trial_score": 0.5916942456198947,
    "trial_quality": "within_tolerance"
  },
  {
    "measurement_id": "measurement_1764717159062183_1",
    "parameters": {
      "calibration": {
        "overaspirate_vol": 0.0
      },
      "hardware": {
        "parameters": {
          "aspirate_speed": 15,
          "dispense_speed": 11,
          "aspirate_wait_time": 1.1,
          "retract_speed": 12.9,
          "blowout_vol": 0.262,
          "post_asp_air_vol": 0.058,
          "pre_asp_air_vol": 0.029
        }
      }
    },
    "target_volume_ml": 0.05,
    "measured_volume_ml": 0.0502,
    "duration_s": 17.76121350005269,
    "timestamp": 1764717159.0621831,
    "replicate_id": 1,
    "metadata": {
      "replicate": 1,
      "volume": 0.0502,
      "elapsed_s": 17.76121350005269,
      "start_time": "2025-12-02T18:12:21.296512",
      "end_time": "2025-12-02T18:12:39.062183",
      "target_volume_mL": 0.05,
      "measured_volume_uL": 50.2,
      "target_volume_uL": 50.0,
      "aspirate_speed": 15,
      "dispense_speed": 11,
      "aspirate_wait_time": 1.1,
      "dispense_wait_time": 0.0,
      "pre_asp_air_vol": 0.029,
      "retract_speed": 12.9,
      "blowout_vol": 0.262,
      "post_asp_air_vol": 0.058,
      "overaspirate_vol": 0.0
    },
    "trial_score": 1.0528603902166649,
    "trial_quality": "outside_tolerance"
  },
  {
    "measurement_id": "measurement_1764717178272591_1",
    "parameters": {
      "calibration": {
        "overaspirate_vol": 0.0
      },
      "hardware": {
        "parameters": {
          "aspirate_speed": 15,
          "dispense_speed": 11,
          "aspirate_wait_time": 1.1,
          "retract_speed": 12.9,
          "blowout_vol": 0.262,
          "post_asp_air_vol": 0.058,
          "pre_asp_air_vol": 0.029
        }
      }
    },
    "target_volume_ml": 0.05,
    "measured_volume_ml": 0.0443,
    "duration_s": 19.207229200052097,
    "timestamp": 1764717178.2725918,
    "replicate_id": 1,
    "metadata": {
      "replicate": 1,
      "volume": 0.0443,
      "elapsed_s": 19.207229200052097,
      "start_time": "2025-12-02T18:12:39.062183",
      "end_time": "2025-12-02T18:12:58.272592",
      "target_volume_mL": 0.05,
      "measured_volume_uL": 44.3,
      "target_volume_uL": 50.0,
      "aspirate_speed": 15,
      "dispense_speed": 11,
      "aspirate_wait_time": 1.1,
      "dispense_wait_time": 0.0,
      "pre_asp_air_vol": 0.029,
      "retract_speed": 12.9,
      "blowout_vol": 0.262,
      "post_asp_air_vol": 0.058,
      "overaspirate_vol": 0.0
    },
    "trial_score": 1.0528603902166649,
    "trial_quality": "outside_tolerance"
  },
  {
    "measurement_id": "measurement_1764717196473304_1",
    "parameters": {
      "calibration": {
        "overaspirate_vol": 0.0
      },
      "hardware": {
        "parameters": {
          "aspirate_speed": 15,
          "dispense_speed": 11,
          "aspirate_wait_time": 1.1,
          "retract_speed": 12.9,
          "blowout_vol": 0.262,
          "post_asp_air_vol": 0.058,
          "pre_asp_air_vol": 0.029
        }
      }
    },
    "target_volume_ml": 0.05,
    "measured_volume_ml": 0.04909999999999999,
    "duration_s": 18.19861049996689,
    "timestamp": 1764717196.4733043,
    "replicate_id": 1,
    "metadata": {
      "replicate": 1,
      "volume": 0.04909999999999999,
      "elapsed_s": 18.19861049996689,
      "start_time": "2025-12-02T18:12:58.272592",
      "end_time": "2025-12-02T18:13:16.473304",
      "target_volume_mL": 0.05,
      "measured_volume_uL": 49.099999999999994,
      "target_volume_uL": 50.0,
      "aspirate_speed": 15,
      "dispense_speed": 11,
      "aspirate_wait_time": 1.1,
      "dispense_wait_time": 0.0,
      "pre_asp_air_vol": 0.029,
      "retract_speed": 12.9,
      "blowout_vol": 0.262,
      "post_asp_air_vol": 0.058,
      "overaspirate_vol": 0.0
    },
    "trial_score": 1.0528603902166649,
    "trial_quality": "outside_tolerance"
  },
  {
    "measurement_id": "measurement_1764717226464953_1",
    "parameters": {
      "calibration": {
        "overaspirate_vol": 0.001
      },
      "hardware": {
        "parameters": {
          "aspirate_speed": 14,
          "dispense_speed": 10,
          "aspirate_wait_time": 0.9,
          "retract_speed": 3.9000000000000004,
          "blowout_vol": 0.115,
          "post_asp_air_vol": 0.068,
          "pre_asp_air_vol": 0.016
        }
      }
    },
    "target_volume_ml": 0.05,
    "measured_volume_ml": 0.0456,
    "duration_s": 19.997157000005245,
    "timestamp": 1764717226.4649537,
    "replicate_id": 1,
    "metadata": {
      "replicate": 1,
      "volume": 0.0456,
      "elapsed_s": 19.997157000005245,
      "start_time": "2025-12-02T18:13:26.454239",
      "end_time": "2025-12-02T18:13:46.464953",
      "target_volume_mL": 0.05,
      "measured_volume_uL": 45.6,
      "target_volume_uL": 50.0,
      "aspirate_speed": 14,
      "dispense_speed": 10,
      "aspirate_wait_time": 0.9,
      "dispense_wait_time": 0.0,
      "pre_asp_air_vol": 0.016,
      "retract_speed": 3.9000000000000004,
      "blowout_vol": 0.115,
      "post_asp_air_vol": 0.068,
      "overaspirate_vol": 0.001
    },
    "trial_score": 0.5875162171349014,
    "trial_quality": "partial_tolerance"
  },
  {
    "measurement_id": "measurement_1764717245066682_1",
    "parameters": {
      "calibration": {
        "overaspirate_vol": 0.001
      },
      "hardware": {
        "parameters": {
          "aspirate_speed": 14,
          "dispense_speed": 10,
          "aspirate_wait_time": 0.9,
          "retract_speed": 3.9000000000000004,
          "blowout_vol": 0.115,
          "post_asp_air_vol": 0.068,
          "pre_asp_air_vol": 0.016
        }
      }
    },
    "target_volume_ml": 0.05,
    "measured_volume_ml": 0.045899999999999996,
    "duration_s": 18.59885139996186,
    "timestamp": 1764717245.0666826,
    "replicate_id": 1,
    "metadata": {
      "replicate": 1,
      "volume": 0.045899999999999996,
      "elapsed_s": 18.59885139996186,
      "start_time": "2025-12-02T18:13:46.464953",
      "end_time": "2025-12-02T18:14:05.066682",
      "target_volume_mL": 0.05,
      "measured_volume_uL": 45.9,
      "target_volume_uL": 50.0,
      "aspirate_speed": 14,
      "dispense_speed": 10,
      "aspirate_wait_time": 0.9,
      "dispense_wait_time": 0.0,
      "pre_asp_air_vol": 0.016,
      "retract_speed": 3.9000000000000004,
      "blowout_vol": 0.115,
      "post_asp_air_vol": 0.068,
      "overaspirate_vol": 0.001
    },
    "trial_score": 0.5875162171349014,
    "trial_quality": "partial_tolerance"
  },
  {
    "measurement_id": "measurement_1764717266260375_1",
    "parameters": {
      "calibration": {
        "overaspirate_vol": 0.001
      },
      "hardware": {
        "parameters": {
          "aspirate_speed": 14,
          "dispense_speed": 10,
          "aspirate_wait_time": 0.9,
          "retract_speed": 3.9000000000000004,
          "blowout_vol": 0.115,
          "post_asp_air_vol": 0.068,
          "pre_asp_air_vol": 0.016
        }
      }
    },
    "target_volume_ml": 0.05,
    "measured_volume_ml": 0.046,
    "duration_s": 21.190272300038487,
    "timestamp": 1764717266.2603757,
    "replicate_id": 1,
    "metadata": {
      "replicate": 1,
      "volume": 0.046,
      "elapsed_s": 21.190272300038487,
      "start_time": "2025-12-02T18:14:05.066682",
      "end_time": "2025-12-02T18:14:26.260375",
      "target_volume_mL": 0.05,
      "measured_volume_uL": 46.0,
      "target_volume_uL": 50.0,
      "aspirate_speed": 14,
      "dispense_speed": 10,
      "aspirate_wait_time": 0.9,
      "dispense_wait_time": 0.0,
      "pre_asp_air_vol": 0.016,
      "retract_speed": 3.9000000000000004,
      "blowout_vol": 0.115,
      "post_asp_air_vol": 0.068,
      "overaspirate_vol": 0.001
    },
    "trial_score": 0.5875162171349014,
    "trial_quality": "partial_tolerance"
  },
  {
    "measurement_id": "measurement_1764717296075343_1",
    "parameters": {
      "calibration": {
        "overaspirate_vol": 0.004
      },
      "hardware": {
        "parameters": {
          "aspirate_speed": 13,
          "dispense_speed": 11,
          "aspirate_wait_time": 1.5,
          "retract_speed": 5.2,
          "blowout_vol": 0.147,
          "post_asp_air_vol": 0.084,
          "pre_asp_air_vol": 0.029
        }
      }
    },
    "target_volume_ml": 0.05,
    "measured_volume_ml": 0.049499999999999995,
    "duration_s": 19.79485519998707,
    "timestamp": 1764717296.0753431,
    "replicate_id": 1,
    "metadata": {
      "replicate": 1,
      "volume": 0.049499999999999995,
      "elapsed_s": 19.79485519998707,
      "start_time": "2025-12-02T18:14:36.280479",
      "end_time": "2025-12-02T18:14:56.075343",
      "target_volume_mL": 0.05,
      "measured_volume_uL": 49.49999999999999,
      "target_volume_uL": 50.0,
      "aspirate_speed": 13,
      "dispense_speed": 11,
      "aspirate_wait_time": 1.5,
      "dispense_wait_time": 0.0,
      "pre_asp_air_vol": 0.029,
      "retract_speed": 5.2,
      "blowout_vol": 0.147,
      "post_asp_air_vol": 0.084,
      "overaspirate_vol": 0.004
    },
    "trial_score": 0.4791254044947021,
    "trial_quality": "within_tolerance"
  },
  {
    "measurement_id": "measurement_1764717315669052_1",
    "parameters": {
      "calibration": {
        "overaspirate_vol": 0.004
      },
      "hardware": {
        "parameters": {
          "aspirate_speed": 13,
          "dispense_speed": 11,
          "aspirate_wait_time": 1.5,
          "retract_speed": 5.2,
          "blowout_vol": 0.147,
          "post_asp_air_vol": 0.084,
          "pre_asp_air_vol": 0.029
        }
      }
    },
    "target_volume_ml": 0.05,
    "measured_volume_ml": 0.048799999999999996,
    "duration_s": 19.59090570011176,
    "timestamp": 1764717315.6690526,
    "replicate_id": 1,
    "metadata": {
      "replicate": 1,
      "volume": 0.048799999999999996,
      "elapsed_s": 19.59090570011176,
      "start_time": "2025-12-02T18:14:56.075343",
      "end_time": "2025-12-02T18:15:15.669052",
      "target_volume_mL": 0.05,
      "measured_volume_uL": 48.8,
      "target_volume_uL": 50.0,
      "aspirate_speed": 13,
      "dispense_speed": 11,
      "aspirate_wait_time": 1.5,
      "dispense_wait_time": 0.0,
      "pre_asp_air_vol": 0.029,
      "retract_speed": 5.2,
      "blowout_vol": 0.147,
      "post_asp_air_vol": 0.084,
      "overaspirate_vol": 0.004
    },
    "trial_score": 0.4791254044947021,
    "trial_quality": "within_tolerance"
  },
  {
    "measurement_id": "measurement_1764717334063511_1",
    "parameters": {
      "calibration": {
        "overaspirate_vol": 0.004
      },
      "hardware": {
        "parameters": {
          "aspirate_speed": 13,
          "dispense_speed": 11,
          "aspirate_wait_time": 1.5,
          "retract_speed": 5.2,
          "blowout_vol": 0.147,
          "post_asp_air_vol": 0.084,
          "pre_asp_air_vol": 0.029
        }
      }
    },
    "target_volume_ml": 0.05,
    "measured_volume_ml": 0.0487,
    "duration_s": 18.391421200009063,
    "timestamp": 1764717334.063511,
    "replicate_id": 1,
    "metadata": {
      "replicate": 1,
      "volume": 0.0487,
      "elapsed_s": 18.391421200009063,
      "start_time": "2025-12-02T18:15:15.669052",
      "end_time": "2025-12-02T18:15:34.063510",
      "target_volume_mL": 0.05,
      "measured_volume_uL": 48.7,
      "target_volume_uL": 50.0,
      "aspirate_speed": 13,
      "dispense_speed": 11,
      "aspirate_wait_time": 1.5,
      "dispense_wait_time": 0.0,
      "pre_asp_air_vol": 0.029,
      "retract_speed": 5.2,
      "blowout_vol": 0.147,
      "post_asp_air_vol": 0.084,
      "overaspirate_vol": 0.004
    },
    "trial_score": 0.4791254044947021,
    "trial_quality": "within_tolerance"
  },
  {
    "measurement_id": "measurement_1764717367669186_1",
    "parameters": {
      "calibration": {
        "overaspirate_vol": 0.002
      },
      "hardware": {
        "parameters": {
          "aspirate_speed": 15,
          "dispense_speed": 11,
          "aspirate_wait_time": 1.4000000000000001,
          "retract_speed": 3.5,
          "blowout_vol": 0.133,
          "post_asp_air_vol": 0.1,
          "pre_asp_air_vol": 0.041
        }
      }
    },
    "target_volume_ml": 0.05,
    "measured_volume_ml": 0.04689999999999999,
    "duration_s": 22.02076940005645,
    "timestamp": 1764717367.6691864,
    "replicate_id": 1,
    "metadata": {
      "replicate": 1,
      "volume": 0.04689999999999999,
      "elapsed_s": 22.02076940005645,
      "start_time": "2025-12-02T18:15:45.646267",
      "end_time": "2025-12-02T18:16:07.669186",
      "target_volume_mL": 0.05,
      "measured_volume_uL": 46.89999999999999,
      "target_volume_uL": 50.0,
      "aspirate_speed": 15,
      "dispense_speed": 11,
      "aspirate_wait_time": 1.4000000000000001,
      "dispense_wait_time": 0.0,
      "pre_asp_air_vol": 0.041,
      "retract_speed": 3.5,
      "blowout_vol": 0.133,
      "post_asp_air_vol": 0.1,
      "overaspirate_vol": 0.002
    },
    "trial_score": 0.6961654478269049,
    "trial_quality": "partial_tolerance"
  },
  {
    "measurement_id": "measurement_1764717389261927_1",
    "parameters": {
      "calibration": {
        "overaspirate_vol": 0.002
      },
      "hardware": {
        "parameters": {
          "aspirate_speed": 15,
          "dispense_speed": 11,
          "aspirate_wait_time": 1.4000000000000001,
          "retract_speed": 3.5,
          "blowout_vol": 0.133,
          "post_asp_air_vol": 0.1,
          "pre_asp_air_vol": 0.041
        }
      }
    },
    "target_volume_ml": 0.05,
    "measured_volume_ml": 0.04669999999999999,
    "duration_s": 21.590218500001356,
    "timestamp": 1764717389.261927,
    "replicate_id": 1,
    "metadata": {
      "replicate": 1,
      "volume": 0.04669999999999999,
      "elapsed_s": 21.590218500001356,
      "start_time": "2025-12-02T18:16:07.672073",
      "end_time": "2025-12-02T18:16:29.261927",
      "target_volume_mL": 0.05,
      "measured_volume_uL": 46.69999999999999,
      "target_volume_uL": 50.0,
      "aspirate_speed": 15,
      "dispense_speed": 11,
      "aspirate_wait_time": 1.4000000000000001,
      "dispense_wait_time": 0.0,
      "pre_asp_air_vol": 0.041,
      "retract_speed": 3.5,
      "blowout_vol": 0.133,
      "post_asp_air_vol": 0.1,
      "overaspirate_vol": 0.002
    },
    "trial_score": 0.6961654478269049,
    "trial_quality": "partial_tolerance"
  },
  {
    "measurement_id": "measurement_1764717410870936_1",
    "parameters": {
      "calibration": {
        "overaspirate_vol": 0.002
      },
      "hardware": {
        "parameters": {
          "aspirate_speed": 15,
          "dispense_speed": 11,
          "aspirate_wait_time": 1.4000000000000001,
          "retract_speed": 3.5,
          "blowout_vol": 0.133,
          "post_asp_air_vol": 0.1,
          "pre_asp_air_vol": 0.041
        }
      }
    },
    "target_volume_ml": 0.05,
    "measured_volume_ml": 0.0459,
    "duration_s": 21.605984299909323,
    "timestamp": 1764717410.870936,
    "replicate_id": 1,
    "metadata": {
      "replicate": 1,
      "volume": 0.0459,
      "elapsed_s": 21.605984299909323,
      "start_time": "2025-12-02T18:16:29.261927",
      "end_time": "2025-12-02T18:16:50.870935",
      "target_volume_mL": 0.05,
      "measured_volume_uL": 45.900000000000006,
      "target_volume_uL": 50.0,
      "aspirate_speed": 15,
      "dispense_speed": 11,
      "aspirate_wait_time": 1.4000000000000001,
      "dispense_wait_time": 0.0,
      "pre_asp_air_vol": 0.041,
      "retract_speed": 3.5,
      "blowout_vol": 0.133,
      "post_asp_air_vol": 0.1,
      "overaspirate_vol": 0.002
    },
    "trial_score": 0.6961654478269049,
    "trial_quality": "partial_tolerance"
  },
  {
    "measurement_id": "measurement_1764717442861122_1",
    "parameters": {
      "calibration": {
        "overaspirate_vol": 0.004
      },
      "hardware": {
        "parameters": {
          "aspirate_speed": 12,
          "dispense_speed": 11,
          "aspirate_wait_time": 1.6,
          "retract_speed": 10.5,
          "blowout_vol": 0.23,
          "post_asp_air_vol": 0.06,
          "pre_asp_air_vol": 0.032
        }
      }
    },
    "target_volume_ml": 0.05,
    "measured_volume_ml": 0.0538,
    "duration_s": 18.46287490008399,
    "timestamp": 1764717442.8611224,
    "replicate_id": 1,
    "metadata": {
      "replicate": 1,
      "volume": 0.0538,
      "elapsed_s": 18.46287490008399,
      "start_time": "2025-12-02T18:17:04.396054",
      "end_time": "2025-12-02T18:17:22.861122",
      "target_volume_mL": 0.05,
      "measured_volume_uL": 53.8,
      "target_volume_uL": 50.0,
      "aspirate_speed": 12,
      "dispense_speed": 11,
      "aspirate_wait_time": 1.6,
      "dispense_wait_time": 0.0,
      "pre_asp_air_vol": 0.032,
      "retract_speed": 10.5,
      "blowout_vol": 0.23,
      "post_asp_air_vol": 0.06,
      "overaspirate_vol": 0.004
    },
    "trial_score": 1.0471815292020934,
    "trial_quality": "outside_tolerance"
  },
  {
    "measurement_id": "measurement_1764717460663694_1",
    "parameters": {
      "calibration": {
        "overaspirate_vol": 0.004
      },
      "hardware": {
        "parameters": {
          "aspirate_speed": 12,
          "dispense_speed": 11,
          "aspirate_wait_time": 1.6,
          "retract_speed": 10.5,
          "blowout_vol": 0.23,
          "post_asp_air_vol": 0.06,
          "pre_asp_air_vol": 0.032
        }
      }
    },
    "target_volume_ml": 0.05,
    "measured_volume_ml": 0.0535,
    "duration_s": 17.799548799870536,
    "timestamp": 1764717460.6636946,
    "replicate_id": 1,
    "metadata": {
      "replicate": 1,
      "volume": 0.0535,
      "elapsed_s": 17.799548799870536,
      "start_time": "2025-12-02T18:17:22.861122",
      "end_time": "2025-12-02T18:17:40.663694",
      "target_volume_mL": 0.05,
      "measured_volume_uL": 53.5,
      "target_volume_uL": 50.0,
      "aspirate_speed": 12,
      "dispense_speed": 11,
      "aspirate_wait_time": 1.6,
      "dispense_wait_time": 0.0,
      "pre_asp_air_vol": 0.032,
      "retract_speed": 10.5,
      "blowout_vol": 0.23,
      "post_asp_air_vol": 0.06,
      "overaspirate_vol": 0.004
    },
    "trial_score": 1.0471815292020934,
    "trial_quality": "outside_tolerance"
  },
  {
    "measurement_id": "measurement_1764717483264533_1",
    "parameters": {
      "calibration": {
        "overaspirate_vol": 0.004
      },
      "hardware": {
        "parameters": {
          "aspirate_speed": 12,
          "dispense_speed": 11,
          "aspirate_wait_time": 1.6,
          "retract_speed": 10.5,
          "blowout_vol": 0.23,
          "post_asp_air_vol": 0.06,
          "pre_asp_air_vol": 0.032
        }
      }
    },
    "target_volume_ml": 0.05,
    "measured_volume_ml": 0.047900000000000005,
    "duration_s": 22.597958100028336,
    "timestamp": 1764717483.2645335,
    "replicate_id": 1,
    "metadata": {
      "replicate": 1,
      "volume": 0.047900000000000005,
      "elapsed_s": 22.597958100028336,
      "start_time": "2025-12-02T18:17:40.663694",
      "end_time": "2025-12-02T18:18:03.264533",
      "target_volume_mL": 0.05,
      "measured_volume_uL": 47.900000000000006,
      "target_volume_uL": 50.0,
      "aspirate_speed": 12,
      "dispense_speed": 11,
      "aspirate_wait_time": 1.6,
      "dispense_wait_time": 0.0,
      "pre_asp_air_vol": 0.032,
      "retract_speed": 10.5,
      "blowout_vol": 0.23,
      "post_asp_air_vol": 0.06,
      "overaspirate_vol": 0.004
    },
    "trial_score": 1.0471815292020934,
    "trial_quality": "outside_tolerance"
  },
  {
    "measurement_id": "measurement_1764717503274701_1",
    "parameters": {
      "calibration": {
        "overaspirate_vol": 0.004
      },
      "hardware": {
        "parameters": {
          "aspirate_speed": 13,
          "dispense_speed": 11,
          "aspirate_wait_time": 1.5,
          "retract_speed": 5.2,
          "blowout_vol": 0.147,
          "post_asp_air_vol": 0.084,
          "pre_asp_air_vol": 0.029
        }
      }
    },
    "target_volume_ml": 0.1,
    "measured_volume_ml": 0.10049999999999999,
    "duration_s": 19.980303999967873,
    "timestamp": 1764717503.2747009,
    "replicate_id": 1,
    "metadata": {
      "replicate": 1,
      "volume": 0.10049999999999999,
      "elapsed_s": 19.980303999967873,
      "start_time": "2025-12-02T18:18:03.293932",
      "end_time": "2025-12-02T18:18:23.274700",
      "target_volume_mL": 0.1,
      "measured_volume_uL": 100.49999999999999,
      "target_volume_uL": 100.0,
      "aspirate_speed": 13,
      "dispense_speed": 11,
      "aspirate_wait_time": 1.5,
      "dispense_wait_time": 0.0,
      "pre_asp_air_vol": 0.029,
      "retract_speed": 5.2,
      "blowout_vol": 0.147,
      "post_asp_air_vol": 0.084,
      "overaspirate_vol": 0.004
    },
    "trial_score": 0.6666010133332236,
    "trial_quality": "within_tolerance"
  },
  {
    "measurement_id": "measurement_1764717523476218_1",
    "parameters": {
      "calibration": {
        "overaspirate_vol": 0.0015000000000000135
      },
      "hardware": {
        "parameters": {
          "aspirate_speed": 13,
          "dispense_speed": 11,
          "aspirate_wait_time": 1.5,
          "retract_speed": 5.2,
          "blowout_vol": 0.147,
          "post_asp_air_vol": 0.084,
          "pre_asp_air_vol": 0.029
        }
      }
    },
    "target_volume_ml": 0.1,
    "measured_volume_ml": 0.097,
    "duration_s": 20.197051499970257,
    "timestamp": 1764717523.4762182,
    "replicate_id": 1,
    "metadata": {
      "replicate": 1,
      "volume": 0.097,
      "elapsed_s": 20.197051499970257,
      "start_time": "2025-12-02T18:18:23.276682",
      "end_time": "2025-12-02T18:18:43.476218",
      "target_volume_mL": 0.1,
      "measured_volume_uL": 97.0,
      "target_volume_uL": 100.0,
      "aspirate_speed": 13,
      "dispense_speed": 11,
      "aspirate_wait_time": 1.5,
      "dispense_wait_time": 0.0,
      "pre_asp_air_vol": 0.029,
      "retract_speed": 5.2,
      "blowout_vol": 0.147,
      "post_asp_air_vol": 0.084,
      "overaspirate_vol": 0.0015000000000000135
    },
    "trial_score": 0.9756568383332342,
    "trial_quality": "partial_tolerance"
  },
  {
    "measurement_id": "measurement_1764717545868878_1",
    "parameters": {
      "calibration": {
        "overaspirate_vol": 0.0036428571428571512
      },
      "hardware": {
        "parameters": {
          "aspirate_speed": 13,
          "dispense_speed": 11,
          "aspirate_wait_time": 1.5,
          "retract_speed": 5.2,
          "blowout_vol": 0.147,
          "post_asp_air_vol": 0.084,
          "pre_asp_air_vol": 0.029
        }
      }
    },
    "target_volume_ml": 0.1,
    "measured_volume_ml": 0.0991,
    "duration_s": 22.38379770005122,
    "timestamp": 1764717545.8688781,
    "replicate_id": 1,
    "metadata": {
      "replicate": 1,
      "volume": 0.0991,
      "elapsed_s": 22.38379770005122,
      "start_time": "2025-12-02T18:18:43.485427",
      "end_time": "2025-12-02T18:19:05.868878",
      "target_volume_mL": 0.1,
      "measured_volume_uL": 99.1,
      "target_volume_uL": 100.0,
      "aspirate_speed": 13,
      "dispense_speed": 11,
      "aspirate_wait_time": 1.5,
      "dispense_wait_time": 0.0,
      "pre_asp_air_vol": 0.029,
      "retract_speed": 5.2,
      "blowout_vol": 0.147,
      "post_asp_air_vol": 0.084,
      "overaspirate_vol": 0.0036428571428571512
    },
    "trial_score": 0.49682234170831996,
    "trial_quality": "within_tolerance"
  },
  {
    "measurement_id": "measurement_1764717586271904_1",
    "parameters": {
      "calibration": {
        "overaspirate_vol": 0.0036428571428571512
      },
      "hardware": {
        "parameters": {
          "aspirate_speed": 13,
          "dispense_speed": 11,
          "aspirate_wait_time": 1.5,
          "retract_speed": 5.2,
          "blowout_vol": 0.147,
          "post_asp_air_vol": 0.084,
          "pre_asp_air_vol": 0.029
        }
      }
    },
    "target_volume_ml": 0.1,
    "measured_volume_ml": 0.10110000000000001,
    "duration_s": 24.934500699862838,
    "timestamp": 1764717586.271904,
    "replicate_id": 1,
    "metadata": {
      "replicate": 1,
      "volume": 0.10110000000000001,
      "elapsed_s": 24.934500699862838,
      "start_time": "2025-12-02T18:19:21.337346",
      "end_time": "2025-12-02T18:19:46.271903",
      "target_volume_mL": 0.1,
      "measured_volume_uL": 101.10000000000001,
      "target_volume_uL": 100.0,
      "aspirate_speed": 13,
      "dispense_speed": 11,
      "aspirate_wait_time": 1.5,
      "dispense_wait_time": 0.0,
      "pre_asp_air_vol": 0.029,
      "retract_speed": 5.2,
      "blowout_vol": 0.147,
      "post_asp_air_vol": 0.084,
      "overaspirate_vol": 0.0036428571428571512
    },
    "trial_score": 0.49682234170831996,
    "trial_quality": "within_tolerance"
  },
  {
    "measurement_id": "measurement_1764717610264078_1",
    "parameters": {
      "calibration": {
        "overaspirate_vol": 0.0036428571428571512
      },
      "hardware": {
        "parameters": {
          "aspirate_speed": 13,
          "dispense_speed": 11,
          "aspirate_wait_time": 1.5,
          "retract_speed": 5.2,
          "blowout_vol": 0.147,
          "post_asp_air_vol": 0.084,
          "pre_asp_air_vol": 0.029
        }
      }
    },
    "target_volume_ml": 0.1,
    "measured_volume_ml": 0.10140000000000002,
    "duration_s": 23.98925940017216,
    "timestamp": 1764717610.2640789,
    "replicate_id": 1,
    "metadata": {
      "replicate": 1,
      "volume": 0.10140000000000002,
      "elapsed_s": 23.98925940017216,
      "start_time": "2025-12-02T18:19:46.271903",
      "end_time": "2025-12-02T18:20:10.264078",
      "target_volume_mL": 0.1,
      "measured_volume_uL": 101.40000000000002,
      "target_volume_uL": 100.0,
      "aspirate_speed": 13,
      "dispense_speed": 11,
      "aspirate_wait_time": 1.5,
      "dispense_wait_time": 0.0,
      "pre_asp_air_vol": 0.029,
      "retract_speed": 5.2,
      "blowout_vol": 0.147,
      "post_asp_air_vol": 0.084,
      "overaspirate_vol": 0.0036428571428571512
    },
    "trial_score": 0.49682234170831996,
    "trial_quality": "within_tolerance"
  },
  {
    "measurement_id": "measurement_1764717632065400_1",
    "parameters": {
      "calibration": {
        "overaspirate_vol": 0.004
      },
      "hardware": {
        "parameters": {
          "aspirate_speed": 13,
          "dispense_speed": 11,
          "aspirate_wait_time": 1.5,
          "retract_speed": 5.2,
          "blowout_vol": 0.147,
          "post_asp_air_vol": 0.084,
          "pre_asp_air_vol": 0.029
        }
      }
    },
    "target_volume_ml": 0.025,
    "measured_volume_ml": 0.026199999999999998,
    "duration_s": 21.790666799992323,
    "timestamp": 1764717632.0654006,
    "replicate_id": 1,
    "metadata": {
      "replicate": 1,
      "volume": 0.026199999999999998,
      "elapsed_s": 21.790666799992323,
      "start_time": "2025-12-02T18:20:10.275215",
      "end_time": "2025-12-02T18:20:32.065400",
      "target_volume_mL": 0.025,
      "measured_volume_uL": 26.2,
      "target_volume_uL": 25.0,
      "aspirate_speed": 13,
      "dispense_speed": 11,
      "aspirate_wait_time": 1.5,
      "dispense_wait_time": 0.0,
      "pre_asp_air_vol": 0.029,
      "retract_speed": 5.2,
      "blowout_vol": 0.147,
      "post_asp_air_vol": 0.084,
      "overaspirate_vol": 0.004
    },
    "trial_score": 0.9879547049361446,
    "trial_quality": "partial_tolerance"
  },
  {
    "measurement_id": "measurement_1764717652267336_1",
    "parameters": {
      "calibration": {
        "overaspirate_vol": 0.002
      },
      "hardware": {
        "parameters": {
          "aspirate_speed": 13,
          "dispense_speed": 11,
          "aspirate_wait_time": 1.5,
          "retract_speed": 5.2,
          "blowout_vol": 0.147,
          "post_asp_air_vol": 0.084,
          "pre_asp_air_vol": 0.029
        }
      }
    },
    "target_volume_ml": 0.025,
    "measured_volume_ml": 0.023499999999999997,
    "duration_s": 20.197462199954316,
    "timestamp": 1764717652.2673368,
    "replicate_id": 1,
    "metadata": {
      "replicate": 1,
      "volume": 0.023499999999999997,
      "elapsed_s": 20.197462199954316,
      "start_time": "2025-12-02T18:20:32.065400",
      "end_time": "2025-12-02T18:20:52.267336",
      "target_volume_mL": 0.025,
      "measured_volume_uL": 23.499999999999996,
      "target_volume_uL": 25.0,
      "aspirate_speed": 13,
      "dispense_speed": 11,
      "aspirate_wait_time": 1.5,
      "dispense_wait_time": 0.0,
      "pre_asp_air_vol": 0.029,
      "retract_speed": 5.2,
      "blowout_vol": 0.147,
      "post_asp_air_vol": 0.084,
      "overaspirate_vol": 0.002
    },
    "trial_score": 0.992856788893465,
    "trial_quality": "partial_tolerance"
  },
  {
    "measurement_id": "measurement_1764717671477268_1",
    "parameters": {
      "calibration": {
        "overaspirate_vol": 0.0031111111111111135
      },
      "hardware": {
        "parameters": {
          "aspirate_speed": 13,
          "dispense_speed": 11,
          "aspirate_wait_time": 1.5,
          "retract_speed": 5.2,
          "blowout_vol": 0.147,
          "post_asp_air_vol": 0.084,
          "pre_asp_air_vol": 0.029
        }
      }
    },
    "target_volume_ml": 0.025,
    "measured_volume_ml": 0.025,
    "duration_s": 19.201666299952194,
    "timestamp": 1764717671.4772685,
    "replicate_id": 1,
    "metadata": {
      "replicate": 1,
      "volume": 0.025,
      "elapsed_s": 19.201666299952194,
      "start_time": "2025-12-02T18:20:52.275528",
      "end_time": "2025-12-02T18:21:11.477268",
      "target_volume_mL": 0.025,
      "measured_volume_uL": 25.0,
      "target_volume_uL": 25.0,
      "aspirate_speed": 13,
      "dispense_speed": 11,
      "aspirate_wait_time": 1.5,
      "dispense_wait_time": 0.0,
      "pre_asp_air_vol": 0.029,
      "retract_speed": 5.2,
      "blowout_vol": 0.147,
      "post_asp_air_vol": 0.084,
      "overaspirate_vol": 0.0031111111111111135
    },
    "trial_score": 0.7445349566043131,
    "trial_quality": "within_tolerance"
  },
  {
    "measurement_id": "measurement_1764717690270959_1",
    "parameters": {
      "calibration": {
        "overaspirate_vol": 0.0031111111111111135
      },
      "hardware": {
        "parameters": {
          "aspirate_speed": 13,
          "dispense_speed": 11,
          "aspirate_wait_time": 1.5,
          "retract_speed": 5.2,
          "blowout_vol": 0.147,
          "post_asp_air_vol": 0.084,
          "pre_asp_air_vol": 0.029
        }
      }
    },
    "target_volume_ml": 0.025,
    "measured_volume_ml": 0.023999999999999997,
    "duration_s": 18.79079889995046,
    "timestamp": 1764717690.2709599,
    "replicate_id": 1,
    "metadata": {
      "replicate": 1,
      "volume": 0.023999999999999997,
      "elapsed_s": 18.79079889995046,
      "start_time": "2025-12-02T18:21:11.477268",
      "end_time": "2025-12-02T18:21:30.270959",
      "target_volume_mL": 0.025,
      "measured_volume_uL": 23.999999999999996,
      "target_volume_uL": 25.0,
      "aspirate_speed": 13,
      "dispense_speed": 11,
      "aspirate_wait_time": 1.5,
      "dispense_wait_time": 0.0,
      "pre_asp_air_vol": 0.029,
      "retract_speed": 5.2,
      "blowout_vol": 0.147,
      "post_asp_air_vol": 0.084,
      "overaspirate_vol": 0.0031111111111111135
    },
    "trial_score": 0.7445349566043131,
    "trial_quality": "within_tolerance"
  },
  {
    "measurement_id": "measurement_1764717709065395_1",
    "parameters": {
      "calibration": {
        "overaspirate_vol": 0.0031111111111111135
      },
      "hardware": {
        "parameters": {
          "aspirate_speed": 13,
          "dispense_speed": 11,
          "aspirate_wait_time": 1.5,
          "retract_speed": 5.2,
          "blowout_vol": 0.147,
          "post_asp_air_vol": 0.084,
          "pre_asp_air_vol": 0.029
        }
      }
    },
    "target_volume_ml": 0.025,
    "measured_volume_ml": 0.0242,
    "duration_s": 18.791703399969265,
    "timestamp": 1764717709.0653956,
    "replicate_id": 1,
    "metadata": {
      "replicate": 1,
      "volume": 0.0242,
      "elapsed_s": 18.791703399969265,
      "start_time": "2025-12-02T18:21:30.270959",
      "end_time": "2025-12-02T18:21:49.065395",
      "target_volume_mL": 0.025,
      "measured_volume_uL": 24.2,
      "target_volume_uL": 25.0,
      "aspirate_speed": 13,
      "dispense_speed": 11,
      "aspirate_wait_time": 1.5,
      "dispense_wait_time": 0.0,
      "pre_asp_air_vol": 0.029,
      "retract_speed": 5.2,
      "blowout_vol": 0.147,
      "post_asp_air_vol": 0.084,
      "overaspirate_vol": 0.0031111111111111135
    },
    "trial_score": 0.7445349566043131,
    "trial_quality": "within_tolerance"
  }
]