{
  "surfactant_a": {
    "name": "CTAB",
    "stock_conc_mm": 5,
    "dilution_steps": [
      {
        "vial_name": "CTAB_dilution_0",
        "target_conc_mm": 0.03162277660168379,
        "final_conc_mm": 0.03162277660168379,
        "achievable": true,
        "created": true,
        "reused": true,
        "source_vial": "Unknown (current session)",
        "source_conc_mm": 0,
        "dilution_factor": 0,
        "stock_volume_ul": 0,
        "water_volume_ul": 0,
        "total_volume_ml": 0
      },
      {
        "vial_name": "CTAB_dilution_1",
        "target_conc_mm": 0.1,
        "final_conc_mm": 0.1,
        "achievable": true,
        "created": true,
        "reused": true,
        "source_vial": "Unknown (current session)",
        "source_conc_mm": 0,
        "dilution_factor": 0,
        "stock_volume_ul": 0,
        "water_volume_ul": 0,
        "total_volume_ml": 0
      },
      {
        "vial_name": "CTAB_dilution_2",
        "target_conc_mm": 0.31622776601683794,
        "final_conc_mm": 0.31622776601683794,
        "achievable": true,
        "created": true,
        "reused": true,
        "source_vial": "Unknown (current session)",
        "source_conc_mm": 0,
        "dilution_factor": 0,
        "stock_volume_ul": 0,
        "water_volume_ul": 0,
        "total_volume_ml": 0
      },
      {
        "vial_name": "CTAB_dilution_3",
        "target_conc_mm": 1.0,
        "final_conc_mm": 1.0,
        "achievable": true,
        "created": true,
        "reused": true,
        "source_vial": "Unknown (current session)",
        "source_conc_mm": 0,
        "dilution_factor": 0,
        "stock_volume_ul": 0,
        "water_volume_ul": 0,
        "total_volume_ml": 0
      }
    ]
  },
  "surfactant_b": {
    "name": "NaC",
    "stock_conc_mm": 50,
    "dilution_steps": [
      {
        "vial_name": "NaC_dilution_0",
        "target_conc_mm": 0.03162277660168379,
        "final_conc_mm": 0.03162277660168379,
        "achievable": true,
        "created": true,
        "reused": true,
        "source_vial": "Unknown (current session)",
        "source_conc_mm": 0,
        "dilution_factor": 0,
        "stock_volume_ul": 0,
        "water_volume_ul": 0,
        "total_volume_ml": 0
      },
      {
        "vial_name": "NaC_dilution_1",
        "target_conc_mm": 0.1,
        "final_conc_mm": 0.1,
        "achievable": true,
        "created": true,
        "reused": true,
        "source_vial": "Unknown (current session)",
        "source_conc_mm": 0,
        "dilution_factor": 0,
        "stock_volume_ul": 0,
        "water_volume_ul": 0,
        "total_volume_ml": 0
      },
      {
        "vial_name": "NaC_dilution_2",
        "target_conc_mm": 0.31622776601683794,
        "final_conc_mm": 0.31622776601683794,
        "achievable": true,
        "created": true,
        "reused": true,
        "source_vial": "Unknown (current session)",
        "source_conc_mm": 0,
        "dilution_factor": 0,
        "stock_volume_ul": 0,
        "water_volume_ul": 0,
        "total_volume_ml": 0
      },
      {
        "vial_name": "NaC_dilution_3",
        "target_conc_mm": 1.0,
        "final_conc_mm": 1.0,
        "achievable": true,
        "created": true,
        "reused": true,
        "source_vial": "Unknown (current session)",
        "source_conc_mm": 0,
        "dilution_factor": 0,
        "stock_volume_ul": 0,
        "water_volume_ul": 0,
        "total_volume_ml": 0
      },
      {
        "vial_name": "NaC_dilution_4",
        "target_conc_mm": 3.1622776601683795,
        "final_conc_mm": 3.1622776601683795,
        "achievable": true,
        "created": true,
        "reused": true,
        "source_vial": "Unknown (current session)",
        "source_conc_mm": 0,
        "dilution_factor": 0,
        "stock_volume_ul": 0,
        "water_volume_ul": 0,
        "total_volume_ml": 0
      },
      {
        "vial_name": "NaC_dilution_5",
        "target_conc_mm": 10.0,
        "final_conc_mm": 10.0,
        "achievable": true,
        "created": true,
        "reused": true,
        "source_vial": "Unknown (current session)",
        "source_conc_mm": 0,
        "dilution_factor": 0,
        "stock_volume_ul": 0,
        "water_volume_ul": 0,
        "total_volume_ml": 0
      }
    ]
  },
  "well_mixing": {
    "volume_each_ul": 100.0,
    "total_volume_ul": 200
  }
}