plate,well,surfactant_a,surfactant_b,conc_a_mm,conc_b_mm,replicate,turbidity,measurement_type
1,0,NaC,CTAB,0.03162277660168379,0.03162277660168379,1,0.0393,recovered
1,1,NaC,CTAB,0.03162277660168379,0.1,1,0.0398,recovered
1,2,NaC,CTAB,0.03162277660168379,0.31622776601683794,1,0.0404,recovered
1,3,NaC,CTAB,0.03162277660168379,1.0,1,0.0398,recovered
1,4,NaC,CTAB,0.03162277660168379,3.1622776601683795,1,0.0399,recovered
1,5,NaC,CTAB,0.03162277660168379,10.0,1,0.0382,recovered
1,6,NaC,CTAB,0.1,0.03162277660168379,1,0.0393,recovered
1,7,NaC,CTAB,0.1,0.1,1,0.038,recovered
1,8,NaC,CTAB,0.1,0.31622776601683794,1,0.0378,recovered
1,9,NaC,CTAB,0.1,1.0,1,0.0377,recovered
1,10,NaC,CTAB,0.1,3.1622776601683795,1,0.0387,recovered
1,11,NaC,CTAB,0.1,10.0,1,0.0381,recovered
1,12,NaC,CTAB,0.31622776601683794,0.03162277660168379,1,0.0388,recovered
1,13,NaC,CTAB,0.31622776601683794,0.1,1,0.0382,recovered
1,14,NaC,CTAB,0.31622776601683794,0.31622776601683794,1,0.0385,recovered
1,15,NaC,CTAB,0.31622776601683794,1.0,1,0.0381,recovered
1,16,NaC,CTAB,0.31622776601683794,3.1622776601683795,1,0.0383,recovered
1,17,NaC,CTAB,0.31622776601683794,10.0,1,0.0387,recovered
1,18,NaC,CTAB,1.0,0.03162277660168379,1,0.0387,recovered
1,19,NaC,CTAB,1.0,0.1,1,0.0387,recovered
1,20,NaC,CTAB,1.0,0.31622776601683794,1,0.0404,recovered
1,21,NaC,CTAB,1.0,1.0,1,0.0387,recovered
1,22,NaC,CTAB,1.0,3.1622776601683795,1,0.0391,recovered
1,23,NaC,CTAB,1.0,10.0,1,0.0385,recovered
