{
  "experiment_type": "calibration_sdl_modular",
  "timestamp": "2025-10-22T04:51:42.917059",
  "liquid": "water",
  "simulate": false,
  "seed": 2,
  "initial_suggestions": 5,
  "batch_size": 1,
  "replicates": 1,
  "precision_replicates": 4,
  "min_volume_ml": 0.025,
  "max_volume_ml": 0.1,
  "num_volumes": 3,
  "volumes": [
    0.05,
    0.025,
    0.1
  ],
  "max_wells": 96,
  "overaspirate_base_ul": 8.59999999999998,
  "overaspirate_scaling_percent": 0,
  "new_pipet_each_time_set": false,
  "base_time_seconds": 20,
  "time_scaling_factor": 2.5,
  "time_buffer_fraction": 0.1,
  "time_transition_mode": "asymmetric",
  "volume_tolerance_ranges": [
    {
      "min_ul": 200,
      "max_ul": 1000,
      "tolerance_pct": 1.0,
      "name": "large_volume"
    },
    {
      "min_ul": 60,
      "max_ul": 200,
      "tolerance_pct": 2.0,
      "name": "medium_large_volume"
    },
    {
      "min_ul": 20,
      "max_ul": 60,
      "tolerance_pct": 3.0,
      "name": "medium_volume"
    },
    {
      "min_ul": 1,
      "max_ul": 20,
      "tolerance_pct": 5.0,
      "name": "small_volume"
    },
    {
      "min_ul": 0,
      "max_ul": 1,
      "tolerance_pct": 10.0,
      "name": "micro_volume"
    }
  ],
  "use_selective_optimization": true,
  "use_historical_data_for_optimization": false,
  "volume_dependent_params": [
    "blowout_vol",
    "overaspirate_vol"
  ],
  "all_params": [
    "aspirate_speed",
    "dispense_speed",
    "aspirate_wait_time",
    "dispense_wait_time",
    "retract_speed",
    "blowout_vol",
    "post_asp_air_vol",
    "overaspirate_vol"
  ],
  "use_llm_for_screening": true,
  "use_llm_for_optimization": false,
  "bayesian_model_type": "qNEHVI",
  "input_vial_status_file": "status/calibration_vials_overnight.csv",
  "slack_available": true,
  "llm_available": true
}