{
  "experiment_type": "calibration_sdl_modular",
  "timestamp": "2025-10-10T16:25:39.283481",
  "liquid": "water",
  "simulate": false,
  "seed": 7,
  "initial_suggestions": 5,
  "batch_size": 1,
  "replicates": 1,
  "precision_replicates": 5,
  "volumes": [
    0.02,
    0.01,
    0.005
  ],
  "max_wells": 96,
  "max_overaspirate_ul": 10.0,
  "new_pipet_each_time_set": false,
  "base_deviation_ul": 1.0,
  "base_time_seconds": 20,
  "base_variation_ul": 2.0,
  "deviation_scaling_factor": 0.3,
  "time_scaling_factor": 2.5,
  "variation_scaling_factor": 0.3,
  "use_selective_optimization": true,
  "use_historical_data_for_optimization": false,
  "volume_dependent_params": [
    "blowout_vol",
    "overaspirate_vol"
  ],
  "all_params": [
    "aspirate_speed",
    "dispense_speed",
    "aspirate_wait_time",
    "dispense_wait_time",
    "retract_speed",
    "blowout_vol",
    "post_asp_air_vol",
    "overaspirate_vol"
  ],
  "use_llm_for_screening": false,
  "use_llm_for_optimization": false,
  "bayesian_model_type": "qEI",
  "input_vial_status_file": "status/calibration_vials_short.csv",
  "slack_available": true,
  "llm_available": true
}