{
  "surfactant_a": {
    "name": "DTAB",
    "stock_conc_mm": 50,
    "dilution_steps": [
      {
        "vial_name": "DTAB_dilution_0",
        "target_conc_mm": 0.03162277660168379,
        "final_conc_mm": 0.03162277660168379,
        "achievable": true,
        "created": true,
        "reused": true,
        "source_vial": "Unknown (current session)",
        "source_conc_mm": 0,
        "dilution_factor": 0,
        "stock_volume_ul": 0,
        "water_volume_ul": 0,
        "total_volume_ml": 0
      },
      {
        "vial_name": "DTAB_dilution_1",
        "target_conc_mm": 0.1,
        "final_conc_mm": 0.1,
        "achievable": true,
        "created": true,
        "reused": true,
        "source_vial": "Unknown (current session)",
        "source_conc_mm": 0,
        "dilution_factor": 0,
        "stock_volume_ul": 0,
        "water_volume_ul": 0,
        "total_volume_ml": 0
      },
      {
        "vial_name": "DTAB_dilution_2",
        "target_conc_mm": 0.31622776601683794,
        "final_conc_mm": 0.31622776601683794,
        "achievable": true,
        "created": true,
        "reused": true,
        "source_vial": "Unknown (current session)",
        "source_conc_mm": 0,
        "dilution_factor": 0,
        "stock_volume_ul": 0,
        "water_volume_ul": 0,
        "total_volume_ml": 0
      },
      {
        "vial_name": "DTAB_dilution_3",
        "target_conc_mm": 1.0,
        "final_conc_mm": 1.0,
        "achievable": true,
        "created": true,
        "reused": true,
        "source_vial": "Unknown (current session)",
        "source_conc_mm": 0,
        "dilution_factor": 0,
        "stock_volume_ul": 0,
        "water_volume_ul": 0,
        "total_volume_ml": 0
      },
      {
        "vial_name": "DTAB_dilution_4",
        "target_conc_mm": 3.1622776601683795,
        "final_conc_mm": 3.1622776601683795,
        "achievable": true,
        "created": true,
        "reused": true,
        "source_vial": "Unknown (current session)",
        "source_conc_mm": 0,
        "dilution_factor": 0,
        "stock_volume_ul": 0,
        "water_volume_ul": 0,
        "total_volume_ml": 0
      },
      {
        "vial_name": "DTAB_dilution_5",
        "target_conc_mm": 10.0,
        "final_conc_mm": 10.0,
        "achievable": true,
        "created": true,
        "reused": true,
        "source_vial": "Unknown (current session)",
        "source_conc_mm": 0,
        "dilution_factor": 0,
        "stock_volume_ul": 0,
        "water_volume_ul": 0,
        "total_volume_ml": 0
      }
    ]
  },
  "surfactant_b": {
    "name": "NaDC",
    "stock_conc_mm": 25,
    "dilution_steps": [
      {
        "vial_name": "NaDC_dilution_0",
        "target_conc_mm": 0.03162277660168379,
        "final_conc_mm": 0.03162277660168379,
        "achievable": true,
        "created": true,
        "reused": true,
        "source_vial": "NaDC_dilution_2",
        "source_conc_mm": 0.6324555320336759,
        "dilution_factor": 10.0,
        "stock_volume_ul": 600.0,
        "water_volume_ul": 5400.0,
        "total_volume_ml": 6
      },
      {
        "vial_name": "NaDC_dilution_1",
        "target_conc_mm": 0.1,
        "final_conc_mm": 0.1,
        "achievable": true,
        "created": true,
        "reused": true,
        "source_vial": "NaDC_dilution_3",
        "source_conc_mm": 2.0,
        "dilution_factor": 10.0,
        "stock_volume_ul": 600.0,
        "water_volume_ul": 5400.0,
        "total_volume_ml": 6
      },
      {
        "vial_name": "NaDC_dilution_2",
        "target_conc_mm": 0.31622776601683794,
        "final_conc_mm": 0.31622776601683794,
        "achievable": true,
        "created": true,
        "reused": true,
        "source_vial": "NaDC_dilution_4",
        "source_conc_mm": 6.324555320336759,
        "dilution_factor": 10.0,
        "stock_volume_ul": 600.0,
        "water_volume_ul": 5400.0,
        "total_volume_ml": 6
      },
      {
        "vial_name": "NaDC_dilution_3",
        "target_conc_mm": 1.0,
        "final_conc_mm": 1.0,
        "achievable": true,
        "created": true,
        "reused": true,
        "source_vial": "NaDC_stock",
        "source_conc_mm": 25,
        "dilution_factor": 12.5,
        "stock_volume_ul": 480.0,
        "water_volume_ul": 5520.0,
        "total_volume_ml": 6
      },
      {
        "vial_name": "NaDC_dilution_4",
        "target_conc_mm": 3.1622776601683795,
        "final_conc_mm": 3.1622776601683795,
        "achievable": true,
        "created": true,
        "reused": true,
        "source_vial": "NaDC_stock",
        "source_conc_mm": 25,
        "dilution_factor": 3.952847075210474,
        "stock_volume_ul": 1517.8932768808222,
        "water_volume_ul": 4482.106723119178,
        "total_volume_ml": 6
      },
      {
        "vial_name": "NaDC_dilution_5",
        "target_conc_mm": 10.0,
        "final_conc_mm": 10.0,
        "achievable": true,
        "created": true,
        "reused": true,
        "source_vial": "NaDC_stock",
        "source_conc_mm": 25,
        "dilution_factor": 1.25,
        "stock_volume_ul": 4800.0,
        "water_volume_ul": 1200.0000000000002,
        "total_volume_ml": 6
      }
    ]
  },
  "well_mixing": {
    "volume_each_ul": 100.0,
    "total_volume_ul": 200
  }
}