plate,well,surfactant_a,surfactant_b,conc_a_mm,conc_b_mm,replicate,turbidity,measurement_type
1,24,NaDC,DTAB,0.03162,0.03162,1,0.0393,recovered
1,25,NaDC,DTAB,0.03162,0.1,1,0.0397,recovered
1,26,NaDC,DTAB,0.03162,0.3162,1,0.0398,recovered
1,27,NaDC,DTAB,0.03162,1.0,1,0.0402,recovered
1,28,NaDC,DTAB,0.03162,3.162,1,0.0402,recovered
1,29,NaDC,DTAB,0.03162,10.0,1,0.04,recovered
1,30,NaDC,DTAB,0.1,0.03162,1,0.0413,recovered
1,31,NaDC,DTAB,0.1,0.1,1,0.043,recovered
1,32,NaDC,DTAB,0.1,0.3162,1,0.0413,recovered
1,33,NaDC,DTAB,0.1,1.0,1,0.0401,recovered
1,34,NaDC,DTAB,0.1,3.162,1,0.0386,recovered
1,35,NaDC,DTAB,0.1,10.0,1,0.039,recovered
1,36,NaDC,DTAB,0.3162,0.03162,1,0.043,recovered
1,37,NaDC,DTAB,0.3162,0.1,1,0.07,recovered
1,38,NaDC,DTAB,0.3162,0.3162,1,0.1329,recovered
1,39,NaDC,DTAB,0.3162,1.0,1,0.0491,recovered
1,40,NaDC,DTAB,0.3162,3.162,1,0.0399,recovered
1,41,NaDC,DTAB,0.3162,10.0,1,0.0384,recovered
1,42,NaDC,DTAB,1.0,0.03162,1,0.0401,recovered
1,43,NaDC,DTAB,1.0,0.1,1,0.041,recovered
1,44,NaDC,DTAB,1.0,0.3162,1,0.1541,recovered
1,45,NaDC,DTAB,1.0,1.0,1,0.3688,recovered
1,46,NaDC,DTAB,1.0,3.162,1,0.0525,recovered
1,47,NaDC,DTAB,1.0,10.0,1,0.0515,recovered
1,48,NaDC,DTAB,3.162,0.03162,1,0.0409,recovered
1,49,NaDC,DTAB,3.162,0.1,1,0.0406,recovered
1,50,NaDC,DTAB,3.162,0.3162,1,0.0488,recovered
1,51,NaDC,DTAB,3.162,1.0,1,0.2555,recovered
1,52,NaDC,DTAB,3.162,3.162,1,1.0289,recovered
1,53,NaDC,DTAB,3.162,10.0,1,0.128,recovered
1,54,NaDC,DTAB,10.0,0.03162,1,0.0383,recovered
1,55,NaDC,DTAB,10.0,0.1,1,0.0384,recovered
1,56,NaDC,DTAB,10.0,0.3162,1,0.0403,recovered
1,57,NaDC,DTAB,10.0,1.0,1,0.048,recovered
1,58,NaDC,DTAB,10.0,3.162,1,0.2544,recovered
1,59,NaDC,DTAB,10.0,10.0,1,0.6991,recovered
