{
  "experiment_name": "multi_volume_calibration_test",
  "simulation_mode": false,
  "total_measurements": 71,
  "total_duration_s": 2594.72984957695,
  "overall_statistics": {
    "num_trials": 33,
    "mean_score": 0.7322835499744759,
    "median_score": 0.7793472178612216,
    "min_score": 0.17732900785587336,
    "max_score": 1.1030022542982336,
    "stdev_score": 0.27815145004260966,
    "within_tolerance_count": 16,
    "partial_tolerance_count": 15,
    "outside_tolerance_count": 2,
    "success_rate": 0.48484848484848486
  },
  "volume_count": 7
}