{
  "experiment_name": "multi_volume_calibration_test",
  "total_measurements": 58,
  "total_duration_s": 0.3740353584289551,
  "overall_statistics": {
    "num_trials": 18,
    "mean_score": 0.8316273633012758,
    "median_score": 0.7115966868146266,
    "min_score": 0.27964682678574065,
    "max_score": 2.0169732861118304,
    "stdev_score": 0.46889927041038393,
    "within_tolerance_count": 9,
    "partial_tolerance_count": 7,
    "outside_tolerance_count": 2,
    "success_rate": 0.5
  },
  "volume_count": 3
}