[
  {
    "measurement_id": "measurement_1764620314759673_1",
    "parameters": {
      "calibration": {
        "overaspirate_vol": 0.005000000000000001
      },
      "hardware": {
        "parameters": {
          "aspirate_speed": 18,
          "dispense_speed": 6,
          "aspirate_wait_time": 1.427942156791687,
          "retract_speed": 13.918010115623474,
          "blowout_vol": 0.27612553238868714,
          "post_asp_air_vol": 0.023009544610977175,
          "pre_asp_air_vol": 0.06333267092704774
        }
      }
    },
    "target_volume_ml": 0.025,
    "measured_volume_ml": 0.026860714163142844,
    "duration_s": 15.435898914868487,
    "timestamp": 1764620314.7596736,
    "replicate_id": 1,
    "metadata": {
      "replicate": 1,
      "volume": 0.026860714163142844,
      "elapsed_s": 15.435898914868487,
      "actual_elapsed_s": 0.00034360005520284176,
      "start_time": "2025-12-01T15:18:34.759673",
      "end_time": "2025-12-01T15:18:34.759673",
      "target_volume_mL": 0.025,
      "overaspirate_vol": 0.005000000000000001,
      "parameters": {
        "aspirate_speed": 18,
        "dispense_speed": 6,
        "aspirate_wait_time": 1.427942156791687,
        "retract_speed": 13.918010115623474,
        "blowout_vol": 0.27612553238868714,
        "post_asp_air_vol": 0.023009544610977175,
        "pre_asp_air_vol": 0.06333267092704774
      }
    },
    "trial_score": 0.8656074596928972,
    "trial_quality": "partial_tolerance"
  },
  {
    "measurement_id": "measurement_1764620314759673_1",
    "parameters": {
      "calibration": {
        "overaspirate_vol": 0.005000000000000001
      },
      "hardware": {
        "parameters": {
          "aspirate_speed": 18,
          "dispense_speed": 6,
          "aspirate_wait_time": 1.427942156791687,
          "retract_speed": 13.918010115623474,
          "blowout_vol": 0.27612553238868714,
          "post_asp_air_vol": 0.023009544610977175,
          "pre_asp_air_vol": 0.06333267092704774
        }
      }
    },
    "target_volume_ml": 0.025,
    "measured_volume_ml": 0.02695696178676918,
    "duration_s": 15.617323323393572,
    "timestamp": 1764620314.7596736,
    "replicate_id": 1,
    "metadata": {
      "replicate": 1,
      "volume": 0.02695696178676918,
      "elapsed_s": 15.617323323393572,
      "actual_elapsed_s": 2.550007775425911e-05,
      "start_time": "2025-12-01T15:18:34.759673",
      "end_time": "2025-12-01T15:18:34.759673",
      "target_volume_mL": 0.025,
      "overaspirate_vol": 0.005000000000000001,
      "parameters": {
        "aspirate_speed": 18,
        "dispense_speed": 6,
        "aspirate_wait_time": 1.427942156791687,
        "retract_speed": 13.918010115623474,
        "blowout_vol": 0.27612553238868714,
        "post_asp_air_vol": 0.023009544610977175,
        "pre_asp_air_vol": 0.06333267092704774
      }
    },
    "trial_score": 0.8656074596928972,
    "trial_quality": "partial_tolerance"
  },
  {
    "measurement_id": "measurement_1764620314761675_1",
    "parameters": {
      "calibration": {
        "overaspirate_vol": 0.005000000000000001
      },
      "hardware": {
        "parameters": {
          "aspirate_speed": 18,
          "dispense_speed": 6,
          "aspirate_wait_time": 1.427942156791687,
          "retract_speed": 13.918010115623474,
          "blowout_vol": 0.27612553238868714,
          "post_asp_air_vol": 0.023009544610977175,
          "pre_asp_air_vol": 0.06333267092704774
        }
      }
    },
    "target_volume_ml": 0.025,
    "measured_volume_ml": 0.025913829982118906,
    "duration_s": 14.697692637699259,
    "timestamp": 1764620314.7616754,
    "replicate_id": 1,
    "metadata": {
      "replicate": 1,
      "volume": 0.025913829982118906,
      "elapsed_s": 14.697692637699259,
      "actual_elapsed_s": 2.3999949917197227e-05,
      "start_time": "2025-12-01T15:18:34.761675",
      "end_time": "2025-12-01T15:18:34.761675",
      "target_volume_mL": 0.025,
      "overaspirate_vol": 0.005000000000000001,
      "parameters": {
        "aspirate_speed": 18,
        "dispense_speed": 6,
        "aspirate_wait_time": 1.427942156791687,
        "retract_speed": 13.918010115623474,
        "blowout_vol": 0.27612553238868714,
        "post_asp_air_vol": 0.023009544610977175,
        "pre_asp_air_vol": 0.06333267092704774
      }
    },
    "trial_score": 0.8656074596928972,
    "trial_quality": "partial_tolerance"
  },
  {
    "measurement_id": "measurement_1764620314761675_1",
    "parameters": {
      "calibration": {
        "overaspirate_vol": 0.005000000000000001
      },
      "hardware": {
        "parameters": {
          "aspirate_speed": 18,
          "dispense_speed": 6,
          "aspirate_wait_time": 1.427942156791687,
          "retract_speed": 13.918010115623474,
          "blowout_vol": 0.27612553238868714,
          "post_asp_air_vol": 0.023009544610977175,
          "pre_asp_air_vol": 0.06333267092704774
        }
      }
    },
    "target_volume_ml": 0.025,
    "measured_volume_ml": 0.028009611841487425,
    "duration_s": 15.547910307008735,
    "timestamp": 1764620314.7616754,
    "replicate_id": 1,
    "metadata": {
      "replicate": 1,
      "volume": 0.028009611841487425,
      "elapsed_s": 15.547910307008735,
      "actual_elapsed_s": 2.3399945348501205e-05,
      "start_time": "2025-12-01T15:18:34.761675",
      "end_time": "2025-12-01T15:18:34.761675",
      "target_volume_mL": 0.025,
      "overaspirate_vol": 0.005000000000000001,
      "parameters": {
        "aspirate_speed": 18,
        "dispense_speed": 6,
        "aspirate_wait_time": 1.427942156791687,
        "retract_speed": 13.918010115623474,
        "blowout_vol": 0.27612553238868714,
        "post_asp_air_vol": 0.023009544610977175,
        "pre_asp_air_vol": 0.06333267092704774
      }
    },
    "trial_score": 0.8656074596928972,
    "trial_quality": "partial_tolerance"
  },
  {
    "measurement_id": "measurement_1764620314761675_1",
    "parameters": {
      "calibration": {
        "overaspirate_vol": 0.005000000000000001
      },
      "hardware": {
        "parameters": {
          "aspirate_speed": 18,
          "dispense_speed": 6,
          "aspirate_wait_time": 1.427942156791687,
          "retract_speed": 13.918010115623474,
          "blowout_vol": 0.27612553238868714,
          "post_asp_air_vol": 0.023009544610977175,
          "pre_asp_air_vol": 0.06333267092704774
        }
      }
    },
    "target_volume_ml": 0.025,
    "measured_volume_ml": 0.028160911625829305,
    "duration_s": 15.670289111567103,
    "timestamp": 1764620314.7616754,
    "replicate_id": 1,
    "metadata": {
      "replicate": 1,
      "volume": 0.028160911625829305,
      "elapsed_s": 15.670289111567103,
      "actual_elapsed_s": 2.300017513334751e-05,
      "start_time": "2025-12-01T15:18:34.761675",
      "end_time": "2025-12-01T15:18:34.761675",
      "target_volume_mL": 0.025,
      "overaspirate_vol": 0.005000000000000001,
      "parameters": {
        "aspirate_speed": 18,
        "dispense_speed": 6,
        "aspirate_wait_time": 1.427942156791687,
        "retract_speed": 13.918010115623474,
        "blowout_vol": 0.27612553238868714,
        "post_asp_air_vol": 0.023009544610977175,
        "pre_asp_air_vol": 0.06333267092704774
      }
    },
    "trial_score": 0.8656074596928972,
    "trial_quality": "partial_tolerance"
  },
  {
    "measurement_id": "measurement_1764620314779229_1",
    "parameters": {
      "calibration": {
        "overaspirate_vol": 0.0035458954260684547
      },
      "hardware": {
        "parameters": {
          "aspirate_speed": 14,
          "dispense_speed": 19,
          "aspirate_wait_time": 0.4988384824246168,
          "retract_speed": 7.143914949148893,
          "blowout_vol": 0.10267280777916311,
          "post_asp_air_vol": 0.05950242821127177,
          "pre_asp_air_vol": 0.02063605580478907
        }
      }
    },
    "target_volume_ml": 0.025,
    "measured_volume_ml": 0.025490458465527662,
    "duration_s": 15.751479268573311,
    "timestamp": 1764620314.7792292,
    "replicate_id": 1,
    "metadata": {
      "replicate": 1,
      "volume": 0.025490458465527662,
      "elapsed_s": 15.751479268573311,
      "actual_elapsed_s": 0.00012039998546242714,
      "start_time": "2025-12-01T15:18:34.778569",
      "end_time": "2025-12-01T15:18:34.779229",
      "target_volume_mL": 0.025,
      "overaspirate_vol": 0.0035458954260684547,
      "parameters": {
        "aspirate_speed": 14,
        "dispense_speed": 19,
        "aspirate_wait_time": 0.4988384824246168,
        "retract_speed": 7.143914949148893,
        "blowout_vol": 0.10267280777916311,
        "post_asp_air_vol": 0.05950242821127177,
        "pre_asp_air_vol": 0.02063605580478907
      }
    },
    "trial_score": 0.5757098000411036,
    "trial_quality": "within_tolerance"
  },
  {
    "measurement_id": "measurement_1764620314779646_1",
    "parameters": {
      "calibration": {
        "overaspirate_vol": 0.0035458954260684547
      },
      "hardware": {
        "parameters": {
          "aspirate_speed": 14,
          "dispense_speed": 19,
          "aspirate_wait_time": 0.4988384824246168,
          "retract_speed": 7.143914949148893,
          "blowout_vol": 0.10267280777916311,
          "post_asp_air_vol": 0.05950242821127177,
          "pre_asp_air_vol": 0.02063605580478907
        }
      }
    },
    "target_volume_ml": 0.025,
    "measured_volume_ml": 0.025839240047064057,
    "duration_s": 15.335305843938444,
    "timestamp": 1764620314.7796464,
    "replicate_id": 1,
    "metadata": {
      "replicate": 1,
      "volume": 0.025839240047064057,
      "elapsed_s": 15.335305843938444,
      "actual_elapsed_s": 3.25001310557127e-05,
      "start_time": "2025-12-01T15:18:34.779646",
      "end_time": "2025-12-01T15:18:34.779646",
      "target_volume_mL": 0.025,
      "overaspirate_vol": 0.0035458954260684547,
      "parameters": {
        "aspirate_speed": 14,
        "dispense_speed": 19,
        "aspirate_wait_time": 0.4988384824246168,
        "retract_speed": 7.143914949148893,
        "blowout_vol": 0.10267280777916311,
        "post_asp_air_vol": 0.05950242821127177,
        "pre_asp_air_vol": 0.02063605580478907
      }
    },
    "trial_score": 0.5757098000411036,
    "trial_quality": "within_tolerance"
  },
  {
    "measurement_id": "measurement_1764620314779646_1",
    "parameters": {
      "calibration": {
        "overaspirate_vol": 0.0035458954260684547
      },
      "hardware": {
        "parameters": {
          "aspirate_speed": 14,
          "dispense_speed": 19,
          "aspirate_wait_time": 0.4988384824246168,
          "retract_speed": 7.143914949148893,
          "blowout_vol": 0.10267280777916311,
          "post_asp_air_vol": 0.05950242821127177,
          "pre_asp_air_vol": 0.02063605580478907
        }
      }
    },
    "target_volume_ml": 0.025,
    "measured_volume_ml": 0.024675599986822932,
    "duration_s": 15.076126794080324,
    "timestamp": 1764620314.7796464,
    "replicate_id": 1,
    "metadata": {
      "replicate": 1,
      "volume": 0.024675599986822932,
      "elapsed_s": 15.076126794080324,
      "actual_elapsed_s": 2.8199981898069382e-05,
      "start_time": "2025-12-01T15:18:34.779646",
      "end_time": "2025-12-01T15:18:34.779646",
      "target_volume_mL": 0.025,
      "overaspirate_vol": 0.0035458954260684547,
      "parameters": {
        "aspirate_speed": 14,
        "dispense_speed": 19,
        "aspirate_wait_time": 0.4988384824246168,
        "retract_speed": 7.143914949148893,
        "blowout_vol": 0.10267280777916311,
        "post_asp_air_vol": 0.05950242821127177,
        "pre_asp_air_vol": 0.02063605580478907
      }
    },
    "trial_score": 0.5757098000411036,
    "trial_quality": "within_tolerance"
  },
  {
    "measurement_id": "measurement_1764620314780823_1",
    "parameters": {
      "calibration": {
        "overaspirate_vol": 0.0035458954260684547
      },
      "hardware": {
        "parameters": {
          "aspirate_speed": 14,
          "dispense_speed": 19,
          "aspirate_wait_time": 0.4988384824246168,
          "retract_speed": 7.143914949148893,
          "blowout_vol": 0.10267280777916311,
          "post_asp_air_vol": 0.05950242821127177,
          "pre_asp_air_vol": 0.02063605580478907
        }
      }
    },
    "target_volume_ml": 0.025,
    "measured_volume_ml": 0.026399708222258747,
    "duration_s": 14.742384066145911,
    "timestamp": 1764620314.7808232,
    "replicate_id": 1,
    "metadata": {
      "replicate": 1,
      "volume": 0.026399708222258747,
      "elapsed_s": 14.742384066145911,
      "actual_elapsed_s": 2.7300091460347176e-05,
      "start_time": "2025-12-01T15:18:34.780823",
      "end_time": "2025-12-01T15:18:34.780823",
      "target_volume_mL": 0.025,
      "overaspirate_vol": 0.0035458954260684547,
      "parameters": {
        "aspirate_speed": 14,
        "dispense_speed": 19,
        "aspirate_wait_time": 0.4988384824246168,
        "retract_speed": 7.143914949148893,
        "blowout_vol": 0.10267280777916311,
        "post_asp_air_vol": 0.05950242821127177,
        "pre_asp_air_vol": 0.02063605580478907
      }
    },
    "trial_score": 0.5757098000411036,
    "trial_quality": "within_tolerance"
  },
  {
    "measurement_id": "measurement_1764620314780823_1",
    "parameters": {
      "calibration": {
        "overaspirate_vol": 0.0035458954260684547
      },
      "hardware": {
        "parameters": {
          "aspirate_speed": 14,
          "dispense_speed": 19,
          "aspirate_wait_time": 0.4988384824246168,
          "retract_speed": 7.143914949148893,
          "blowout_vol": 0.10267280777916311,
          "post_asp_air_vol": 0.05950242821127177,
          "pre_asp_air_vol": 0.02063605580478907
        }
      }
    },
    "target_volume_ml": 0.025,
    "measured_volume_ml": 0.02601138376847985,
    "duration_s": 15.461713092968484,
    "timestamp": 1764620314.7808232,
    "replicate_id": 1,
    "metadata": {
      "replicate": 1,
      "volume": 0.02601138376847985,
      "elapsed_s": 15.461713092968484,
      "actual_elapsed_s": 2.7499860152602196e-05,
      "start_time": "2025-12-01T15:18:34.780823",
      "end_time": "2025-12-01T15:18:34.780823",
      "target_volume_mL": 0.025,
      "overaspirate_vol": 0.0035458954260684547,
      "parameters": {
        "aspirate_speed": 14,
        "dispense_speed": 19,
        "aspirate_wait_time": 0.4988384824246168,
        "retract_speed": 7.143914949148893,
        "blowout_vol": 0.10267280777916311,
        "post_asp_air_vol": 0.05950242821127177,
        "pre_asp_air_vol": 0.02063605580478907
      }
    },
    "trial_score": 0.5757098000411036,
    "trial_quality": "within_tolerance"
  },
  {
    "measurement_id": "measurement_1764620314792518_1",
    "parameters": {
      "calibration": {
        "overaspirate_vol": 0.0010363125870935619
      },
      "hardware": {
        "parameters": {
          "aspirate_speed": 25,
          "dispense_speed": 10,
          "aspirate_wait_time": 1.773444265127182,
          "retract_speed": 2.2405562065541744,
          "blowout_vol": 0.00998847596347332,
          "post_asp_air_vol": 0.0479691319167614,
          "pre_asp_air_vol": 0.04242649860680103
        }
      }
    },
    "target_volume_ml": 0.025,
    "measured_volume_ml": 0.02421162578822246,
    "duration_s": 15.274266468362232,
    "timestamp": 1764620314.7925186,
    "replicate_id": 1,
    "metadata": {
      "replicate": 1,
      "volume": 0.02421162578822246,
      "elapsed_s": 15.274266468362232,
      "actual_elapsed_s": 3.720005042850971e-05,
      "start_time": "2025-12-01T15:18:34.792518",
      "end_time": "2025-12-01T15:18:34.792518",
      "target_volume_mL": 0.025,
      "overaspirate_vol": 0.0010363125870935619,
      "parameters": {
        "aspirate_speed": 25,
        "dispense_speed": 10,
        "aspirate_wait_time": 1.773444265127182,
        "retract_speed": 2.2405562065541744,
        "blowout_vol": 0.00998847596347332,
        "post_asp_air_vol": 0.0479691319167614,
        "pre_asp_air_vol": 0.04242649860680103
      }
    },
    "trial_score": 0.7585124421372826,
    "trial_quality": "partial_tolerance"
  },
  {
    "measurement_id": "measurement_1764620314792518_1",
    "parameters": {
      "calibration": {
        "overaspirate_vol": 0.0010363125870935619
      },
      "hardware": {
        "parameters": {
          "aspirate_speed": 25,
          "dispense_speed": 10,
          "aspirate_wait_time": 1.773444265127182,
          "retract_speed": 2.2405562065541744,
          "blowout_vol": 0.00998847596347332,
          "post_asp_air_vol": 0.0479691319167614,
          "pre_asp_air_vol": 0.04242649860680103
        }
      }
    },
    "target_volume_ml": 0.025,
    "measured_volume_ml": 0.02455679764282028,
    "duration_s": 16.027815418156337,
    "timestamp": 1764620314.7925186,
    "replicate_id": 1,
    "metadata": {
      "replicate": 1,
      "volume": 0.02455679764282028,
      "elapsed_s": 16.027815418156337,
      "actual_elapsed_s": 3.060000017285347e-05,
      "start_time": "2025-12-01T15:18:34.792518",
      "end_time": "2025-12-01T15:18:34.792518",
      "target_volume_mL": 0.025,
      "overaspirate_vol": 0.0010363125870935619,
      "parameters": {
        "aspirate_speed": 25,
        "dispense_speed": 10,
        "aspirate_wait_time": 1.773444265127182,
        "retract_speed": 2.2405562065541744,
        "blowout_vol": 0.00998847596347332,
        "post_asp_air_vol": 0.0479691319167614,
        "pre_asp_air_vol": 0.04242649860680103
      }
    },
    "trial_score": 0.7585124421372826,
    "trial_quality": "partial_tolerance"
  },
  {
    "measurement_id": "measurement_1764620314792518_1",
    "parameters": {
      "calibration": {
        "overaspirate_vol": 0.0010363125870935619
      },
      "hardware": {
        "parameters": {
          "aspirate_speed": 25,
          "dispense_speed": 10,
          "aspirate_wait_time": 1.773444265127182,
          "retract_speed": 2.2405562065541744,
          "blowout_vol": 0.00998847596347332,
          "post_asp_air_vol": 0.0479691319167614,
          "pre_asp_air_vol": 0.04242649860680103
        }
      }
    },
    "target_volume_ml": 0.025,
    "measured_volume_ml": 0.02302352076319609,
    "duration_s": 15.819234764358056,
    "timestamp": 1764620314.7925186,
    "replicate_id": 1,
    "metadata": {
      "replicate": 1,
      "volume": 0.02302352076319609,
      "elapsed_s": 15.819234764358056,
      "actual_elapsed_s": 2.759997732937336e-05,
      "start_time": "2025-12-01T15:18:34.792518",
      "end_time": "2025-12-01T15:18:34.792518",
      "target_volume_mL": 0.025,
      "overaspirate_vol": 0.0010363125870935619,
      "parameters": {
        "aspirate_speed": 25,
        "dispense_speed": 10,
        "aspirate_wait_time": 1.773444265127182,
        "retract_speed": 2.2405562065541744,
        "blowout_vol": 0.00998847596347332,
        "post_asp_air_vol": 0.0479691319167614,
        "pre_asp_air_vol": 0.04242649860680103
      }
    },
    "trial_score": 0.7585124421372826,
    "trial_quality": "partial_tolerance"
  },
  {
    "measurement_id": "measurement_1764620314792518_1",
    "parameters": {
      "calibration": {
        "overaspirate_vol": 0.0010363125870935619
      },
      "hardware": {
        "parameters": {
          "aspirate_speed": 25,
          "dispense_speed": 10,
          "aspirate_wait_time": 1.773444265127182,
          "retract_speed": 2.2405562065541744,
          "blowout_vol": 0.00998847596347332,
          "post_asp_air_vol": 0.0479691319167614,
          "pre_asp_air_vol": 0.04242649860680103
        }
      }
    },
    "target_volume_ml": 0.025,
    "measured_volume_ml": 0.0233079188495864,
    "duration_s": 14.897592667187723,
    "timestamp": 1764620314.7925186,
    "replicate_id": 1,
    "metadata": {
      "replicate": 1,
      "volume": 0.0233079188495864,
      "elapsed_s": 14.897592667187723,
      "actual_elapsed_s": 2.5900080800056458e-05,
      "start_time": "2025-12-01T15:18:34.792518",
      "end_time": "2025-12-01T15:18:34.792518",
      "target_volume_mL": 0.025,
      "overaspirate_vol": 0.0010363125870935619,
      "parameters": {
        "aspirate_speed": 25,
        "dispense_speed": 10,
        "aspirate_wait_time": 1.773444265127182,
        "retract_speed": 2.2405562065541744,
        "blowout_vol": 0.00998847596347332,
        "post_asp_air_vol": 0.0479691319167614,
        "pre_asp_air_vol": 0.04242649860680103
      }
    },
    "trial_score": 0.7585124421372826,
    "trial_quality": "partial_tolerance"
  },
  {
    "measurement_id": "measurement_1764620314792518_1",
    "parameters": {
      "calibration": {
        "overaspirate_vol": 0.0010363125870935619
      },
      "hardware": {
        "parameters": {
          "aspirate_speed": 25,
          "dispense_speed": 10,
          "aspirate_wait_time": 1.773444265127182,
          "retract_speed": 2.2405562065541744,
          "blowout_vol": 0.00998847596347332,
          "post_asp_air_vol": 0.0479691319167614,
          "pre_asp_air_vol": 0.04242649860680103
        }
      }
    },
    "target_volume_ml": 0.025,
    "measured_volume_ml": 0.024194421204121856,
    "duration_s": 16.096232002696357,
    "timestamp": 1764620314.7925186,
    "replicate_id": 1,
    "metadata": {
      "replicate": 1,
      "volume": 0.024194421204121856,
      "elapsed_s": 16.096232002696357,
      "actual_elapsed_s": 2.3999949917197227e-05,
      "start_time": "2025-12-01T15:18:34.792518",
      "end_time": "2025-12-01T15:18:34.792518",
      "target_volume_mL": 0.025,
      "overaspirate_vol": 0.0010363125870935619,
      "parameters": {
        "aspirate_speed": 25,
        "dispense_speed": 10,
        "aspirate_wait_time": 1.773444265127182,
        "retract_speed": 2.2405562065541744,
        "blowout_vol": 0.00998847596347332,
        "post_asp_air_vol": 0.0479691319167614,
        "pre_asp_air_vol": 0.04242649860680103
      }
    },
    "trial_score": 0.7585124421372826,
    "trial_quality": "partial_tolerance"
  },
  {
    "measurement_id": "measurement_1764620314810865_1",
    "parameters": {
      "calibration": {
        "overaspirate_vol": 0.004504670680034906
      },
      "hardware": {
        "parameters": {
          "aspirate_speed": 13,
          "dispense_speed": 25,
          "aspirate_wait_time": 0.8290719520300627,
          "retract_speed": 8.588049955666065,
          "blowout_vol": 0.21179681830108166,
          "post_asp_air_vol": 0.08455967260524631,
          "pre_asp_air_vol": 0.09781661070883274
        }
      }
    },
    "target_volume_ml": 0.025,
    "measured_volume_ml": 0.0265024977270131,
    "duration_s": 15.8059757573422,
    "timestamp": 1764620314.8108656,
    "replicate_id": 1,
    "metadata": {
      "replicate": 1,
      "volume": 0.0265024977270131,
      "elapsed_s": 15.8059757573422,
      "actual_elapsed_s": 4.660012200474739e-05,
      "start_time": "2025-12-01T15:18:34.810865",
      "end_time": "2025-12-01T15:18:34.810865",
      "target_volume_mL": 0.025,
      "overaspirate_vol": 0.004504670680034906,
      "parameters": {
        "aspirate_speed": 13,
        "dispense_speed": 25,
        "aspirate_wait_time": 0.8290719520300627,
        "retract_speed": 8.588049955666065,
        "blowout_vol": 0.21179681830108166,
        "post_asp_air_vol": 0.08455967260524631,
        "pre_asp_air_vol": 0.09781661070883274
      }
    },
    "trial_score": 0.6431211139109387,
    "trial_quality": "partial_tolerance"
  },
  {
    "measurement_id": "measurement_1764620314812614_1",
    "parameters": {
      "calibration": {
        "overaspirate_vol": 0.004504670680034906
      },
      "hardware": {
        "parameters": {
          "aspirate_speed": 13,
          "dispense_speed": 25,
          "aspirate_wait_time": 0.8290719520300627,
          "retract_speed": 8.588049955666065,
          "blowout_vol": 0.21179681830108166,
          "post_asp_air_vol": 0.08455967260524631,
          "pre_asp_air_vol": 0.09781661070883274
        }
      }
    },
    "target_volume_ml": 0.025,
    "measured_volume_ml": 0.027212073275034387,
    "duration_s": 15.563515367788867,
    "timestamp": 1764620314.812614,
    "replicate_id": 1,
    "metadata": {
      "replicate": 1,
      "volume": 0.027212073275034387,
      "elapsed_s": 15.563515367788867,
      "actual_elapsed_s": 3.290013410151005e-05,
      "start_time": "2025-12-01T15:18:34.812613",
      "end_time": "2025-12-01T15:18:34.812613",
      "target_volume_mL": 0.025,
      "overaspirate_vol": 0.004504670680034906,
      "parameters": {
        "aspirate_speed": 13,
        "dispense_speed": 25,
        "aspirate_wait_time": 0.8290719520300627,
        "retract_speed": 8.588049955666065,
        "blowout_vol": 0.21179681830108166,
        "post_asp_air_vol": 0.08455967260524631,
        "pre_asp_air_vol": 0.09781661070883274
      }
    },
    "trial_score": 0.6431211139109387,
    "trial_quality": "partial_tolerance"
  },
  {
    "measurement_id": "measurement_1764620314813622_1",
    "parameters": {
      "calibration": {
        "overaspirate_vol": 0.004504670680034906
      },
      "hardware": {
        "parameters": {
          "aspirate_speed": 13,
          "dispense_speed": 25,
          "aspirate_wait_time": 0.8290719520300627,
          "retract_speed": 8.588049955666065,
          "blowout_vol": 0.21179681830108166,
          "post_asp_air_vol": 0.08455967260524631,
          "pre_asp_air_vol": 0.09781661070883274
        }
      }
    },
    "target_volume_ml": 0.025,
    "measured_volume_ml": 0.026801300717286956,
    "duration_s": 14.960465758146817,
    "timestamp": 1764620314.8136222,
    "replicate_id": 1,
    "metadata": {
      "replicate": 1,
      "volume": 0.026801300717286956,
      "elapsed_s": 14.960465758146817,
      "actual_elapsed_s": 3.1400006264448166e-05,
      "start_time": "2025-12-01T15:18:34.812613",
      "end_time": "2025-12-01T15:18:34.812613",
      "target_volume_mL": 0.025,
      "overaspirate_vol": 0.004504670680034906,
      "parameters": {
        "aspirate_speed": 13,
        "dispense_speed": 25,
        "aspirate_wait_time": 0.8290719520300627,
        "retract_speed": 8.588049955666065,
        "blowout_vol": 0.21179681830108166,
        "post_asp_air_vol": 0.08455967260524631,
        "pre_asp_air_vol": 0.09781661070883274
      }
    },
    "trial_score": 0.6431211139109387,
    "trial_quality": "partial_tolerance"
  },
  {
    "measurement_id": "measurement_1764620314813622_1",
    "parameters": {
      "calibration": {
        "overaspirate_vol": 0.004504670680034906
      },
      "hardware": {
        "parameters": {
          "aspirate_speed": 13,
          "dispense_speed": 25,
          "aspirate_wait_time": 0.8290719520300627,
          "retract_speed": 8.588049955666065,
          "blowout_vol": 0.21179681830108166,
          "post_asp_air_vol": 0.08455967260524631,
          "pre_asp_air_vol": 0.09781661070883274
        }
      }
    },
    "target_volume_ml": 0.025,
    "measured_volume_ml": 0.02730118534818511,
    "duration_s": 15.130372742540306,
    "timestamp": 1764620314.8136222,
    "replicate_id": 1,
    "metadata": {
      "replicate": 1,
      "volume": 0.02730118534818511,
      "elapsed_s": 15.130372742540306,
      "actual_elapsed_s": 3.1400006264448166e-05,
      "start_time": "2025-12-01T15:18:34.813622",
      "end_time": "2025-12-01T15:18:34.813622",
      "target_volume_mL": 0.025,
      "overaspirate_vol": 0.004504670680034906,
      "parameters": {
        "aspirate_speed": 13,
        "dispense_speed": 25,
        "aspirate_wait_time": 0.8290719520300627,
        "retract_speed": 8.588049955666065,
        "blowout_vol": 0.21179681830108166,
        "post_asp_air_vol": 0.08455967260524631,
        "pre_asp_air_vol": 0.09781661070883274
      }
    },
    "trial_score": 0.6431211139109387,
    "trial_quality": "partial_tolerance"
  },
  {
    "measurement_id": "measurement_1764620314814623_1",
    "parameters": {
      "calibration": {
        "overaspirate_vol": 0.004504670680034906
      },
      "hardware": {
        "parameters": {
          "aspirate_speed": 13,
          "dispense_speed": 25,
          "aspirate_wait_time": 0.8290719520300627,
          "retract_speed": 8.588049955666065,
          "blowout_vol": 0.21179681830108166,
          "post_asp_air_vol": 0.08455967260524631,
          "pre_asp_air_vol": 0.09781661070883274
        }
      }
    },
    "target_volume_ml": 0.025,
    "measured_volume_ml": 0.026414281995920084,
    "duration_s": 15.383620879168998,
    "timestamp": 1764620314.8146236,
    "replicate_id": 1,
    "metadata": {
      "replicate": 1,
      "volume": 0.026414281995920084,
      "elapsed_s": 15.383620879168998,
      "actual_elapsed_s": 3.090011887252331e-05,
      "start_time": "2025-12-01T15:18:34.814623",
      "end_time": "2025-12-01T15:18:34.814623",
      "target_volume_mL": 0.025,
      "overaspirate_vol": 0.004504670680034906,
      "parameters": {
        "aspirate_speed": 13,
        "dispense_speed": 25,
        "aspirate_wait_time": 0.8290719520300627,
        "retract_speed": 8.588049955666065,
        "blowout_vol": 0.21179681830108166,
        "post_asp_air_vol": 0.08455967260524631,
        "pre_asp_air_vol": 0.09781661070883274
      }
    },
    "trial_score": 0.6431211139109387,
    "trial_quality": "partial_tolerance"
  },
  {
    "measurement_id": "measurement_1764620314830516_1",
    "parameters": {
      "calibration": {
        "overaspirate_vol": 0.005000000000000001
      },
      "hardware": {
        "parameters": {
          "aspirate_speed": 22,
          "dispense_speed": 16,
          "aspirate_wait_time": 0.7384333591908216,
          "retract_speed": 10.628792135044932,
          "blowout_vol": 0.25938279004767534,
          "post_asp_air_vol": 0.029098503291606903,
          "pre_asp_air_vol": 0.029573596362024546
        }
      }
    },
    "target_volume_ml": 0.025,
    "measured_volume_ml": 0.026571375244823052,
    "duration_s": 15.264287371694243,
    "timestamp": 1764620314.8305166,
    "replicate_id": 1,
    "metadata": {
      "replicate": 1,
      "volume": 0.026571375244823052,
      "elapsed_s": 15.264287371694243,
      "actual_elapsed_s": 4.770001396536827e-05,
      "start_time": "2025-12-01T15:18:34.830516",
      "end_time": "2025-12-01T15:18:34.830516",
      "target_volume_mL": 0.025,
      "overaspirate_vol": 0.005000000000000001,
      "parameters": {
        "aspirate_speed": 22,
        "dispense_speed": 16,
        "aspirate_wait_time": 0.7384333591908216,
        "retract_speed": 10.628792135044932,
        "blowout_vol": 0.25938279004767534,
        "post_asp_air_vol": 0.029098503291606903,
        "pre_asp_air_vol": 0.029573596362024546
      }
    },
    "trial_score": 0.6599281868431495,
    "trial_quality": "partial_tolerance"
  },
  {
    "measurement_id": "measurement_1764620314832550_1",
    "parameters": {
      "calibration": {
        "overaspirate_vol": 0.005000000000000001
      },
      "hardware": {
        "parameters": {
          "aspirate_speed": 22,
          "dispense_speed": 16,
          "aspirate_wait_time": 0.7384333591908216,
          "retract_speed": 10.628792135044932,
          "blowout_vol": 0.25938279004767534,
          "post_asp_air_vol": 0.029098503291606903,
          "pre_asp_air_vol": 0.029573596362024546
        }
      }
    },
    "target_volume_ml": 0.025,
    "measured_volume_ml": 0.026712250303976608,
    "duration_s": 14.274714774961554,
    "timestamp": 1764620314.83255,
    "replicate_id": 1,
    "metadata": {
      "replicate": 1,
      "volume": 0.026712250303976608,
      "elapsed_s": 14.274714774961554,
      "actual_elapsed_s": 4.220008850097656e-05,
      "start_time": "2025-12-01T15:18:34.832550",
      "end_time": "2025-12-01T15:18:34.832550",
      "target_volume_mL": 0.025,
      "overaspirate_vol": 0.005000000000000001,
      "parameters": {
        "aspirate_speed": 22,
        "dispense_speed": 16,
        "aspirate_wait_time": 0.7384333591908216,
        "retract_speed": 10.628792135044932,
        "blowout_vol": 0.25938279004767534,
        "post_asp_air_vol": 0.029098503291606903,
        "pre_asp_air_vol": 0.029573596362024546
      }
    },
    "trial_score": 0.6599281868431495,
    "trial_quality": "partial_tolerance"
  },
  {
    "measurement_id": "measurement_1764620314833557_1",
    "parameters": {
      "calibration": {
        "overaspirate_vol": 0.005000000000000001
      },
      "hardware": {
        "parameters": {
          "aspirate_speed": 22,
          "dispense_speed": 16,
          "aspirate_wait_time": 0.7384333591908216,
          "retract_speed": 10.628792135044932,
          "blowout_vol": 0.25938279004767534,
          "post_asp_air_vol": 0.029098503291606903,
          "pre_asp_air_vol": 0.029573596362024546
        }
      }
    },
    "target_volume_ml": 0.025,
    "measured_volume_ml": 0.027484146049212912,
    "duration_s": 15.080840460933679,
    "timestamp": 1764620314.833557,
    "replicate_id": 1,
    "metadata": {
      "replicate": 1,
      "volume": 0.027484146049212912,
      "elapsed_s": 15.080840460933679,
      "actual_elapsed_s": 3.7899939343333244e-05,
      "start_time": "2025-12-01T15:18:34.832550",
      "end_time": "2025-12-01T15:18:34.832550",
      "target_volume_mL": 0.025,
      "overaspirate_vol": 0.005000000000000001,
      "parameters": {
        "aspirate_speed": 22,
        "dispense_speed": 16,
        "aspirate_wait_time": 0.7384333591908216,
        "retract_speed": 10.628792135044932,
        "blowout_vol": 0.25938279004767534,
        "post_asp_air_vol": 0.029098503291606903,
        "pre_asp_air_vol": 0.029573596362024546
      }
    },
    "trial_score": 0.6599281868431495,
    "trial_quality": "partial_tolerance"
  },
  {
    "measurement_id": "measurement_1764620314833557_1",
    "parameters": {
      "calibration": {
        "overaspirate_vol": 0.005000000000000001
      },
      "hardware": {
        "parameters": {
          "aspirate_speed": 22,
          "dispense_speed": 16,
          "aspirate_wait_time": 0.7384333591908216,
          "retract_speed": 10.628792135044932,
          "blowout_vol": 0.25938279004767534,
          "post_asp_air_vol": 0.029098503291606903,
          "pre_asp_air_vol": 0.029573596362024546
        }
      }
    },
    "target_volume_ml": 0.025,
    "measured_volume_ml": 0.02680425259180297,
    "duration_s": 15.429796929995803,
    "timestamp": 1764620314.833557,
    "replicate_id": 1,
    "metadata": {
      "replicate": 1,
      "volume": 0.02680425259180297,
      "elapsed_s": 15.429796929995803,
      "actual_elapsed_s": 3.66999302059412e-05,
      "start_time": "2025-12-01T15:18:34.833557",
      "end_time": "2025-12-01T15:18:34.833557",
      "target_volume_mL": 0.025,
      "overaspirate_vol": 0.005000000000000001,
      "parameters": {
        "aspirate_speed": 22,
        "dispense_speed": 16,
        "aspirate_wait_time": 0.7384333591908216,
        "retract_speed": 10.628792135044932,
        "blowout_vol": 0.25938279004767534,
        "post_asp_air_vol": 0.029098503291606903,
        "pre_asp_air_vol": 0.029573596362024546
      }
    },
    "trial_score": 0.6599281868431495,
    "trial_quality": "partial_tolerance"
  },
  {
    "measurement_id": "measurement_1764620314834641_1",
    "parameters": {
      "calibration": {
        "overaspirate_vol": 0.005000000000000001
      },
      "hardware": {
        "parameters": {
          "aspirate_speed": 22,
          "dispense_speed": 16,
          "aspirate_wait_time": 0.7384333591908216,
          "retract_speed": 10.628792135044932,
          "blowout_vol": 0.25938279004767534,
          "post_asp_air_vol": 0.029098503291606903,
          "pre_asp_air_vol": 0.029573596362024546
        }
      }
    },
    "target_volume_ml": 0.025,
    "measured_volume_ml": 0.027467298388047217,
    "duration_s": 14.764123712641437,
    "timestamp": 1764620314.8346417,
    "replicate_id": 1,
    "metadata": {
      "replicate": 1,
      "volume": 0.027467298388047217,
      "elapsed_s": 14.764123712641437,
      "actual_elapsed_s": 3.8400059565901756e-05,
      "start_time": "2025-12-01T15:18:34.833557",
      "end_time": "2025-12-01T15:18:34.834641",
      "target_volume_mL": 0.025,
      "overaspirate_vol": 0.005000000000000001,
      "parameters": {
        "aspirate_speed": 22,
        "dispense_speed": 16,
        "aspirate_wait_time": 0.7384333591908216,
        "retract_speed": 10.628792135044932,
        "blowout_vol": 0.25938279004767534,
        "post_asp_air_vol": 0.029098503291606903,
        "pre_asp_air_vol": 0.029573596362024546
      }
    },
    "trial_score": 0.6599281868431495,
    "trial_quality": "partial_tolerance"
  },
  {
    "measurement_id": "measurement_1764620314852836_1",
    "parameters": {
      "calibration": {
        "overaspirate_vol": 0.000647928868420422
      },
      "hardware": {
        "parameters": {
          "aspirate_speed": 10,
          "dispense_speed": 9,
          "aspirate_wait_time": 1.684441164135933,
          "retract_speed": 3.433225007727742,
          "blowout_vol": 0.1141603318043053,
          "post_asp_air_vol": 0.0909331607632339,
          "pre_asp_air_vol": 0.08642713660374285
        }
      }
    },
    "target_volume_ml": 0.025,
    "measured_volume_ml": 0.02397849653964592,
    "duration_s": 15.619124360721392,
    "timestamp": 1764620314.8528364,
    "replicate_id": 1,
    "metadata": {
      "replicate": 1,
      "volume": 0.02397849653964592,
      "elapsed_s": 15.619124360721392,
      "actual_elapsed_s": 5.5999960750341415e-05,
      "start_time": "2025-12-01T15:18:34.852836",
      "end_time": "2025-12-01T15:18:34.852836",
      "target_volume_mL": 0.025,
      "overaspirate_vol": 0.000647928868420422,
      "parameters": {
        "aspirate_speed": 10,
        "dispense_speed": 9,
        "aspirate_wait_time": 1.684441164135933,
        "retract_speed": 3.433225007727742,
        "blowout_vol": 0.1141603318043053,
        "post_asp_air_vol": 0.0909331607632339,
        "pre_asp_air_vol": 0.08642713660374285
      }
    },
    "trial_score": 0.6278161230084234,
    "trial_quality": "partial_tolerance"
  },
  {
    "measurement_id": "measurement_1764620314853865_1",
    "parameters": {
      "calibration": {
        "overaspirate_vol": 0.000647928868420422
      },
      "hardware": {
        "parameters": {
          "aspirate_speed": 10,
          "dispense_speed": 9,
          "aspirate_wait_time": 1.684441164135933,
          "retract_speed": 3.433225007727742,
          "blowout_vol": 0.1141603318043053,
          "post_asp_air_vol": 0.0909331607632339,
          "pre_asp_air_vol": 0.08642713660374285
        }
      }
    },
    "target_volume_ml": 0.025,
    "measured_volume_ml": 0.023702810722396793,
    "duration_s": 15.08213925427984,
    "timestamp": 1764620314.8538651,
    "replicate_id": 1,
    "metadata": {
      "replicate": 1,
      "volume": 0.023702810722396793,
      "elapsed_s": 15.08213925427984,
      "actual_elapsed_s": 3.9899954572319984e-05,
      "start_time": "2025-12-01T15:18:34.853865",
      "end_time": "2025-12-01T15:18:34.853865",
      "target_volume_mL": 0.025,
      "overaspirate_vol": 0.000647928868420422,
      "parameters": {
        "aspirate_speed": 10,
        "dispense_speed": 9,
        "aspirate_wait_time": 1.684441164135933,
        "retract_speed": 3.433225007727742,
        "blowout_vol": 0.1141603318043053,
        "post_asp_air_vol": 0.0909331607632339,
        "pre_asp_air_vol": 0.08642713660374285
      }
    },
    "trial_score": 0.6278161230084234,
    "trial_quality": "partial_tolerance"
  },
  {
    "measurement_id": "measurement_1764620314853865_1",
    "parameters": {
      "calibration": {
        "overaspirate_vol": 0.000647928868420422
      },
      "hardware": {
        "parameters": {
          "aspirate_speed": 10,
          "dispense_speed": 9,
          "aspirate_wait_time": 1.684441164135933,
          "retract_speed": 3.433225007727742,
          "blowout_vol": 0.1141603318043053,
          "post_asp_air_vol": 0.0909331607632339,
          "pre_asp_air_vol": 0.08642713660374285
        }
      }
    },
    "target_volume_ml": 0.025,
    "measured_volume_ml": 0.0234048766473343,
    "duration_s": 14.517108356820435,
    "timestamp": 1764620314.8538651,
    "replicate_id": 1,
    "metadata": {
      "replicate": 1,
      "volume": 0.0234048766473343,
      "elapsed_s": 14.517108356820435,
      "actual_elapsed_s": 3.660004585981369e-05,
      "start_time": "2025-12-01T15:18:34.853865",
      "end_time": "2025-12-01T15:18:34.853865",
      "target_volume_mL": 0.025,
      "overaspirate_vol": 0.000647928868420422,
      "parameters": {
        "aspirate_speed": 10,
        "dispense_speed": 9,
        "aspirate_wait_time": 1.684441164135933,
        "retract_speed": 3.433225007727742,
        "blowout_vol": 0.1141603318043053,
        "post_asp_air_vol": 0.0909331607632339,
        "pre_asp_air_vol": 0.08642713660374285
      }
    },
    "trial_score": 0.6278161230084234,
    "trial_quality": "partial_tolerance"
  },
  {
    "measurement_id": "measurement_1764620314854995_1",
    "parameters": {
      "calibration": {
        "overaspirate_vol": 0.000647928868420422
      },
      "hardware": {
        "parameters": {
          "aspirate_speed": 10,
          "dispense_speed": 9,
          "aspirate_wait_time": 1.684441164135933,
          "retract_speed": 3.433225007727742,
          "blowout_vol": 0.1141603318043053,
          "post_asp_air_vol": 0.0909331607632339,
          "pre_asp_air_vol": 0.08642713660374285
        }
      }
    },
    "target_volume_ml": 0.025,
    "measured_volume_ml": 0.024440157219635883,
    "duration_s": 14.93114060079473,
    "timestamp": 1764620314.854995,
    "replicate_id": 1,
    "metadata": {
      "replicate": 1,
      "volume": 0.024440157219635883,
      "elapsed_s": 14.93114060079473,
      "actual_elapsed_s": 2.6999972760677338e-05,
      "start_time": "2025-12-01T15:18:34.854995",
      "end_time": "2025-12-01T15:18:34.854995",
      "target_volume_mL": 0.025,
      "overaspirate_vol": 0.000647928868420422,
      "parameters": {
        "aspirate_speed": 10,
        "dispense_speed": 9,
        "aspirate_wait_time": 1.684441164135933,
        "retract_speed": 3.433225007727742,
        "blowout_vol": 0.1141603318043053,
        "post_asp_air_vol": 0.0909331607632339,
        "pre_asp_air_vol": 0.08642713660374285
      }
    },
    "trial_score": 0.6278161230084234,
    "trial_quality": "partial_tolerance"
  },
  {
    "measurement_id": "measurement_1764620314854995_1",
    "parameters": {
      "calibration": {
        "overaspirate_vol": 0.000647928868420422
      },
      "hardware": {
        "parameters": {
          "aspirate_speed": 10,
          "dispense_speed": 9,
          "aspirate_wait_time": 1.684441164135933,
          "retract_speed": 3.433225007727742,
          "blowout_vol": 0.1141603318043053,
          "post_asp_air_vol": 0.0909331607632339,
          "pre_asp_air_vol": 0.08642713660374285
        }
      }
    },
    "target_volume_ml": 0.025,
    "measured_volume_ml": 0.023815900556140798,
    "duration_s": 14.406649086220192,
    "timestamp": 1764620314.854995,
    "replicate_id": 1,
    "metadata": {
      "replicate": 1,
      "volume": 0.023815900556140798,
      "elapsed_s": 14.406649086220192,
      "actual_elapsed_s": 3.0399998649954796e-05,
      "start_time": "2025-12-01T15:18:34.854995",
      "end_time": "2025-12-01T15:18:34.854995",
      "target_volume_mL": 0.025,
      "overaspirate_vol": 0.000647928868420422,
      "parameters": {
        "aspirate_speed": 10,
        "dispense_speed": 9,
        "aspirate_wait_time": 1.684441164135933,
        "retract_speed": 3.433225007727742,
        "blowout_vol": 0.1141603318043053,
        "post_asp_air_vol": 0.0909331607632339,
        "pre_asp_air_vol": 0.08642713660374285
      }
    },
    "trial_score": 0.6278161230084234,
    "trial_quality": "partial_tolerance"
  },
  {
    "measurement_id": "measurement_1764620314869505_1",
    "parameters": {
      "calibration": {
        "overaspirate_vol": 0.0022350604366511108
      },
      "hardware": {
        "parameters": {
          "aspirate_speed": 21,
          "dispense_speed": 20,
          "aspirate_wait_time": 0.08795310370624065,
          "retract_speed": 5.076346414163709,
          "blowout_vol": 0.07317595425993204,
          "post_asp_air_vol": 0.004039733204990625,
          "pre_asp_air_vol": 0.0519657707773149
        }
      }
    },
    "target_volume_ml": 0.025,
    "measured_volume_ml": 0.02521987068560031,
    "duration_s": 14.905684689957894,
    "timestamp": 1764620314.8695052,
    "replicate_id": 1,
    "metadata": {
      "replicate": 1,
      "volume": 0.02521987068560031,
      "elapsed_s": 14.905684689957894,
      "actual_elapsed_s": 3.9899954572319984e-05,
      "start_time": "2025-12-01T15:18:34.869505",
      "end_time": "2025-12-01T15:18:34.869505",
      "target_volume_mL": 0.025,
      "overaspirate_vol": 0.0022350604366511108,
      "parameters": {
        "aspirate_speed": 21,
        "dispense_speed": 20,
        "aspirate_wait_time": 0.08795310370624065,
        "retract_speed": 5.076346414163709,
        "blowout_vol": 0.07317595425993204,
        "post_asp_air_vol": 0.004039733204990625,
        "pre_asp_air_vol": 0.0519657707773149
      }
    },
    "trial_score": 0.4727598386140859,
    "trial_quality": "within_tolerance"
  },
  {
    "measurement_id": "measurement_1764620314870538_1",
    "parameters": {
      "calibration": {
        "overaspirate_vol": 0.0022350604366511108
      },
      "hardware": {
        "parameters": {
          "aspirate_speed": 21,
          "dispense_speed": 20,
          "aspirate_wait_time": 0.08795310370624065,
          "retract_speed": 5.076346414163709,
          "blowout_vol": 0.07317595425993204,
          "post_asp_air_vol": 0.004039733204990625,
          "pre_asp_air_vol": 0.0519657707773149
        }
      }
    },
    "target_volume_ml": 0.025,
    "measured_volume_ml": 0.02510902311312269,
    "duration_s": 15.355118726354512,
    "timestamp": 1764620314.8705382,
    "replicate_id": 1,
    "metadata": {
      "replicate": 1,
      "volume": 0.02510902311312269,
      "elapsed_s": 15.355118726354512,
      "actual_elapsed_s": 2.8999987989664078e-05,
      "start_time": "2025-12-01T15:18:34.870538",
      "end_time": "2025-12-01T15:18:34.870538",
      "target_volume_mL": 0.025,
      "overaspirate_vol": 0.0022350604366511108,
      "parameters": {
        "aspirate_speed": 21,
        "dispense_speed": 20,
        "aspirate_wait_time": 0.08795310370624065,
        "retract_speed": 5.076346414163709,
        "blowout_vol": 0.07317595425993204,
        "post_asp_air_vol": 0.004039733204990625,
        "pre_asp_air_vol": 0.0519657707773149
      }
    },
    "trial_score": 0.4727598386140859,
    "trial_quality": "within_tolerance"
  },
  {
    "measurement_id": "measurement_1764620314870538_1",
    "parameters": {
      "calibration": {
        "overaspirate_vol": 0.0022350604366511108
      },
      "hardware": {
        "parameters": {
          "aspirate_speed": 21,
          "dispense_speed": 20,
          "aspirate_wait_time": 0.08795310370624065,
          "retract_speed": 5.076346414163709,
          "blowout_vol": 0.07317595425993204,
          "post_asp_air_vol": 0.004039733204990625,
          "pre_asp_air_vol": 0.0519657707773149
        }
      }
    },
    "target_volume_ml": 0.025,
    "measured_volume_ml": 0.02519127287623712,
    "duration_s": 14.788633137344464,
    "timestamp": 1764620314.8705382,
    "replicate_id": 1,
    "metadata": {
      "replicate": 1,
      "volume": 0.02519127287623712,
      "elapsed_s": 14.788633137344464,
      "actual_elapsed_s": 3.3400021493434906e-05,
      "start_time": "2025-12-01T15:18:34.870538",
      "end_time": "2025-12-01T15:18:34.870538",
      "target_volume_mL": 0.025,
      "overaspirate_vol": 0.0022350604366511108,
      "parameters": {
        "aspirate_speed": 21,
        "dispense_speed": 20,
        "aspirate_wait_time": 0.08795310370624065,
        "retract_speed": 5.076346414163709,
        "blowout_vol": 0.07317595425993204,
        "post_asp_air_vol": 0.004039733204990625,
        "pre_asp_air_vol": 0.0519657707773149
      }
    },
    "trial_score": 0.4727598386140859,
    "trial_quality": "within_tolerance"
  },
  {
    "measurement_id": "measurement_1764620314871556_1",
    "parameters": {
      "calibration": {
        "overaspirate_vol": 0.0022350604366511108
      },
      "hardware": {
        "parameters": {
          "aspirate_speed": 21,
          "dispense_speed": 20,
          "aspirate_wait_time": 0.08795310370624065,
          "retract_speed": 5.076346414163709,
          "blowout_vol": 0.07317595425993204,
          "post_asp_air_vol": 0.004039733204990625,
          "pre_asp_air_vol": 0.0519657707773149
        }
      }
    },
    "target_volume_ml": 0.025,
    "measured_volume_ml": 0.02528980092763377,
    "duration_s": 15.016013968173208,
    "timestamp": 1764620314.8715565,
    "replicate_id": 1,
    "metadata": {
      "replicate": 1,
      "volume": 0.02528980092763377,
      "elapsed_s": 15.016013968173208,
      "actual_elapsed_s": 3.1800009310245514e-05,
      "start_time": "2025-12-01T15:18:34.871556",
      "end_time": "2025-12-01T15:18:34.871556",
      "target_volume_mL": 0.025,
      "overaspirate_vol": 0.0022350604366511108,
      "parameters": {
        "aspirate_speed": 21,
        "dispense_speed": 20,
        "aspirate_wait_time": 0.08795310370624065,
        "retract_speed": 5.076346414163709,
        "blowout_vol": 0.07317595425993204,
        "post_asp_air_vol": 0.004039733204990625,
        "pre_asp_air_vol": 0.0519657707773149
      }
    },
    "trial_score": 0.4727598386140859,
    "trial_quality": "within_tolerance"
  },
  {
    "measurement_id": "measurement_1764620314872553_1",
    "parameters": {
      "calibration": {
        "overaspirate_vol": 0.0022350604366511108
      },
      "hardware": {
        "parameters": {
          "aspirate_speed": 21,
          "dispense_speed": 20,
          "aspirate_wait_time": 0.08795310370624065,
          "retract_speed": 5.076346414163709,
          "blowout_vol": 0.07317595425993204,
          "post_asp_air_vol": 0.004039733204990625,
          "pre_asp_air_vol": 0.0519657707773149
        }
      }
    },
    "target_volume_ml": 0.025,
    "measured_volume_ml": 0.026509277935470584,
    "duration_s": 16.83393661129338,
    "timestamp": 1764620314.872553,
    "replicate_id": 1,
    "metadata": {
      "replicate": 1,
      "volume": 0.026509277935470584,
      "elapsed_s": 16.83393661129338,
      "actual_elapsed_s": 3.169989213347435e-05,
      "start_time": "2025-12-01T15:18:34.871556",
      "end_time": "2025-12-01T15:18:34.872553",
      "target_volume_mL": 0.025,
      "overaspirate_vol": 0.0022350604366511108,
      "parameters": {
        "aspirate_speed": 21,
        "dispense_speed": 20,
        "aspirate_wait_time": 0.08795310370624065,
        "retract_speed": 5.076346414163709,
        "blowout_vol": 0.07317595425993204,
        "post_asp_air_vol": 0.004039733204990625,
        "pre_asp_air_vol": 0.0519657707773149
      }
    },
    "trial_score": 0.4727598386140859,
    "trial_quality": "within_tolerance"
  },
  {
    "measurement_id": "measurement_1764620314894211_1",
    "parameters": {
      "calibration": {
        "overaspirate_vol": 0.005000000000000001
      },
      "hardware": {
        "parameters": {
          "aspirate_speed": 17,
          "dispense_speed": 15,
          "aspirate_wait_time": 1.0184692442417145,
          "retract_speed": 12.752354903146625,
          "blowout_vol": 0.1526927137747407,
          "post_asp_air_vol": 0.0659720467403531,
          "pre_asp_air_vol": 0.0078093579970300205
        }
      }
    },
    "target_volume_ml": 0.025,
    "measured_volume_ml": 0.0267551753784177,
    "duration_s": 15.386382401726182,
    "timestamp": 1764620314.8942115,
    "replicate_id": 1,
    "metadata": {
      "replicate": 1,
      "volume": 0.0267551753784177,
      "elapsed_s": 15.386382401726182,
      "actual_elapsed_s": 5.479995161294937e-05,
      "start_time": "2025-12-01T15:18:34.893531",
      "end_time": "2025-12-01T15:18:34.893531",
      "target_volume_mL": 0.025,
      "overaspirate_vol": 0.005000000000000001,
      "parameters": {
        "aspirate_speed": 17,
        "dispense_speed": 15,
        "aspirate_wait_time": 1.0184692442417145,
        "retract_speed": 12.752354903146625,
        "blowout_vol": 0.1526927137747407,
        "post_asp_air_vol": 0.0659720467403531,
        "pre_asp_air_vol": 0.0078093579970300205
      }
    },
    "trial_score": 0.8788432032607667,
    "trial_quality": "partial_tolerance"
  },
  {
    "measurement_id": "measurement_1764620314894765_1",
    "parameters": {
      "calibration": {
        "overaspirate_vol": 0.005000000000000001
      },
      "hardware": {
        "parameters": {
          "aspirate_speed": 17,
          "dispense_speed": 15,
          "aspirate_wait_time": 1.0184692442417145,
          "retract_speed": 12.752354903146625,
          "blowout_vol": 0.1526927137747407,
          "post_asp_air_vol": 0.0659720467403531,
          "pre_asp_air_vol": 0.0078093579970300205
        }
      }
    },
    "target_volume_ml": 0.025,
    "measured_volume_ml": 0.026119439425316592,
    "duration_s": 15.53686614306451,
    "timestamp": 1764620314.8947659,
    "replicate_id": 1,
    "metadata": {
      "replicate": 1,
      "volume": 0.026119439425316592,
      "elapsed_s": 15.53686614306451,
      "actual_elapsed_s": 4.840013571083546e-05,
      "start_time": "2025-12-01T15:18:34.894211",
      "end_time": "2025-12-01T15:18:34.894765",
      "target_volume_mL": 0.025,
      "overaspirate_vol": 0.005000000000000001,
      "parameters": {
        "aspirate_speed": 17,
        "dispense_speed": 15,
        "aspirate_wait_time": 1.0184692442417145,
        "retract_speed": 12.752354903146625,
        "blowout_vol": 0.1526927137747407,
        "post_asp_air_vol": 0.0659720467403531,
        "pre_asp_air_vol": 0.0078093579970300205
      }
    },
    "trial_score": 0.8788432032607667,
    "trial_quality": "partial_tolerance"
  },
  {
    "measurement_id": "measurement_1764620314894765_1",
    "parameters": {
      "calibration": {
        "overaspirate_vol": 0.005000000000000001
      },
      "hardware": {
        "parameters": {
          "aspirate_speed": 17,
          "dispense_speed": 15,
          "aspirate_wait_time": 1.0184692442417145,
          "retract_speed": 12.752354903146625,
          "blowout_vol": 0.1526927137747407,
          "post_asp_air_vol": 0.0659720467403531,
          "pre_asp_air_vol": 0.0078093579970300205
        }
      }
    },
    "target_volume_ml": 0.025,
    "measured_volume_ml": 0.027413242357665794,
    "duration_s": 14.823090332590517,
    "timestamp": 1764620314.8947659,
    "replicate_id": 1,
    "metadata": {
      "replicate": 1,
      "volume": 0.027413242357665794,
      "elapsed_s": 14.823090332590517,
      "actual_elapsed_s": 3.620004281401634e-05,
      "start_time": "2025-12-01T15:18:34.894765",
      "end_time": "2025-12-01T15:18:34.894765",
      "target_volume_mL": 0.025,
      "overaspirate_vol": 0.005000000000000001,
      "parameters": {
        "aspirate_speed": 17,
        "dispense_speed": 15,
        "aspirate_wait_time": 1.0184692442417145,
        "retract_speed": 12.752354903146625,
        "blowout_vol": 0.1526927137747407,
        "post_asp_air_vol": 0.0659720467403531,
        "pre_asp_air_vol": 0.0078093579970300205
      }
    },
    "trial_score": 0.8788432032607667,
    "trial_quality": "partial_tolerance"
  },
  {
    "measurement_id": "measurement_1764620314895960_1",
    "parameters": {
      "calibration": {
        "overaspirate_vol": 0.005000000000000001
      },
      "hardware": {
        "parameters": {
          "aspirate_speed": 17,
          "dispense_speed": 15,
          "aspirate_wait_time": 1.0184692442417145,
          "retract_speed": 12.752354903146625,
          "blowout_vol": 0.1526927137747407,
          "post_asp_air_vol": 0.0659720467403531,
          "pre_asp_air_vol": 0.0078093579970300205
        }
      }
    },
    "target_volume_ml": 0.025,
    "measured_volume_ml": 0.026669258865964496,
    "duration_s": 15.221270784938849,
    "timestamp": 1764620314.8959603,
    "replicate_id": 1,
    "metadata": {
      "replicate": 1,
      "volume": 0.026669258865964496,
      "elapsed_s": 15.221270784938849,
      "actual_elapsed_s": 3.509991802275181e-05,
      "start_time": "2025-12-01T15:18:34.895960",
      "end_time": "2025-12-01T15:18:34.895960",
      "target_volume_mL": 0.025,
      "overaspirate_vol": 0.005000000000000001,
      "parameters": {
        "aspirate_speed": 17,
        "dispense_speed": 15,
        "aspirate_wait_time": 1.0184692442417145,
        "retract_speed": 12.752354903146625,
        "blowout_vol": 0.1526927137747407,
        "post_asp_air_vol": 0.0659720467403531,
        "pre_asp_air_vol": 0.0078093579970300205
      }
    },
    "trial_score": 0.8788432032607667,
    "trial_quality": "partial_tolerance"
  },
  {
    "measurement_id": "measurement_1764620314895960_1",
    "parameters": {
      "calibration": {
        "overaspirate_vol": 0.005000000000000001
      },
      "hardware": {
        "parameters": {
          "aspirate_speed": 17,
          "dispense_speed": 15,
          "aspirate_wait_time": 1.0184692442417145,
          "retract_speed": 12.752354903146625,
          "blowout_vol": 0.1526927137747407,
          "post_asp_air_vol": 0.0659720467403531,
          "pre_asp_air_vol": 0.0078093579970300205
        }
      }
    },
    "target_volume_ml": 0.025,
    "measured_volume_ml": 0.028621514426956988,
    "duration_s": 15.661793043805217,
    "timestamp": 1764620314.8959603,
    "replicate_id": 1,
    "metadata": {
      "replicate": 1,
      "volume": 0.028621514426956988,
      "elapsed_s": 15.661793043805217,
      "actual_elapsed_s": 3.320001997053623e-05,
      "start_time": "2025-12-01T15:18:34.895960",
      "end_time": "2025-12-01T15:18:34.895960",
      "target_volume_mL": 0.025,
      "overaspirate_vol": 0.005000000000000001,
      "parameters": {
        "aspirate_speed": 17,
        "dispense_speed": 15,
        "aspirate_wait_time": 1.0184692442417145,
        "retract_speed": 12.752354903146625,
        "blowout_vol": 0.1526927137747407,
        "post_asp_air_vol": 0.0659720467403531,
        "pre_asp_air_vol": 0.0078093579970300205
      }
    },
    "trial_score": 0.8788432032607667,
    "trial_quality": "partial_tolerance"
  },
  {
    "measurement_id": "measurement_1764620314915439_1",
    "parameters": {
      "calibration": {
        "overaspirate_vol": 0.005000000000000001
      },
      "hardware": {
        "parameters": {
          "aspirate_speed": 24,
          "dispense_speed": 22,
          "aspirate_wait_time": 1.5040049459785223,
          "retract_speed": 6.682988269254565,
          "blowout_vol": 0.20010526534169912,
          "post_asp_air_vol": 0.0329994055442512,
          "pre_asp_air_vol": 0.03458553068339825
        }
      }
    },
    "target_volume_ml": 0.025,
    "measured_volume_ml": 0.027914107266021993,
    "duration_s": 16.217887202987335,
    "timestamp": 1764620314.9154394,
    "replicate_id": 1,
    "metadata": {
      "replicate": 1,
      "volume": 0.027914107266021993,
      "elapsed_s": 16.217887202987335,
      "actual_elapsed_s": 5.349982529878616e-05,
      "start_time": "2025-12-01T15:18:34.915439",
      "end_time": "2025-12-01T15:18:34.915439",
      "target_volume_mL": 0.025,
      "overaspirate_vol": 0.005000000000000001,
      "parameters": {
        "aspirate_speed": 24,
        "dispense_speed": 22,
        "aspirate_wait_time": 1.5040049459785223,
        "retract_speed": 6.682988269254565,
        "blowout_vol": 0.20010526534169912,
        "post_asp_air_vol": 0.0329994055442512,
        "pre_asp_air_vol": 0.03458553068339825
      }
    },
    "trial_score": 2.0169732861118304,
    "trial_quality": "outside_tolerance"
  },
  {
    "measurement_id": "measurement_1764620314931649_1",
    "parameters": {
      "calibration": {
        "overaspirate_vol": 0.002728615093510598
      },
      "hardware": {
        "parameters": {
          "aspirate_speed": 12,
          "dispense_speed": 13,
          "aspirate_wait_time": 0.5750738009810448,
          "retract_speed": 14.755060510709882,
          "blowout_vol": 0.026935190521180628,
          "post_asp_air_vol": 0.09640879333019257,
          "pre_asp_air_vol": 0.08065834306180478
        }
      }
    },
    "target_volume_ml": 0.025,
    "measured_volume_ml": 0.02749862951987991,
    "duration_s": 15.299509382508054,
    "timestamp": 1764620314.9316497,
    "replicate_id": 1,
    "metadata": {
      "replicate": 1,
      "volume": 0.02749862951987991,
      "elapsed_s": 15.299509382508054,
      "actual_elapsed_s": 4.830001853406429e-05,
      "start_time": "2025-12-01T15:18:34.931649",
      "end_time": "2025-12-01T15:18:34.931649",
      "target_volume_mL": 0.025,
      "overaspirate_vol": 0.002728615093510598,
      "parameters": {
        "aspirate_speed": 12,
        "dispense_speed": 13,
        "aspirate_wait_time": 0.5750738009810448,
        "retract_speed": 14.755060510709882,
        "blowout_vol": 0.026935190521180628,
        "post_asp_air_vol": 0.09640879333019257,
        "pre_asp_air_vol": 0.08065834306180478
      }
    },
    "trial_score": 0.7682055002657223,
    "trial_quality": "within_tolerance"
  },
  {
    "measurement_id": "measurement_1764620314933571_1",
    "parameters": {
      "calibration": {
        "overaspirate_vol": 0.002728615093510598
      },
      "hardware": {
        "parameters": {
          "aspirate_speed": 12,
          "dispense_speed": 13,
          "aspirate_wait_time": 0.5750738009810448,
          "retract_speed": 14.755060510709882,
          "blowout_vol": 0.026935190521180628,
          "post_asp_air_vol": 0.09640879333019257,
          "pre_asp_air_vol": 0.08065834306180478
        }
      }
    },
    "target_volume_ml": 0.025,
    "measured_volume_ml": 0.025703137504938536,
    "duration_s": 15.496778801514733,
    "timestamp": 1764620314.9335716,
    "replicate_id": 1,
    "metadata": {
      "replicate": 1,
      "volume": 0.025703137504938536,
      "elapsed_s": 15.496778801514733,
      "actual_elapsed_s": 3.9499951526522636e-05,
      "start_time": "2025-12-01T15:18:34.933571",
      "end_time": "2025-12-01T15:18:34.933571",
      "target_volume_mL": 0.025,
      "overaspirate_vol": 0.002728615093510598,
      "parameters": {
        "aspirate_speed": 12,
        "dispense_speed": 13,
        "aspirate_wait_time": 0.5750738009810448,
        "retract_speed": 14.755060510709882,
        "blowout_vol": 0.026935190521180628,
        "post_asp_air_vol": 0.09640879333019257,
        "pre_asp_air_vol": 0.08065834306180478
      }
    },
    "trial_score": 0.7682055002657223,
    "trial_quality": "within_tolerance"
  },
  {
    "measurement_id": "measurement_1764620314933571_1",
    "parameters": {
      "calibration": {
        "overaspirate_vol": 0.002728615093510598
      },
      "hardware": {
        "parameters": {
          "aspirate_speed": 12,
          "dispense_speed": 13,
          "aspirate_wait_time": 0.5750738009810448,
          "retract_speed": 14.755060510709882,
          "blowout_vol": 0.026935190521180628,
          "post_asp_air_vol": 0.09640879333019257,
          "pre_asp_air_vol": 0.08065834306180478
        }
      }
    },
    "target_volume_ml": 0.025,
    "measured_volume_ml": 0.025424173525777458,
    "duration_s": 15.327399311925225,
    "timestamp": 1764620314.9335716,
    "replicate_id": 1,
    "metadata": {
      "replicate": 1,
      "volume": 0.025424173525777458,
      "elapsed_s": 15.327399311925225,
      "actual_elapsed_s": 3.769993782043457e-05,
      "start_time": "2025-12-01T15:18:34.933571",
      "end_time": "2025-12-01T15:18:34.933571",
      "target_volume_mL": 0.025,
      "overaspirate_vol": 0.002728615093510598,
      "parameters": {
        "aspirate_speed": 12,
        "dispense_speed": 13,
        "aspirate_wait_time": 0.5750738009810448,
        "retract_speed": 14.755060510709882,
        "blowout_vol": 0.026935190521180628,
        "post_asp_air_vol": 0.09640879333019257,
        "pre_asp_air_vol": 0.08065834306180478
      }
    },
    "trial_score": 0.7682055002657223,
    "trial_quality": "within_tolerance"
  },
  {
    "measurement_id": "measurement_1764620314934577_1",
    "parameters": {
      "calibration": {
        "overaspirate_vol": 0.002728615093510598
      },
      "hardware": {
        "parameters": {
          "aspirate_speed": 12,
          "dispense_speed": 13,
          "aspirate_wait_time": 0.5750738009810448,
          "retract_speed": 14.755060510709882,
          "blowout_vol": 0.026935190521180628,
          "post_asp_air_vol": 0.09640879333019257,
          "pre_asp_air_vol": 0.08065834306180478
        }
      }
    },
    "target_volume_ml": 0.025,
    "measured_volume_ml": 0.025575988694874662,
    "duration_s": 14.416626472293567,
    "timestamp": 1764620314.9345775,
    "replicate_id": 1,
    "metadata": {
      "replicate": 1,
      "volume": 0.025575988694874662,
      "elapsed_s": 14.416626472293567,
      "actual_elapsed_s": 3.860006108880043e-05,
      "start_time": "2025-12-01T15:18:34.934577",
      "end_time": "2025-12-01T15:18:34.934577",
      "target_volume_mL": 0.025,
      "overaspirate_vol": 0.002728615093510598,
      "parameters": {
        "aspirate_speed": 12,
        "dispense_speed": 13,
        "aspirate_wait_time": 0.5750738009810448,
        "retract_speed": 14.755060510709882,
        "blowout_vol": 0.026935190521180628,
        "post_asp_air_vol": 0.09640879333019257,
        "pre_asp_air_vol": 0.08065834306180478
      }
    },
    "trial_score": 0.7682055002657223,
    "trial_quality": "within_tolerance"
  },
  {
    "measurement_id": "measurement_1764620314935582_1",
    "parameters": {
      "calibration": {
        "overaspirate_vol": 0.002728615093510598
      },
      "hardware": {
        "parameters": {
          "aspirate_speed": 12,
          "dispense_speed": 13,
          "aspirate_wait_time": 0.5750738009810448,
          "retract_speed": 14.755060510709882,
          "blowout_vol": 0.026935190521180628,
          "post_asp_air_vol": 0.09640879333019257,
          "pre_asp_air_vol": 0.08065834306180478
        }
      }
    },
    "target_volume_ml": 0.025,
    "measured_volume_ml": 0.025772873779084566,
    "duration_s": 15.500425815088043,
    "timestamp": 1764620314.935582,
    "replicate_id": 1,
    "metadata": {
      "replicate": 1,
      "volume": 0.025772873779084566,
      "elapsed_s": 15.500425815088043,
      "actual_elapsed_s": 3.929995000362396e-05,
      "start_time": "2025-12-01T15:18:34.934577",
      "end_time": "2025-12-01T15:18:34.935581",
      "target_volume_mL": 0.025,
      "overaspirate_vol": 0.002728615093510598,
      "parameters": {
        "aspirate_speed": 12,
        "dispense_speed": 13,
        "aspirate_wait_time": 0.5750738009810448,
        "retract_speed": 14.755060510709882,
        "blowout_vol": 0.026935190521180628,
        "post_asp_air_vol": 0.09640879333019257,
        "pre_asp_air_vol": 0.08065834306180478
      }
    },
    "trial_score": 0.7682055002657223,
    "trial_quality": "within_tolerance"
  },
  {
    "measurement_id": "measurement_1764620314938097_1",
    "parameters": {
      "calibration": {
        "overaspirate_vol": 0.0022350604366511108
      },
      "hardware": {
        "parameters": {
          "aspirate_speed": 21,
          "dispense_speed": 20,
          "aspirate_wait_time": 0.08795310370624065,
          "retract_speed": 5.076346414163709,
          "blowout_vol": 0.07317595425993204,
          "post_asp_air_vol": 0.004039733204990625,
          "pre_asp_air_vol": 0.0519657707773149
        }
      }
    },
    "target_volume_ml": 0.025,
    "measured_volume_ml": 0.02532776533648506,
    "duration_s": 14.442643555851538,
    "timestamp": 1764620314.9380975,
    "replicate_id": 1,
    "metadata": {
      "replicate": 1,
      "volume": 0.02532776533648506,
      "elapsed_s": 14.442643555851538,
      "actual_elapsed_s": 7.790001109242439e-05,
      "start_time": "2025-12-01T15:18:34.938097",
      "end_time": "2025-12-01T15:18:34.938097",
      "target_volume_mL": 0.025,
      "overaspirate_vol": 0.0022350604366511108,
      "parameters": {
        "aspirate_speed": 21,
        "dispense_speed": 20,
        "aspirate_wait_time": 0.08795310370624065,
        "retract_speed": 5.076346414163709,
        "blowout_vol": 0.07317595425993204,
        "post_asp_air_vol": 0.004039733204990625,
        "pre_asp_air_vol": 0.0519657707773149
      }
    },
    "trial_score": 0.6646809314919706,
    "trial_quality": "within_tolerance"
  },
  {
    "measurement_id": "measurement_1764620314939271_1",
    "parameters": {
      "calibration": {
        "overaspirate_vol": 0.0002350604366511107
      },
      "hardware": {
        "parameters": {
          "aspirate_speed": 21,
          "dispense_speed": 20,
          "aspirate_wait_time": 0.08795310370624065,
          "retract_speed": 5.076346414163709,
          "blowout_vol": 0.07317595425993204,
          "post_asp_air_vol": 0.004039733204990625,
          "pre_asp_air_vol": 0.0519657707773149
        }
      }
    },
    "target_volume_ml": 0.025,
    "measured_volume_ml": 0.02352575523943864,
    "duration_s": 15.145530531586292,
    "timestamp": 1764620314.9392717,
    "replicate_id": 1,
    "metadata": {
      "replicate": 1,
      "volume": 0.02352575523943864,
      "elapsed_s": 15.145530531586292,
      "actual_elapsed_s": 3.5700155422091484e-05,
      "start_time": "2025-12-01T15:18:34.938097",
      "end_time": "2025-12-01T15:18:34.938097",
      "target_volume_mL": 0.025,
      "overaspirate_vol": 0.0002350604366511107,
      "parameters": {
        "aspirate_speed": 21,
        "dispense_speed": 20,
        "aspirate_wait_time": 0.08795310370624065,
        "retract_speed": 5.076346414163709,
        "blowout_vol": 0.07317595425993204,
        "post_asp_air_vol": 0.004039733204990625,
        "pre_asp_air_vol": 0.0519657707773149
      }
    },
    "trial_score": 0.9627662362092768,
    "trial_quality": "partial_tolerance"
  },
  {
    "measurement_id": "measurement_1764620315056830_1",
    "parameters": {
      "calibration": {
        "overaspirate_vol": 0.0022350604366511108
      },
      "hardware": {
        "parameters": {
          "aspirate_speed": 21,
          "dispense_speed": 20,
          "aspirate_wait_time": 0.08795310370624065,
          "retract_speed": 5.076346414163709,
          "blowout_vol": 0.07317595425993204,
          "post_asp_air_vol": 0.004039733204990625,
          "pre_asp_air_vol": 0.0519657707773149
        }
      }
    },
    "target_volume_ml": 0.01,
    "measured_volume_ml": 0.010086865152011085,
    "duration_s": 14.801122132207501,
    "timestamp": 1764620315.05683,
    "replicate_id": 1,
    "metadata": {
      "replicate": 1,
      "volume": 0.010086865152011085,
      "elapsed_s": 14.801122132207501,
      "actual_elapsed_s": 5.270005203783512e-05,
      "start_time": "2025-12-01T15:18:35.056830",
      "end_time": "2025-12-01T15:18:35.056830",
      "target_volume_mL": 0.01,
      "overaspirate_vol": 0.0022350604366511108,
      "parameters": {
        "aspirate_speed": 21,
        "dispense_speed": 20,
        "aspirate_wait_time": 0.08795310370624065,
        "retract_speed": 5.076346414163709,
        "blowout_vol": 0.07317595425993204,
        "post_asp_air_vol": 0.004039733204990625,
        "pre_asp_air_vol": 0.0519657707773149
      }
    },
    "trial_score": 0.5956651548466034,
    "trial_quality": "within_tolerance"
  },
  {
    "measurement_id": "measurement_1764620315057908_1",
    "parameters": {
      "calibration": {
        "overaspirate_vol": 0.0002350604366511107
      },
      "hardware": {
        "parameters": {
          "aspirate_speed": 21,
          "dispense_speed": 20,
          "aspirate_wait_time": 0.08795310370624065,
          "retract_speed": 5.076346414163709,
          "blowout_vol": 0.07317595425993204,
          "post_asp_air_vol": 0.004039733204990625,
          "pre_asp_air_vol": 0.0519657707773149
        }
      }
    },
    "target_volume_ml": 0.01,
    "measured_volume_ml": 0.009346769391947321,
    "duration_s": 15.428278880998908,
    "timestamp": 1764620315.0579083,
    "replicate_id": 1,
    "metadata": {
      "replicate": 1,
      "volume": 0.009346769391947321,
      "elapsed_s": 15.428278880998908,
      "actual_elapsed_s": 4.779989831149578e-05,
      "start_time": "2025-12-01T15:18:35.057908",
      "end_time": "2025-12-01T15:18:35.057908",
      "target_volume_mL": 0.01,
      "overaspirate_vol": 0.0002350604366511107,
      "parameters": {
        "aspirate_speed": 21,
        "dispense_speed": 20,
        "aspirate_wait_time": 0.08795310370624065,
        "retract_speed": 5.076346414163709,
        "blowout_vol": 0.07317595425993204,
        "post_asp_air_vol": 0.004039733204990625,
        "pre_asp_air_vol": 0.0519657707773149
      }
    },
    "trial_score": 0.8998172538980918,
    "trial_quality": "within_tolerance"
  },
  {
    "measurement_id": "measurement_1764620315062392_1",
    "parameters": {
      "calibration": {
        "overaspirate_vol": 0.0020003201322245584
      },
      "hardware": {
        "parameters": {
          "aspirate_speed": 21,
          "dispense_speed": 20,
          "aspirate_wait_time": 0.08795310370624065,
          "retract_speed": 5.076346414163709,
          "blowout_vol": 0.07317595425993204,
          "post_asp_air_vol": 0.004039733204990625,
          "pre_asp_air_vol": 0.0519657707773149
        }
      }
    },
    "target_volume_ml": 0.01,
    "measured_volume_ml": 0.010406676425438027,
    "duration_s": 14.962424106297556,
    "timestamp": 1764620315.062392,
    "replicate_id": 1,
    "metadata": {
      "replicate": 1,
      "volume": 0.010406676425438027,
      "elapsed_s": 14.962424106297556,
      "actual_elapsed_s": 6.810016930103302e-05,
      "start_time": "2025-12-01T15:18:35.062392",
      "end_time": "2025-12-01T15:18:35.062392",
      "target_volume_mL": 0.01,
      "overaspirate_vol": 0.0020003201322245584,
      "parameters": {
        "aspirate_speed": 21,
        "dispense_speed": 20,
        "aspirate_wait_time": 0.08795310370624065,
        "retract_speed": 5.076346414163709,
        "blowout_vol": 0.07317595425993204,
        "post_asp_air_vol": 0.004039733204990625,
        "pre_asp_air_vol": 0.0519657707773149
      }
    },
    "trial_score": 0.27964682678574065,
    "trial_quality": "within_tolerance"
  },
  {
    "measurement_id": "measurement_1764620315062392_1",
    "parameters": {
      "calibration": {
        "overaspirate_vol": 0.0020003201322245584
      },
      "hardware": {
        "parameters": {
          "aspirate_speed": 21,
          "dispense_speed": 20,
          "aspirate_wait_time": 0.08795310370624065,
          "retract_speed": 5.076346414163709,
          "blowout_vol": 0.07317595425993204,
          "post_asp_air_vol": 0.004039733204990625,
          "pre_asp_air_vol": 0.0519657707773149
        }
      }
    },
    "target_volume_ml": 0.01,
    "measured_volume_ml": 0.010193832759240518,
    "duration_s": 14.776021531361943,
    "timestamp": 1764620315.062392,
    "replicate_id": 1,
    "metadata": {
      "replicate": 1,
      "volume": 0.010193832759240518,
      "elapsed_s": 14.776021531361943,
      "actual_elapsed_s": 2.4499837309122086e-05,
      "start_time": "2025-12-01T15:18:35.062392",
      "end_time": "2025-12-01T15:18:35.062392",
      "target_volume_mL": 0.01,
      "overaspirate_vol": 0.0020003201322245584,
      "parameters": {
        "aspirate_speed": 21,
        "dispense_speed": 20,
        "aspirate_wait_time": 0.08795310370624065,
        "retract_speed": 5.076346414163709,
        "blowout_vol": 0.07317595425993204,
        "post_asp_air_vol": 0.004039733204990625,
        "pre_asp_air_vol": 0.0519657707773149
      }
    },
    "trial_score": 0.27964682678574065,
    "trial_quality": "within_tolerance"
  },
  {
    "measurement_id": "measurement_1764620315062392_1",
    "parameters": {
      "calibration": {
        "overaspirate_vol": 0.0020003201322245584
      },
      "hardware": {
        "parameters": {
          "aspirate_speed": 21,
          "dispense_speed": 20,
          "aspirate_wait_time": 0.08795310370624065,
          "retract_speed": 5.076346414163709,
          "blowout_vol": 0.07317595425993204,
          "post_asp_air_vol": 0.004039733204990625,
          "pre_asp_air_vol": 0.0519657707773149
        }
      }
    },
    "target_volume_ml": 0.01,
    "measured_volume_ml": 0.010298878943716203,
    "duration_s": 16.045343064322438,
    "timestamp": 1764620315.062392,
    "replicate_id": 1,
    "metadata": {
      "replicate": 1,
      "volume": 0.010298878943716203,
      "elapsed_s": 16.045343064322438,
      "actual_elapsed_s": 2.0800158381462097e-05,
      "start_time": "2025-12-01T15:18:35.062392",
      "end_time": "2025-12-01T15:18:35.062392",
      "target_volume_mL": 0.01,
      "overaspirate_vol": 0.0020003201322245584,
      "parameters": {
        "aspirate_speed": 21,
        "dispense_speed": 20,
        "aspirate_wait_time": 0.08795310370624065,
        "retract_speed": 5.076346414163709,
        "blowout_vol": 0.07317595425993204,
        "post_asp_air_vol": 0.004039733204990625,
        "pre_asp_air_vol": 0.0519657707773149
      }
    },
    "trial_score": 0.27964682678574065,
    "trial_quality": "within_tolerance"
  },
  {
    "measurement_id": "measurement_1764620315065192_1",
    "parameters": {
      "calibration": {
        "overaspirate_vol": 0.0022350604366511108
      },
      "hardware": {
        "parameters": {
          "aspirate_speed": 21,
          "dispense_speed": 20,
          "aspirate_wait_time": 0.08795310370624065,
          "retract_speed": 5.076346414163709,
          "blowout_vol": 0.07317595425993204,
          "post_asp_air_vol": 0.004039733204990625,
          "pre_asp_air_vol": 0.0519657707773149
        }
      }
    },
    "target_volume_ml": 0.005,
    "measured_volume_ml": 0.005722378229144842,
    "duration_s": 15.019869969945782,
    "timestamp": 1764620315.0651927,
    "replicate_id": 1,
    "metadata": {
      "replicate": 1,
      "volume": 0.005722378229144842,
      "elapsed_s": 15.019869969945782,
      "actual_elapsed_s": 4.309997893869877e-05,
      "start_time": "2025-12-01T15:18:35.065192",
      "end_time": "2025-12-01T15:18:35.065192",
      "target_volume_mL": 0.005,
      "overaspirate_vol": 0.0022350604366511108,
      "parameters": {
        "aspirate_speed": 21,
        "dispense_speed": 20,
        "aspirate_wait_time": 0.08795310370624065,
        "retract_speed": 5.076346414163709,
        "blowout_vol": 0.07317595425993204,
        "post_asp_air_vol": 0.004039733204990625,
        "pre_asp_air_vol": 0.0519657707773149
      }
    },
    "trial_score": 2.0154550763662993,
    "trial_quality": "outside_tolerance"
  },
  {
    "measurement_id": "measurement_1764620315068828_1",
    "parameters": {
      "calibration": {
        "overaspirate_vol": 0.0002350604366511107
      },
      "hardware": {
        "parameters": {
          "aspirate_speed": 21,
          "dispense_speed": 20,
          "aspirate_wait_time": 0.08795310370624065,
          "retract_speed": 5.076346414163709,
          "blowout_vol": 0.07317595425993204,
          "post_asp_air_vol": 0.004039733204990625,
          "pre_asp_air_vol": 0.0519657707773149
        }
      }
    },
    "target_volume_ml": 0.005,
    "measured_volume_ml": 0.004670863217975278,
    "duration_s": 15.351614696065491,
    "timestamp": 1764620315.0688283,
    "replicate_id": 1,
    "metadata": {
      "replicate": 1,
      "volume": 0.004670863217975278,
      "elapsed_s": 15.351614696065491,
      "actual_elapsed_s": 3.5800039768218994e-05,
      "start_time": "2025-12-01T15:18:35.068828",
      "end_time": "2025-12-01T15:18:35.068828",
      "target_volume_mL": 0.005,
      "overaspirate_vol": 0.0002350604366511107,
      "parameters": {
        "aspirate_speed": 21,
        "dispense_speed": 20,
        "aspirate_wait_time": 0.08795310370624065,
        "retract_speed": 5.076346414163709,
        "blowout_vol": 0.07317595425993204,
        "post_asp_air_vol": 0.004039733204990625,
        "pre_asp_air_vol": 0.0519657707773149
      }
    },
    "trial_score": 0.9022512831465882,
    "trial_quality": "within_tolerance"
  },
  {
    "measurement_id": "measurement_1764620315071829_1",
    "parameters": {
      "calibration": {
        "overaspirate_vol": 0.0008610843707433765
      },
      "hardware": {
        "parameters": {
          "aspirate_speed": 21,
          "dispense_speed": 20,
          "aspirate_wait_time": 0.08795310370624065,
          "retract_speed": 5.076346414163709,
          "blowout_vol": 0.07317595425993204,
          "post_asp_air_vol": 0.004039733204990625,
          "pre_asp_air_vol": 0.0519657707773149
        }
      }
    },
    "target_volume_ml": 0.005,
    "measured_volume_ml": 0.004709780062166368,
    "duration_s": 15.277073302721432,
    "timestamp": 1764620315.0718296,
    "replicate_id": 1,
    "metadata": {
      "replicate": 1,
      "volume": 0.004709780062166368,
      "elapsed_s": 15.277073302721432,
      "actual_elapsed_s": 5.350005812942982e-05,
      "start_time": "2025-12-01T15:18:35.071829",
      "end_time": "2025-12-01T15:18:35.071829",
      "target_volume_mL": 0.005,
      "overaspirate_vol": 0.0008610843707433765,
      "parameters": {
        "aspirate_speed": 21,
        "dispense_speed": 20,
        "aspirate_wait_time": 0.08795310370624065,
        "retract_speed": 5.076346414163709,
        "blowout_vol": 0.07317595425993204,
        "post_asp_air_vol": 0.004039733204990625,
        "pre_asp_air_vol": 0.0519657707773149
      }
    },
    "trial_score": 0.3815328227921936,
    "trial_quality": "within_tolerance"
  },
  {
    "measurement_id": "measurement_1764620315071829_1",
    "parameters": {
      "calibration": {
        "overaspirate_vol": 0.0008610843707433765
      },
      "hardware": {
        "parameters": {
          "aspirate_speed": 21,
          "dispense_speed": 20,
          "aspirate_wait_time": 0.08795310370624065,
          "retract_speed": 5.076346414163709,
          "blowout_vol": 0.07317595425993204,
          "post_asp_air_vol": 0.004039733204990625,
          "pre_asp_air_vol": 0.0519657707773149
        }
      }
    },
    "target_volume_ml": 0.005,
    "measured_volume_ml": 0.004880151865426534,
    "duration_s": 15.204338772014442,
    "timestamp": 1764620315.0718296,
    "replicate_id": 1,
    "metadata": {
      "replicate": 1,
      "volume": 0.004880151865426534,
      "elapsed_s": 15.204338772014442,
      "actual_elapsed_s": 2.8299866244196892e-05,
      "start_time": "2025-12-01T15:18:35.071829",
      "end_time": "2025-12-01T15:18:35.071829",
      "target_volume_mL": 0.005,
      "overaspirate_vol": 0.0008610843707433765,
      "parameters": {
        "aspirate_speed": 21,
        "dispense_speed": 20,
        "aspirate_wait_time": 0.08795310370624065,
        "retract_speed": 5.076346414163709,
        "blowout_vol": 0.07317595425993204,
        "post_asp_air_vol": 0.004039733204990625,
        "pre_asp_air_vol": 0.0519657707773149
      }
    },
    "trial_score": 0.3815328227921936,
    "trial_quality": "within_tolerance"
  },
  {
    "measurement_id": "measurement_1764620315072827_1",
    "parameters": {
      "calibration": {
        "overaspirate_vol": 0.0008610843707433765
      },
      "hardware": {
        "parameters": {
          "aspirate_speed": 21,
          "dispense_speed": 20,
          "aspirate_wait_time": 0.08795310370624065,
          "retract_speed": 5.076346414163709,
          "blowout_vol": 0.07317595425993204,
          "post_asp_air_vol": 0.004039733204990625,
          "pre_asp_air_vol": 0.0519657707773149
        }
      }
    },
    "target_volume_ml": 0.005,
    "measured_volume_ml": 0.004939515490342401,
    "duration_s": 14.582013345819865,
    "timestamp": 1764620315.072827,
    "replicate_id": 1,
    "metadata": {
      "replicate": 1,
      "volume": 0.004939515490342401,
      "elapsed_s": 14.582013345819865,
      "actual_elapsed_s": 2.7899863198399544e-05,
      "start_time": "2025-12-01T15:18:35.071829",
      "end_time": "2025-12-01T15:18:35.071829",
      "target_volume_mL": 0.005,
      "overaspirate_vol": 0.0008610843707433765,
      "parameters": {
        "aspirate_speed": 21,
        "dispense_speed": 20,
        "aspirate_wait_time": 0.08795310370624065,
        "retract_speed": 5.076346414163709,
        "blowout_vol": 0.07317595425993204,
        "post_asp_air_vol": 0.004039733204990625,
        "pre_asp_air_vol": 0.0519657707773149
      }
    },
    "trial_score": 0.3815328227921936,
    "trial_quality": "within_tolerance"
  }
]