{
  "experiment_name": "multi_volume_calibration_test",
  "total_measurements": 72,
  "total_duration_s": 18.283305406570435,
  "overall_statistics": {
    "num_trials": 20,
    "mean_score": 0.8085831197422355,
    "median_score": 0.6495222432416294,
    "min_score": 0.20464165505711912,
    "max_score": 2.009412330414462,
    "stdev_score": 0.5482430600542029,
    "within_tolerance_count": 11,
    "partial_tolerance_count": 6,
    "outside_tolerance_count": 3,
    "success_rate": 0.55
  },
  "volume_count": 3
}