{
  "experiment_name": "multi_volume_calibration_test",
  "simulation_mode": false,
  "total_measurements": 100,
  "total_duration_s": 3903.3975570201874,
  "overall_statistics": {
    "num_trials": 30,
    "mean_score": 1.1279017600418135,
    "median_score": 1.012408465908087,
    "min_score": 0.32588492125286145,
    "max_score": 2.2993528833333237,
    "stdev_score": 0.6163664763282205,
    "within_tolerance_count": 10,
    "partial_tolerance_count": 11,
    "outside_tolerance_count": 9,
    "success_rate": 0.3333333333333333
  },
  "volume_count": 5
}