{
  "experiment_name": "multi_volume_calibration_test",
  "total_measurements": 91,
  "total_duration_s": 8022.576306343079,
  "overall_statistics": {
    "num_trials": 49,
    "mean_score": 1.5724319649349645,
    "median_score": 1.2353334438487542,
    "min_score": 0.5482282215889658,
    "max_score": 2.664735142878299,
    "stdev_score": 0.6171581593561837,
    "within_tolerance_count": 3,
    "partial_tolerance_count": 17,
    "outside_tolerance_count": 29,
    "success_rate": 0.061224489795918366
  },
  "volume_count": 3
}