{
  "experiment_name": "multi_volume_calibration_test",
  "total_measurements": 84,
  "total_duration_s": 2148.417974472046,
  "overall_statistics": {
    "num_trials": 35,
    "mean_score": 0.9989898881736985,
    "median_score": 0.8323076723628485,
    "min_score": 0.15095585642008447,
    "max_score": 2.1300666355892046,
    "stdev_score": 0.5492535240872286,
    "within_tolerance_count": 7,
    "partial_tolerance_count": 17,
    "outside_tolerance_count": 11,
    "success_rate": 0.2
  },
  "volume_count": 3
}