vial_name,surfactant,target_concentration_mm,needed_for_concentrations,source_vial,source_concentration_mm,source_volume_ml,water_volume_ml,final_volume_ml,dilution_factor
SDS_dilution_0,SDS,10.0,1.84e+00,SDS_stock,50.0,1.2,4.8,6.0,5.0
SDS_dilution_1,SDS,3.0,1.50e-01,SDS_stock,50.0,0.36,5.64,6.0,16.666666666666668
SDS_dilution_2,SDS,0.7000000000000001,,SDS_dilution_0,10.0,0.42000000000000004,5.58,6.0,14.285714285714285
SDS_dilution_3,SDS,0.15000000000000002,1.22e-02,SDS_dilution_1,3.0,0.30000000000000004,5.7,6.0,19.999999999999996
SDS_dilution_4,SDS,0.04,,SDS_dilution_2,0.7000000000000001,0.34285714285714286,5.6571428571428575,6.0,17.5
SDS_dilution_5,SDS,0.01,1.00e-03,SDS_dilution_3,0.15000000000000002,0.39999999999999997,5.6,6.0,15.000000000000002
BDDAC_dilution_0,BDDAC,10.0,1.84e+00,BDDAC_stock,50.0,1.2,4.8,6.0,5.0
BDDAC_dilution_1,BDDAC,3.0,1.50e-01,BDDAC_stock,50.0,0.36,5.64,6.0,16.666666666666668
BDDAC_dilution_2,BDDAC,0.7000000000000001,,BDDAC_dilution_0,10.0,0.42000000000000004,5.58,6.0,14.285714285714285
BDDAC_dilution_3,BDDAC,0.15000000000000002,1.22e-02,BDDAC_dilution_1,3.0,0.30000000000000004,5.7,6.0,19.999999999999996
BDDAC_dilution_4,BDDAC,0.04,,BDDAC_dilution_2,0.7000000000000001,0.34285714285714286,5.6571428571428575,6.0,17.5
BDDAC_dilution_5,BDDAC,0.01,1.00e-03,BDDAC_dilution_3,0.15000000000000002,0.39999999999999997,5.6,6.0,15.000000000000002
