wellplate_index,well_type,control_type,surf_A,surf_B,surf_A_conc_mm,surf_B_conc_mm,substock_A_name,substock_A_conc_mm,surf_A_volume_ul,substock_B_name,substock_B_conc_mm,surf_B_volume_ul,water_volume_ul,buffer_volume_ul,buffer_used,pyrene_volume_ul,replicate
0,control,surfactant_A_stock,SDS,BDDAC,50.0,,SDS_stock,50.0,200.0,,,0.0,0.0,0.0,,5,1
1,control,surfactant_B_stock,SDS,BDDAC,,50.0,,,0.0,BDDAC_stock,50.0,200.0,0.0,0.0,,5,1
2,control,water_blank,SDS,BDDAC,,,,,0.0,,,0.0,200.0,0.0,,5,1
3,control,cmc_SDS_1,SDS,BDDAC,2.8666666666666667,,SDS_dilution_0,10.0,57.333333333333336,,,0.0,142.66666666666666,0.0,,5,1
4,control,cmc_SDS_2,SDS,BDDAC,4.257364634757114,,SDS_dilution_0,10.0,85.14729269514228,,,0.0,114.85270730485772,0.0,,5,1
5,control,cmc_SDS_3,SDS,BDDAC,5.790749782638669,,SDS_dilution_0,10.0,115.81499565277338,,,0.0,84.18500434722662,0.0,,5,1
6,control,cmc_SDS_4,SDS,BDDAC,7.213716167804824,,SDS_dilution_0,10.0,144.2743233560965,,,0.0,55.72567664390351,0.0,,5,1
7,control,cmc_SDS_5,SDS,BDDAC,8.230260870639928,,SDS_dilution_0,10.0,164.60521741279857,,,0.0,35.39478258720143,0.0,,5,1
8,control,cmc_SDS_6,SDS,BDDAC,8.986349419839152,,SDS_dilution_0,10.0,179.72698839678304,,,0.0,20.27301160321696,0.0,,5,1
9,control,cmc_SDS_7,SDS,BDDAC,10.252690607663103,,SDS_stock,50.0,41.01076243065242,,,0.0,158.98923756934758,0.0,,5,1
10,control,cmc_SDS_8,SDS,BDDAC,12.77209390427135,,SDS_stock,50.0,51.0883756170854,,,0.0,148.9116243829146,0.0,,5,1
11,control,cmc_SDS_9,SDS,BDDAC,17.372249347916014,,SDS_stock,50.0,69.48899739166406,,,0.0,130.51100260833596,0.0,,5,1
12,control,cmc_SDS_10,SDS,BDDAC,25.799999999999997,,SDS_stock,50.0,103.2,,,0.0,96.8,0.0,,5,1
13,control,cmc_BDDAC_1,SDS,BDDAC,,2.8000000000000003,,,0.0,BDDAC_dilution_1,3.0,186.66666666666663,13.333333333333345,0.0,,5,1
14,control,cmc_BDDAC_2,SDS,BDDAC,,4.158356154879043,,,0.0,BDDAC_dilution_0,10.0,83.16712309758086,116.83287690241914,0.0,,5,1
15,control,cmc_BDDAC_3,SDS,BDDAC,,5.656081183042423,,,0.0,BDDAC_dilution_0,10.0,113.12162366084848,86.87837633915153,0.0,,5,1
16,control,cmc_BDDAC_4,SDS,BDDAC,,7.045955326693085,,,0.0,BDDAC_dilution_0,10.0,140.9191065338617,59.08089346613829,0.0,,5,1
17,control,cmc_BDDAC_5,SDS,BDDAC,,8.038859455043651,,,0.0,BDDAC_dilution_0,10.0,160.77718910087304,39.22281089912696,0.0,,5,1
18,control,cmc_BDDAC_6,SDS,BDDAC,,8.777364549610336,,,0.0,BDDAC_dilution_0,10.0,175.5472909922067,24.45270900779329,0.0,,5,1
19,control,cmc_BDDAC_7,SDS,BDDAC,,10.014255942368614,,,0.0,BDDAC_stock,50.0,40.057023769474455,159.94297623052557,0.0,,5,1
20,control,cmc_BDDAC_8,SDS,BDDAC,,12.47506846463713,,,0.0,BDDAC_stock,50.0,49.90027385854852,150.09972614145147,0.0,,5,1
21,control,cmc_BDDAC_9,SDS,BDDAC,,16.96824354912727,,,0.0,BDDAC_stock,50.0,67.87297419650908,132.12702580349094,0.0,,5,1
22,control,cmc_BDDAC_10,SDS,BDDAC,,25.200000000000003,,,0.0,BDDAC_stock,50.0,100.8,99.2,0.0,,5,1
23,experiment,experiment,SDS,BDDAC,0.001,0.15,SDS_dilution_5,0.01,20.0,BDDAC_dilution_1,3.0,10.000000000000004,170.0,0.0,,5,1
24,experiment,experiment,SDS,BDDAC,0.001,1.8371173070873843,SDS_dilution_5,0.01,20.0,BDDAC_dilution_0,10.0,36.74234614174769,143.2576538582523,0.0,,5,1
25,experiment,experiment,SDS,BDDAC,0.001,22.5,SDS_dilution_5,0.01,20.0,BDDAC_stock,50.0,90.0,90.0,0.0,,5,1
26,experiment,experiment,SDS,BDDAC,0.0122474487139158,1.8371173070873843,SDS_dilution_3,0.15,16.32993161855452,BDDAC_dilution_0,10.0,36.74234614174769,146.9277222396978,0.0,,5,1
27,experiment,experiment,SDS,BDDAC,0.15,0.001,SDS_dilution_1,3.0,10.000000000000004,BDDAC_dilution_5,0.01,20.0,170.0,0.0,,5,1
28,experiment,experiment,SDS,BDDAC,0.15,0.0122474487139158,SDS_dilution_1,3.0,10.000000000000004,BDDAC_dilution_3,0.15,16.32993161855452,173.67006838144547,0.0,,5,1
29,experiment,experiment,SDS,BDDAC,0.15,1.8371173070873843,SDS_dilution_1,3.0,10.000000000000004,BDDAC_dilution_0,10.0,36.74234614174769,153.2576538582523,0.0,,5,1
30,experiment,experiment,SDS,BDDAC,0.15,22.5,SDS_dilution_1,3.0,10.000000000000004,BDDAC_stock,50.0,90.0,100.0,0.0,,5,1
31,experiment,experiment,SDS,BDDAC,1.8371173070873843,0.001,SDS_dilution_0,10.0,36.74234614174769,BDDAC_dilution_5,0.01,20.0,143.2576538582523,0.0,,5,1
32,experiment,experiment,SDS,BDDAC,1.8371173070873843,0.0122474487139158,SDS_dilution_0,10.0,36.74234614174769,BDDAC_dilution_3,0.15,16.32993161855452,146.9277222396978,0.0,,5,1
33,experiment,experiment,SDS,BDDAC,1.8371173070873843,22.5,SDS_dilution_0,10.0,36.74234614174769,BDDAC_stock,50.0,90.0,73.25765385825231,0.0,,5,1
34,experiment,experiment,SDS,BDDAC,22.5,0.001,SDS_stock,50.0,90.0,BDDAC_dilution_5,0.01,20.0,90.0,0.0,,5,1
35,experiment,experiment,SDS,BDDAC,22.5,0.0122474487139158,SDS_stock,50.0,90.0,BDDAC_dilution_3,0.15,16.32993161855452,93.67006838144547,0.0,,5,1
36,experiment,experiment,SDS,BDDAC,22.5,22.5,SDS_stock,50.0,90.0,BDDAC_stock,50.0,90.0,20.0,0.0,,5,1
37,experiment,experiment,SDS,BDDAC,9.761142244850452,9.761142244850452,SDS_stock,50.0,39.04456897940181,BDDAC_stock,50.0,39.04456897940181,121.91086204119638,0.0,,5,1
38,experiment,experiment,SDS,BDDAC,4.234662129964629,0.7969939268869586,SDS_dilution_0,10.0,84.69324259929259,BDDAC_dilution_1,3.0,53.13292845913057,62.17382894157686,0.0,,5,1
39,experiment,experiment,SDS,BDDAC,0.0282310808664308,4.234662129964629,SDS_dilution_3,0.15,37.64144115524115,BDDAC_dilution_0,10.0,84.69324259929259,77.66531624546627,0.0,,5,1
40,experiment,experiment,SDS,BDDAC,0.0282310808664308,0.7969939268869586,SDS_dilution_3,0.15,37.64144115524115,BDDAC_dilution_1,3.0,53.13292845913057,109.22563038562828,0.0,,5,1
41,experiment,experiment,SDS,BDDAC,0.7969939268869586,0.005313292845913,SDS_dilution_1,3.0,53.13292845913057,BDDAC_dilution_4,0.04,26.566464229565284,120.30060731130416,0.0,,5,1
42,experiment,experiment,SDS,BDDAC,0.3457587150500242,0.0650742816323363,SDS_dilution_1,3.0,23.050581003334944,BDDAC_dilution_3,0.15,86.76570884311512,90.18371015354994,0.0,,5,1
43,experiment,experiment,SDS,BDDAC,0.0650742816323363,0.0023050581003334,SDS_dilution_3,0.15,86.76570884311512,BDDAC_dilution_5,0.01,46.10116200666987,67.13312915021501,0.0,,5,1
44,experiment,experiment,SDS,BDDAC,4.234662129964629,0.0282310808664308,SDS_dilution_0,10.0,84.69324259929259,BDDAC_dilution_3,0.15,37.64144115524115,77.66531624546627,0.0,,5,1
45,experiment,experiment,SDS,BDDAC,0.005313292845913,0.7969939268869586,SDS_dilution_4,0.04,26.566464229565284,BDDAC_dilution_1,3.0,53.13292845913057,120.30060731130416,0.0,,5,1
46,experiment,experiment,SDS,BDDAC,0.005313292845913,0.0282310808664308,SDS_dilution_4,0.04,26.566464229565284,BDDAC_dilution_3,0.15,37.64144115524115,135.79209461519358,0.0,,5,1
47,experiment,experiment,SDS,BDDAC,0.005313292845913,0.005313292845913,SDS_dilution_4,0.04,26.566464229565284,BDDAC_dilution_4,0.04,26.566464229565284,146.86707154086943,0.0,,5,1
48,experiment,experiment,SDS,BDDAC,0.2617454715666023,0.6033385194602068,SDS_dilution_2,0.7000000000000001,74.78442044760064,BDDAC_dilution_1,3.0,40.22256796401378,84.99301158838557,0.0,,5,1
49,experiment,experiment,SDS,BDDAC,0.0859613725705844,5.593874568160405,SDS_dilution_2,0.7000000000000001,24.56039216302413,BDDAC_stock,50.0,22.37549827264162,153.06410956433425,0.0,,5,1
50,experiment,experiment,SDS,BDDAC,0.4567379459041531,1.8371173070873843,SDS_dilution_1,3.0,30.449196393610208,BDDAC_dilution_0,10.0,36.74234614174769,132.80845746464212,0.0,,5,1
51,experiment,experiment,SDS,BDDAC,0.0492623838281255,1.8371173070873843,SDS_dilution_3,0.15,65.68317843750066,BDDAC_dilution_0,10.0,36.74234614174769,97.57447542075164,0.0,,5,1
52,experiment,experiment,SDS,BDDAC,0.0013209730543974,7.389357574218826,SDS_dilution_5,0.01,26.419461087948115,BDDAC_stock,50.0,29.557430296875303,144.02310861517657,0.0,,5,1
53,experiment,experiment,SDS,BDDAC,0.0122474487139158,0.4567379459041531,SDS_dilution_4,0.04,61.23724356957947,BDDAC_dilution_1,3.0,30.449196393610208,108.31356003681032,0.0,,5,1
54,experiment,experiment,SDS,BDDAC,0.0257293917659568,2.4267824604295605,SDS_dilution_3,0.15,34.30585568794248,BDDAC_dilution_0,10.0,48.53564920859121,117.15849510346632,0.0,,5,1
55,experiment,experiment,SDS,BDDAC,0.15,0.0372924971210693,SDS_dilution_2,0.7000000000000001,42.85714285714287,BDDAC_dilution_3,0.15,49.72332949475911,107.419527648098,0.0,,5,1
56,experiment,experiment,SDS,BDDAC,0.2174118463057406,8.107830652443209,SDS_dilution_2,0.7000000000000001,62.11767037306876,BDDAC_stock,50.0,32.431322609772835,105.4510070171584,0.0,,5,1
57,experiment,experiment,SDS,BDDAC,7.389357574218826,0.0013209730543974,SDS_stock,50.0,29.557430296875303,BDDAC_dilution_5,0.01,26.419461087948115,144.02310861517657,0.0,,5,1
58,experiment,experiment,SDS,BDDAC,0.006396755122392,3.517408368695858,SDS_dilution_4,0.04,31.98377561196041,BDDAC_dilution_0,10.0,70.34816737391716,97.66805701412244,0.0,,5,1
59,experiment,experiment,SDS,BDDAC,2.4267824604295605,0.0023050581003334,SDS_dilution_0,10.0,48.53564920859121,BDDAC_dilution_5,0.01,46.10116200666987,105.36318878473892,0.0,,5,1
60,experiment,experiment,SDS,BDDAC,0.3457587150500242,0.016178549736197,SDS_dilution_1,3.0,23.050581003334944,BDDAC_dilution_4,0.04,80.89274868098536,96.0566703156797,0.0,,5,1
61,experiment,experiment,SDS,BDDAC,0.8744862764214371,1.3907303415249668,SDS_dilution_1,3.0,58.29908509476247,BDDAC_dilution_0,10.0,27.814606830499336,113.8863080747382,0.0,,5,1
62,experiment,experiment,SDS,BDDAC,0.0492623838281254,0.0213714282607446,SDS_dilution_3,0.15,65.68317843750063,BDDAC_dilution_3,0.15,28.4952376809928,105.82158388150656,0.0,,5,1
63,experiment,experiment,SDS,BDDAC,1.0528075019360492,0.4162642443676326,SDS_dilution_1,3.0,70.18716679573662,BDDAC_dilution_1,3.0,27.75094962450884,102.06188357975456,0.0,,5,1
64,experiment,experiment,SDS,BDDAC,3.517408368695858,0.0040222567964013,SDS_dilution_0,10.0,70.34816737391716,BDDAC_dilution_5,0.01,80.44513592802754,49.20669669805528,0.0,,5,1
65,experiment,experiment,SDS,BDDAC,1.525952152003007,9.761142244850452,SDS_dilution_0,10.0,30.519043040060144,BDDAC_stock,50.0,39.04456897940181,130.43638798053803,0.0,,5,1
66,experiment,experiment,SDS,BDDAC,3.410280725329998,19.27610164184844,SDS_dilution_0,10.0,68.20561450659997,BDDAC_stock,50.0,77.10440656739377,54.68997892600626,0.0,,5,1
67,experiment,experiment,SDS,BDDAC,3.0134187213719845,0.0111621445733772,SDS_dilution_0,10.0,60.26837442743969,BDDAC_dilution_4,0.04,55.81072286688645,83.92090270567385,0.0,,5,1
68,experiment,experiment,SDS,BDDAC,0.8478525608760484,12.120743932441613,SDS_dilution_1,3.0,56.52350405840323,BDDAC_stock,50.0,48.48297572976644,94.99352021183032,0.0,,5,1
69,experiment,experiment,SDS,BDDAC,0.6418394062268109,6.946105233395093,SDS_dilution_1,3.0,42.789293748454064,BDDAC_stock,50.0,27.78442093358037,129.42628531796555,0.0,,5,1
70,experiment,experiment,SDS,BDDAC,21.81473069854964,6.529441487814228,SDS_stock,50.0,87.25892279419855,BDDAC_stock,50.0,26.11776595125691,86.62331125454453,0.0,,5,1
71,experiment,experiment,SDS,BDDAC,0.1595719613926814,0.7727203503741584,SDS_dilution_2,0.7000000000000001,45.59198896933756,BDDAC_dilution_1,3.0,51.514690024943896,102.89332100571856,0.0,,5,1
72,experiment,experiment,SDS,BDDAC,0.0339878332288635,0.0084499411522585,SDS_dilution_3,0.15,45.317110971818046,BDDAC_dilution_4,0.04,42.2497057612926,112.43318326688936,0.0,,5,1
73,experiment,experiment,SDS,BDDAC,8.714601795266168,0.0156858091372546,SDS_stock,50.0,34.85840718106467,BDDAC_dilution_4,0.04,78.42904568627338,86.71254713266194,0.0,,5,1
74,experiment,experiment,SDS,BDDAC,11.276813501593116,0.0087153803800318,SDS_stock,50.0,45.10725400637247,BDDAC_dilution_4,0.04,43.576901900159,111.31584409346851,0.0,,5,1
75,experiment,experiment,SDS,BDDAC,0.6159084483470535,18.30760094712197,SDS_dilution_1,3.0,41.0605632231369,BDDAC_stock,50.0,73.23040378848788,85.70903298837521,0.0,,5,1
76,experiment,experiment,SDS,BDDAC,0.3023882649902248,13.02783214913196,SDS_dilution_2,0.7000000000000001,86.39664714006425,BDDAC_stock,50.0,52.11132859652784,61.49202426340793,0.0,,5,1
77,experiment,experiment,SDS,BDDAC,0.0150520866638415,3.07620015801526,SDS_dilution_4,0.04,75.26043331920776,BDDAC_dilution_0,10.0,61.5240031603052,63.215563520487024,0.0,,5,1
78,experiment,experiment,SDS,BDDAC,4.458682373067392,0.0152080756496915,SDS_dilution_0,10.0,89.17364746134783,BDDAC_dilution_4,0.04,76.04037824845781,34.78597429019436,0.0,,5,1
79,experiment,experiment,SDS,BDDAC,0.0145936540899081,8.625216265667106,SDS_dilution_4,0.04,72.96827044954091,BDDAC_stock,50.0,34.500865062668424,92.53086448779068,0.0,,5,1
80,experiment,experiment,SDS,BDDAC,0.0783439302969758,11.751589544546368,SDS_dilution_2,0.7000000000000001,22.38398008485023,BDDAC_stock,50.0,47.00635817818547,130.6096617369643,0.0,,5,1
81,experiment,experiment,SDS,BDDAC,6.07481639229824,0.006013044271591,SDS_stock,50.0,24.29926556919296,BDDAC_dilution_4,0.04,30.06522135795529,145.63551307285175,0.0,,5,1
82,experiment,experiment,SDS,BDDAC,2.5289547783018325,0.00620193290398,SDS_dilution_0,10.0,50.57909556603665,BDDAC_dilution_4,0.04,31.00966451990027,118.41123991406307,0.0,,5,1
83,experiment,experiment,SDS,BDDAC,0.0650742816323363,0.124593471476976,SDS_dilution_3,0.15,86.76570884311512,BDDAC_dilution_2,0.7000000000000001,35.59813470770745,77.63615644917743,0.0,,5,1
84,experiment,experiment,SDS,BDDAC,0.5331266650167962,0.2617454715666022,SDS_dilution_1,3.0,35.54177766778641,BDDAC_dilution_2,0.7000000000000001,74.78442044760062,89.67380188461297,0.0,,5,1
85,experiment,experiment,SDS,BDDAC,16.514137533638763,2.2346546481742937,SDS_stock,50.0,66.05655013455505,BDDAC_dilution_0,10.0,44.693092963485874,89.25035690195907,0.0,,5,1
86,experiment,experiment,SDS,BDDAC,0.1135526568847583,0.0714015054766321,SDS_dilution_2,0.7000000000000001,32.443616252788104,BDDAC_dilution_2,0.7000000000000001,20.40043013618061,147.1559536110313,0.0,,5,1
87,experiment,experiment,SDS,BDDAC,6.529441487814228,21.81473069854964,SDS_stock,50.0,26.11776595125691,BDDAC_stock,50.0,87.25892279419855,86.62331125454453,0.0,,5,1
88,experiment,experiment,SDS,BDDAC,0.3994467500180698,4.6945536370496495,SDS_dilution_1,3.0,26.629783334537983,BDDAC_stock,50.0,18.7782145481986,154.5920021172634,0.0,,5,1
89,experiment,experiment,SDS,BDDAC,8.56613584282031,0.0063311437086105,SDS_stock,50.0,34.26454337128124,BDDAC_dilution_4,0.04,31.655718543052767,134.079738085666,0.0,,5,1
90,experiment,experiment,SDS,BDDAC,3.517408368695858,0.4567379459041531,SDS_dilution_0,10.0,70.34816737391716,BDDAC_dilution_1,3.0,30.449196393610208,99.20263623247264,0.0,,5,1
91,experiment,experiment,SDS,BDDAC,0.0070187166795736,1.449282826078424,SDS_dilution_4,0.04,35.09358339786828,BDDAC_dilution_0,10.0,28.985656521568483,135.92076008056324,0.0,,5,1
92,experiment,experiment,SDS,BDDAC,0.0027750949624508,0.2385509719859924,SDS_dilution_5,0.01,55.50189924901769,BDDAC_dilution_2,0.7000000000000001,68.1574205674264,76.34068018355592,0.0,,5,1
93,experiment,experiment,SDS,BDDAC,0.0524059680688873,10.419778423621532,SDS_dilution_3,0.15,69.87462409184977,BDDAC_stock,50.0,41.67911369448612,88.44626221366411,0.0,,5,1
94,experiment,experiment,SDS,BDDAC,2.862013723651156,1.2458976119838878,SDS_dilution_0,10.0,57.24027447302312,BDDAC_dilution_1,3.0,83.05984079892586,59.69988472805102,0.0,,5,1
95,experiment,experiment,SDS,BDDAC,0.003044919639361,17.03289853271376,SDS_dilution_5,0.01,60.89839278722039,BDDAC_stock,50.0,68.13159413085504,70.97001308192458,0.0,,5,1
