{
  "experiment_name": "multi_volume_calibration_test",
  "simulation_mode": false,
  "total_measurements": 152,
  "total_duration_s": 4392.512584924698,
  "overall_statistics": {
    "num_trials": 53,
    "mean_score": 1.3048853698711746,
    "median_score": 1.0164348748097556,
    "min_score": 0.23505609582938525,
    "max_score": 2.3933321573321398,
    "stdev_score": 0.7133780153580899,
    "within_tolerance_count": 16,
    "partial_tolerance_count": 14,
    "outside_tolerance_count": 23,
    "success_rate": 0.3018867924528302
  },
  "volume_count": 5
}