{
  "experiment_name": "multi_volume_calibration_test",
  "simulation_mode": false,
  "total_measurements": 56,
  "total_duration_s": 1266.2917959690094,
  "overall_statistics": {
    "num_trials": 16,
    "mean_score": 0.6053348474159735,
    "median_score": 0.5406168378823766,
    "min_score": 0.21271659295130058,
    "max_score": 1.0320966282683415,
    "stdev_score": 0.2784878634073995,
    "within_tolerance_count": 12,
    "partial_tolerance_count": 3,
    "outside_tolerance_count": 1,
    "success_rate": 0.75
  },
  "volume_count": 3
}