[
  {
    "measurement_id": "measurement_1770664872280068_1",
    "parameters": {
      "calibration": {
        "overaspirate_vol": 0.0016
      },
      "hardware": {
        "parameters": {
          "aspirate_speed": 18,
          "dispense_speed": 19,
          "aspirate_wait_time": 3.8000000000000003,
          "pre_asp_air_vol": 0.04
        }
      }
    },
    "target_volume_ml": 0.18,
    "measured_volume_ml": 0.1678000000000015,
    "duration_s": 32.58605139981955,
    "timestamp": 1770664872.2800682,
    "replicate_id": 1,
    "metadata": {
      "replicate": 1,
      "volume": 0.1678000000000015,
      "elapsed_s": 32.58605139981955,
      "start_time": "2026-02-09T14:20:39.693375",
      "end_time": "2026-02-09T14:21:12.278485",
      "target_volume_mL": 0.18,
      "measured_volume_uL": 167.8000000000015,
      "target_volume_uL": 180.0,
      "aspirate_speed": 18,
      "dispense_speed": 19,
      "aspirate_wait_time": 3.8000000000000003,
      "dispense_wait_time": 1.5,
      "pre_asp_air_vol": 0.04,
      "retract_speed": 5.0,
      "blowout_vol": 0.0,
      "post_asp_air_vol": 0.0,
      "post_retract_wait_time": 0.0,
      "overaspirate_vol": 0.0016
    },
    "trial_score": 1.0320966282683415,
    "trial_quality": "outside_tolerance"
  },
  {
    "measurement_id": "measurement_1770664903610516_1",
    "parameters": {
      "calibration": {
        "overaspirate_vol": 0.0016
      },
      "hardware": {
        "parameters": {
          "aspirate_speed": 18,
          "dispense_speed": 19,
          "aspirate_wait_time": 3.8000000000000003,
          "pre_asp_air_vol": 0.04
        }
      }
    },
    "target_volume_ml": 0.18,
    "measured_volume_ml": 0.1676000000000002,
    "duration_s": 31.330531400628388,
    "timestamp": 1770664903.6105165,
    "replicate_id": 1,
    "metadata": {
      "replicate": 1,
      "volume": 0.1676000000000002,
      "elapsed_s": 31.330531400628388,
      "start_time": "2026-02-09T14:21:12.280068",
      "end_time": "2026-02-09T14:21:43.610516",
      "target_volume_mL": 0.18,
      "measured_volume_uL": 167.6000000000002,
      "target_volume_uL": 180.0,
      "aspirate_speed": 18,
      "dispense_speed": 19,
      "aspirate_wait_time": 3.8000000000000003,
      "dispense_wait_time": 1.5,
      "pre_asp_air_vol": 0.04,
      "retract_speed": 5.0,
      "blowout_vol": 0.0,
      "post_asp_air_vol": 0.0,
      "post_retract_wait_time": 0.0,
      "overaspirate_vol": 0.0016
    },
    "trial_score": 1.0320966282683415,
    "trial_quality": "outside_tolerance"
  },
  {
    "measurement_id": "measurement_1770664934630782_1",
    "parameters": {
      "calibration": {
        "overaspirate_vol": 0.0016
      },
      "hardware": {
        "parameters": {
          "aspirate_speed": 18,
          "dispense_speed": 19,
          "aspirate_wait_time": 3.8000000000000003,
          "pre_asp_air_vol": 0.04
        }
      }
    },
    "target_volume_ml": 0.18,
    "measured_volume_ml": 0.17490000000000094,
    "duration_s": 31.01887230016291,
    "timestamp": 1770664934.630782,
    "replicate_id": 1,
    "metadata": {
      "replicate": 1,
      "volume": 0.17490000000000094,
      "elapsed_s": 31.01887230016291,
      "start_time": "2026-02-09T14:21:43.610516",
      "end_time": "2026-02-09T14:22:14.630781",
      "target_volume_mL": 0.18,
      "measured_volume_uL": 174.90000000000094,
      "target_volume_uL": 180.0,
      "aspirate_speed": 18,
      "dispense_speed": 19,
      "aspirate_wait_time": 3.8000000000000003,
      "dispense_wait_time": 1.5,
      "pre_asp_air_vol": 0.04,
      "retract_speed": 5.0,
      "blowout_vol": 0.0,
      "post_asp_air_vol": 0.0,
      "post_retract_wait_time": 0.0,
      "overaspirate_vol": 0.0016
    },
    "trial_score": 1.0320966282683415,
    "trial_quality": "outside_tolerance"
  },
  {
    "measurement_id": "measurement_1770664965619086_1",
    "parameters": {
      "calibration": {
        "overaspirate_vol": 0.0016
      },
      "hardware": {
        "parameters": {
          "aspirate_speed": 18,
          "dispense_speed": 19,
          "aspirate_wait_time": 3.8000000000000003,
          "pre_asp_air_vol": 0.04
        }
      }
    },
    "target_volume_ml": 0.18,
    "measured_volume_ml": 0.1755999999999993,
    "duration_s": 30.985823299735785,
    "timestamp": 1770664965.6190863,
    "replicate_id": 1,
    "metadata": {
      "replicate": 1,
      "volume": 0.1755999999999993,
      "elapsed_s": 30.985823299735785,
      "start_time": "2026-02-09T14:22:14.630781",
      "end_time": "2026-02-09T14:22:45.619086",
      "target_volume_mL": 0.18,
      "measured_volume_uL": 175.5999999999993,
      "target_volume_uL": 180.0,
      "aspirate_speed": 18,
      "dispense_speed": 19,
      "aspirate_wait_time": 3.8000000000000003,
      "dispense_wait_time": 1.5,
      "pre_asp_air_vol": 0.04,
      "retract_speed": 5.0,
      "blowout_vol": 0.0,
      "post_asp_air_vol": 0.0,
      "post_retract_wait_time": 0.0,
      "overaspirate_vol": 0.0016
    },
    "trial_score": 1.0320966282683415,
    "trial_quality": "outside_tolerance"
  },
  {
    "measurement_id": "measurement_1770664996616032_1",
    "parameters": {
      "calibration": {
        "overaspirate_vol": 0.0016
      },
      "hardware": {
        "parameters": {
          "aspirate_speed": 18,
          "dispense_speed": 19,
          "aspirate_wait_time": 3.8000000000000003,
          "pre_asp_air_vol": 0.04
        }
      }
    },
    "target_volume_ml": 0.18,
    "measured_volume_ml": 0.17469999999999963,
    "duration_s": 31.003126700408757,
    "timestamp": 1770664996.616032,
    "replicate_id": 1,
    "metadata": {
      "replicate": 1,
      "volume": 0.17469999999999963,
      "elapsed_s": 31.003126700408757,
      "start_time": "2026-02-09T14:22:45.619086",
      "end_time": "2026-02-09T14:23:16.616031",
      "target_volume_mL": 0.18,
      "measured_volume_uL": 174.69999999999965,
      "target_volume_uL": 180.0,
      "aspirate_speed": 18,
      "dispense_speed": 19,
      "aspirate_wait_time": 3.8000000000000003,
      "dispense_wait_time": 1.5,
      "pre_asp_air_vol": 0.04,
      "retract_speed": 5.0,
      "blowout_vol": 0.0,
      "post_asp_air_vol": 0.0,
      "post_retract_wait_time": 0.0,
      "overaspirate_vol": 0.0016
    },
    "trial_score": 1.0320966282683415,
    "trial_quality": "outside_tolerance"
  },
  {
    "measurement_id": "measurement_1770665014816336_1",
    "parameters": {
      "calibration": {
        "overaspirate_vol": 0.0071
      },
      "hardware": {
        "parameters": {
          "aspirate_speed": 10,
          "dispense_speed": 5,
          "aspirate_wait_time": 2.5,
          "pre_asp_air_vol": 0.169
        }
      }
    },
    "target_volume_ml": 0.18,
    "measured_volume_ml": 0.17377499999999912,
    "duration_s": 18.180643499828875,
    "timestamp": 1770665014.816336,
    "replicate_id": 1,
    "metadata": {
      "replicate": 1,
      "volume": 0.17377499999999912,
      "elapsed_s": 18.180643499828875,
      "start_time": "2026-02-09T14:23:16.637048",
      "end_time": "2026-02-09T14:23:34.816335",
      "target_volume_mL": 0.18,
      "measured_volume_uL": 173.77499999999912,
      "target_volume_uL": 180.0,
      "aspirate_speed": 10,
      "dispense_speed": 5,
      "aspirate_wait_time": 2.5,
      "dispense_wait_time": 1.5,
      "pre_asp_air_vol": 0.169,
      "retract_speed": 5.0,
      "blowout_vol": 0.0,
      "post_asp_air_vol": 0.0,
      "post_retract_wait_time": 0.0,
      "overaspirate_vol": 0.0071
    },
    "trial_score": 0.5735948067327935,
    "trial_quality": "partial_tolerance"
  },
  {
    "measurement_id": "measurement_1770665032986007_1",
    "parameters": {
      "calibration": {
        "overaspirate_vol": 0.0071
      },
      "hardware": {
        "parameters": {
          "aspirate_speed": 10,
          "dispense_speed": 5,
          "aspirate_wait_time": 2.5,
          "pre_asp_air_vol": 0.169
        }
      }
    },
    "target_volume_ml": 0.18,
    "measured_volume_ml": 0.1772000000000009,
    "duration_s": 18.17863450013101,
    "timestamp": 1770665032.986007,
    "replicate_id": 1,
    "metadata": {
      "replicate": 1,
      "volume": 0.1772000000000009,
      "elapsed_s": 18.17863450013101,
      "start_time": "2026-02-09T14:23:34.816335",
      "end_time": "2026-02-09T14:23:52.986007",
      "target_volume_mL": 0.18,
      "measured_volume_uL": 177.2000000000009,
      "target_volume_uL": 180.0,
      "aspirate_speed": 10,
      "dispense_speed": 5,
      "aspirate_wait_time": 2.5,
      "dispense_wait_time": 1.5,
      "pre_asp_air_vol": 0.169,
      "retract_speed": 5.0,
      "blowout_vol": 0.0,
      "post_asp_air_vol": 0.0,
      "post_retract_wait_time": 0.0,
      "overaspirate_vol": 0.0071
    },
    "trial_score": 0.5735948067327935,
    "trial_quality": "partial_tolerance"
  },
  {
    "measurement_id": "measurement_1770665051210935_1",
    "parameters": {
      "calibration": {
        "overaspirate_vol": 0.0071
      },
      "hardware": {
        "parameters": {
          "aspirate_speed": 10,
          "dispense_speed": 5,
          "aspirate_wait_time": 2.5,
          "pre_asp_air_vol": 0.169
        }
      }
    },
    "target_volume_ml": 0.18,
    "measured_volume_ml": 0.18359999999999665,
    "duration_s": 18.21370240021497,
    "timestamp": 1770665051.2109349,
    "replicate_id": 1,
    "metadata": {
      "replicate": 1,
      "volume": 0.18359999999999665,
      "elapsed_s": 18.21370240021497,
      "start_time": "2026-02-09T14:23:52.986007",
      "end_time": "2026-02-09T14:24:11.210934",
      "target_volume_mL": 0.18,
      "measured_volume_uL": 183.59999999999667,
      "target_volume_uL": 180.0,
      "aspirate_speed": 10,
      "dispense_speed": 5,
      "aspirate_wait_time": 2.5,
      "dispense_wait_time": 1.5,
      "pre_asp_air_vol": 0.169,
      "retract_speed": 5.0,
      "blowout_vol": 0.0,
      "post_asp_air_vol": 0.0,
      "post_retract_wait_time": 0.0,
      "overaspirate_vol": 0.0071
    },
    "trial_score": 0.5735948067327935,
    "trial_quality": "partial_tolerance"
  },
  {
    "measurement_id": "measurement_1770665069543951_1",
    "parameters": {
      "calibration": {
        "overaspirate_vol": 0.0071
      },
      "hardware": {
        "parameters": {
          "aspirate_speed": 10,
          "dispense_speed": 5,
          "aspirate_wait_time": 2.5,
          "pre_asp_air_vol": 0.169
        }
      }
    },
    "target_volume_ml": 0.18,
    "measured_volume_ml": 0.18229999999999968,
    "duration_s": 18.331128699705005,
    "timestamp": 1770665069.543951,
    "replicate_id": 1,
    "metadata": {
      "replicate": 1,
      "volume": 0.18229999999999968,
      "elapsed_s": 18.331128699705005,
      "start_time": "2026-02-09T14:24:11.210934",
      "end_time": "2026-02-09T14:24:29.543951",
      "target_volume_mL": 0.18,
      "measured_volume_uL": 182.29999999999967,
      "target_volume_uL": 180.0,
      "aspirate_speed": 10,
      "dispense_speed": 5,
      "aspirate_wait_time": 2.5,
      "dispense_wait_time": 1.5,
      "pre_asp_air_vol": 0.169,
      "retract_speed": 5.0,
      "blowout_vol": 0.0,
      "post_asp_air_vol": 0.0,
      "post_retract_wait_time": 0.0,
      "overaspirate_vol": 0.0071
    },
    "trial_score": 0.5735948067327935,
    "trial_quality": "partial_tolerance"
  },
  {
    "measurement_id": "measurement_1770665087603908_1",
    "parameters": {
      "calibration": {
        "overaspirate_vol": 0.0071
      },
      "hardware": {
        "parameters": {
          "aspirate_speed": 10,
          "dispense_speed": 5,
          "aspirate_wait_time": 2.5,
          "pre_asp_air_vol": 0.169
        }
      }
    },
    "target_volume_ml": 0.18,
    "measured_volume_ml": 0.1833000000000009,
    "duration_s": 18.065177000127733,
    "timestamp": 1770665087.6039088,
    "replicate_id": 1,
    "metadata": {
      "replicate": 1,
      "volume": 0.1833000000000009,
      "elapsed_s": 18.065177000127733,
      "start_time": "2026-02-09T14:24:29.543951",
      "end_time": "2026-02-09T14:24:47.603908",
      "target_volume_mL": 0.18,
      "measured_volume_uL": 183.30000000000092,
      "target_volume_uL": 180.0,
      "aspirate_speed": 10,
      "dispense_speed": 5,
      "aspirate_wait_time": 2.5,
      "dispense_wait_time": 1.5,
      "pre_asp_air_vol": 0.169,
      "retract_speed": 5.0,
      "blowout_vol": 0.0,
      "post_asp_air_vol": 0.0,
      "post_retract_wait_time": 0.0,
      "overaspirate_vol": 0.0071
    },
    "trial_score": 0.5735948067327935,
    "trial_quality": "partial_tolerance"
  },
  {
    "measurement_id": "measurement_1770665113229745_1",
    "parameters": {
      "calibration": {
        "overaspirate_vol": 0.0043
      },
      "hardware": {
        "parameters": {
          "aspirate_speed": 17,
          "dispense_speed": 13,
          "aspirate_wait_time": 2.9000000000000004,
          "pre_asp_air_vol": 0.251
        }
      }
    },
    "target_volume_ml": 0.18,
    "measured_volume_ml": 0.18409999999999904,
    "duration_s": 25.61003839969635,
    "timestamp": 1770665113.2297454,
    "replicate_id": 1,
    "metadata": {
      "replicate": 1,
      "volume": 0.18409999999999904,
      "elapsed_s": 25.61003839969635,
      "start_time": "2026-02-09T14:24:47.625649",
      "end_time": "2026-02-09T14:25:13.229745",
      "target_volume_mL": 0.18,
      "measured_volume_uL": 184.09999999999906,
      "target_volume_uL": 180.0,
      "aspirate_speed": 17,
      "dispense_speed": 13,
      "aspirate_wait_time": 2.9000000000000004,
      "dispense_wait_time": 1.5,
      "pre_asp_air_vol": 0.251,
      "retract_speed": 5.0,
      "blowout_vol": 0.0,
      "post_asp_air_vol": 0.0,
      "post_retract_wait_time": 0.0,
      "overaspirate_vol": 0.0043
    },
    "trial_score": 0.4412632236249045,
    "trial_quality": "within_tolerance"
  },
  {
    "measurement_id": "measurement_1770665139206945_1",
    "parameters": {
      "calibration": {
        "overaspirate_vol": 0.0043
      },
      "hardware": {
        "parameters": {
          "aspirate_speed": 17,
          "dispense_speed": 13,
          "aspirate_wait_time": 2.9000000000000004,
          "pre_asp_air_vol": 0.251
        }
      }
    },
    "target_volume_ml": 0.18,
    "measured_volume_ml": 0.18050000000000033,
    "duration_s": 25.97801649942994,
    "timestamp": 1770665139.2069454,
    "replicate_id": 1,
    "metadata": {
      "replicate": 1,
      "volume": 0.18050000000000033,
      "elapsed_s": 25.97801649942994,
      "start_time": "2026-02-09T14:25:13.229745",
      "end_time": "2026-02-09T14:25:39.206945",
      "target_volume_mL": 0.18,
      "measured_volume_uL": 180.50000000000034,
      "target_volume_uL": 180.0,
      "aspirate_speed": 17,
      "dispense_speed": 13,
      "aspirate_wait_time": 2.9000000000000004,
      "dispense_wait_time": 1.5,
      "pre_asp_air_vol": 0.251,
      "retract_speed": 5.0,
      "blowout_vol": 0.0,
      "post_asp_air_vol": 0.0,
      "post_retract_wait_time": 0.0,
      "overaspirate_vol": 0.0043
    },
    "trial_score": 0.4412632236249045,
    "trial_quality": "within_tolerance"
  },
  {
    "measurement_id": "measurement_1770665164822973_1",
    "parameters": {
      "calibration": {
        "overaspirate_vol": 0.0043
      },
      "hardware": {
        "parameters": {
          "aspirate_speed": 17,
          "dispense_speed": 13,
          "aspirate_wait_time": 2.9000000000000004,
          "pre_asp_air_vol": 0.251
        }
      }
    },
    "target_volume_ml": 0.18,
    "measured_volume_ml": 0.18050000000000033,
    "duration_s": 25.61124339979142,
    "timestamp": 1770665164.8229733,
    "replicate_id": 1,
    "metadata": {
      "replicate": 1,
      "volume": 0.18050000000000033,
      "elapsed_s": 25.61124339979142,
      "start_time": "2026-02-09T14:25:39.206945",
      "end_time": "2026-02-09T14:26:04.822973",
      "target_volume_mL": 0.18,
      "measured_volume_uL": 180.50000000000034,
      "target_volume_uL": 180.0,
      "aspirate_speed": 17,
      "dispense_speed": 13,
      "aspirate_wait_time": 2.9000000000000004,
      "dispense_wait_time": 1.5,
      "pre_asp_air_vol": 0.251,
      "retract_speed": 5.0,
      "blowout_vol": 0.0,
      "post_asp_air_vol": 0.0,
      "post_retract_wait_time": 0.0,
      "overaspirate_vol": 0.0043
    },
    "trial_score": 0.4412632236249045,
    "trial_quality": "within_tolerance"
  },
  {
    "measurement_id": "measurement_1770665190421228_1",
    "parameters": {
      "calibration": {
        "overaspirate_vol": 0.0043
      },
      "hardware": {
        "parameters": {
          "aspirate_speed": 17,
          "dispense_speed": 13,
          "aspirate_wait_time": 2.9000000000000004,
          "pre_asp_air_vol": 0.251
        }
      }
    },
    "target_volume_ml": 0.18,
    "measured_volume_ml": 0.18019999999999925,
    "duration_s": 25.593717999756336,
    "timestamp": 1770665190.4212286,
    "replicate_id": 1,
    "metadata": {
      "replicate": 1,
      "volume": 0.18019999999999925,
      "elapsed_s": 25.593717999756336,
      "start_time": "2026-02-09T14:26:04.822973",
      "end_time": "2026-02-09T14:26:30.421228",
      "target_volume_mL": 0.18,
      "measured_volume_uL": 180.19999999999925,
      "target_volume_uL": 180.0,
      "aspirate_speed": 17,
      "dispense_speed": 13,
      "aspirate_wait_time": 2.9000000000000004,
      "dispense_wait_time": 1.5,
      "pre_asp_air_vol": 0.251,
      "retract_speed": 5.0,
      "blowout_vol": 0.0,
      "post_asp_air_vol": 0.0,
      "post_retract_wait_time": 0.0,
      "overaspirate_vol": 0.0043
    },
    "trial_score": 0.4412632236249045,
    "trial_quality": "within_tolerance"
  },
  {
    "measurement_id": "measurement_1770665216029955_1",
    "parameters": {
      "calibration": {
        "overaspirate_vol": 0.0043
      },
      "hardware": {
        "parameters": {
          "aspirate_speed": 17,
          "dispense_speed": 13,
          "aspirate_wait_time": 2.9000000000000004,
          "pre_asp_air_vol": 0.251
        }
      }
    },
    "target_volume_ml": 0.18,
    "measured_volume_ml": 0.18039999999999878,
    "duration_s": 25.60714320000261,
    "timestamp": 1770665216.0299551,
    "replicate_id": 1,
    "metadata": {
      "replicate": 1,
      "volume": 0.18039999999999878,
      "elapsed_s": 25.60714320000261,
      "start_time": "2026-02-09T14:26:30.421228",
      "end_time": "2026-02-09T14:26:56.029955",
      "target_volume_mL": 0.18,
      "measured_volume_uL": 180.39999999999878,
      "target_volume_uL": 180.0,
      "aspirate_speed": 17,
      "dispense_speed": 13,
      "aspirate_wait_time": 2.9000000000000004,
      "dispense_wait_time": 1.5,
      "pre_asp_air_vol": 0.251,
      "retract_speed": 5.0,
      "blowout_vol": 0.0,
      "post_asp_air_vol": 0.0,
      "post_retract_wait_time": 0.0,
      "overaspirate_vol": 0.0043
    },
    "trial_score": 0.4412632236249045,
    "trial_quality": "within_tolerance"
  },
  {
    "measurement_id": "measurement_1770665233631116_1",
    "parameters": {
      "calibration": {
        "overaspirate_vol": 0.0024000000000000002
      },
      "hardware": {
        "parameters": {
          "aspirate_speed": 14,
          "dispense_speed": 11,
          "aspirate_wait_time": 0.9,
          "pre_asp_air_vol": 0.117
        }
      }
    },
    "target_volume_ml": 0.18,
    "measured_volume_ml": 0.17859999999999943,
    "duration_s": 17.588174199685454,
    "timestamp": 1770665233.631116,
    "replicate_id": 1,
    "metadata": {
      "replicate": 1,
      "volume": 0.17859999999999943,
      "elapsed_s": 17.588174199685454,
      "start_time": "2026-02-09T14:26:56.044225",
      "end_time": "2026-02-09T14:27:13.631116",
      "target_volume_mL": 0.18,
      "measured_volume_uL": 178.59999999999943,
      "target_volume_uL": 180.0,
      "aspirate_speed": 14,
      "dispense_speed": 11,
      "aspirate_wait_time": 0.9,
      "dispense_wait_time": 1.5,
      "pre_asp_air_vol": 0.117,
      "retract_speed": 5.0,
      "blowout_vol": 0.0,
      "post_asp_air_vol": 0.0,
      "post_retract_wait_time": 0.0,
      "overaspirate_vol": 0.0024000000000000002
    },
    "trial_score": 0.21271659295130058,
    "trial_quality": "within_tolerance"
  },
  {
    "measurement_id": "measurement_1770665251244077_1",
    "parameters": {
      "calibration": {
        "overaspirate_vol": 0.0024000000000000002
      },
      "hardware": {
        "parameters": {
          "aspirate_speed": 14,
          "dispense_speed": 11,
          "aspirate_wait_time": 0.9,
          "pre_asp_air_vol": 0.117
        }
      }
    },
    "target_volume_ml": 0.18,
    "measured_volume_ml": 0.17879999999999896,
    "duration_s": 17.622593100182712,
    "timestamp": 1770665251.2440777,
    "replicate_id": 1,
    "metadata": {
      "replicate": 1,
      "volume": 0.17879999999999896,
      "elapsed_s": 17.622593100182712,
      "start_time": "2026-02-09T14:27:13.631116",
      "end_time": "2026-02-09T14:27:31.244077",
      "target_volume_mL": 0.18,
      "measured_volume_uL": 178.79999999999896,
      "target_volume_uL": 180.0,
      "aspirate_speed": 14,
      "dispense_speed": 11,
      "aspirate_wait_time": 0.9,
      "dispense_wait_time": 1.5,
      "pre_asp_air_vol": 0.117,
      "retract_speed": 5.0,
      "blowout_vol": 0.0,
      "post_asp_air_vol": 0.0,
      "post_retract_wait_time": 0.0,
      "overaspirate_vol": 0.0024000000000000002
    },
    "trial_score": 0.21271659295130058,
    "trial_quality": "within_tolerance"
  },
  {
    "measurement_id": "measurement_1770665268824828_1",
    "parameters": {
      "calibration": {
        "overaspirate_vol": 0.0024000000000000002
      },
      "hardware": {
        "parameters": {
          "aspirate_speed": 14,
          "dispense_speed": 11,
          "aspirate_wait_time": 0.9,
          "pre_asp_air_vol": 0.117
        }
      }
    },
    "target_volume_ml": 0.18,
    "measured_volume_ml": 0.1791999999999998,
    "duration_s": 17.56863330025226,
    "timestamp": 1770665268.8248286,
    "replicate_id": 1,
    "metadata": {
      "replicate": 1,
      "volume": 0.1791999999999998,
      "elapsed_s": 17.56863330025226,
      "start_time": "2026-02-09T14:27:31.244077",
      "end_time": "2026-02-09T14:27:48.824828",
      "target_volume_mL": 0.18,
      "measured_volume_uL": 179.19999999999982,
      "target_volume_uL": 180.0,
      "aspirate_speed": 14,
      "dispense_speed": 11,
      "aspirate_wait_time": 0.9,
      "dispense_wait_time": 1.5,
      "pre_asp_air_vol": 0.117,
      "retract_speed": 5.0,
      "blowout_vol": 0.0,
      "post_asp_air_vol": 0.0,
      "post_retract_wait_time": 0.0,
      "overaspirate_vol": 0.0024000000000000002
    },
    "trial_score": 0.21271659295130058,
    "trial_quality": "within_tolerance"
  },
  {
    "measurement_id": "measurement_1770665286416119_1",
    "parameters": {
      "calibration": {
        "overaspirate_vol": 0.0024000000000000002
      },
      "hardware": {
        "parameters": {
          "aspirate_speed": 14,
          "dispense_speed": 11,
          "aspirate_wait_time": 0.9,
          "pre_asp_air_vol": 0.117
        }
      }
    },
    "target_volume_ml": 0.18,
    "measured_volume_ml": 0.17940000000000467,
    "duration_s": 17.592214100062847,
    "timestamp": 1770665286.4161196,
    "replicate_id": 1,
    "metadata": {
      "replicate": 1,
      "volume": 0.17940000000000467,
      "elapsed_s": 17.592214100062847,
      "start_time": "2026-02-09T14:27:48.824828",
      "end_time": "2026-02-09T14:28:06.416119",
      "target_volume_mL": 0.18,
      "measured_volume_uL": 179.40000000000467,
      "target_volume_uL": 180.0,
      "aspirate_speed": 14,
      "dispense_speed": 11,
      "aspirate_wait_time": 0.9,
      "dispense_wait_time": 1.5,
      "pre_asp_air_vol": 0.117,
      "retract_speed": 5.0,
      "blowout_vol": 0.0,
      "post_asp_air_vol": 0.0,
      "post_retract_wait_time": 0.0,
      "overaspirate_vol": 0.0024000000000000002
    },
    "trial_score": 0.21271659295130058,
    "trial_quality": "within_tolerance"
  },
  {
    "measurement_id": "measurement_1770665304031051_1",
    "parameters": {
      "calibration": {
        "overaspirate_vol": 0.0024000000000000002
      },
      "hardware": {
        "parameters": {
          "aspirate_speed": 14,
          "dispense_speed": 11,
          "aspirate_wait_time": 0.9,
          "pre_asp_air_vol": 0.117
        }
      }
    },
    "target_volume_ml": 0.18,
    "measured_volume_ml": 0.1794999999999991,
    "duration_s": 17.610658599995077,
    "timestamp": 1770665304.0310512,
    "replicate_id": 1,
    "metadata": {
      "replicate": 1,
      "volume": 0.1794999999999991,
      "elapsed_s": 17.610658599995077,
      "start_time": "2026-02-09T14:28:06.420780",
      "end_time": "2026-02-09T14:28:24.031051",
      "target_volume_mL": 0.18,
      "measured_volume_uL": 179.4999999999991,
      "target_volume_uL": 180.0,
      "aspirate_speed": 14,
      "dispense_speed": 11,
      "aspirate_wait_time": 0.9,
      "dispense_wait_time": 1.5,
      "pre_asp_air_vol": 0.117,
      "retract_speed": 5.0,
      "blowout_vol": 0.0,
      "post_asp_air_vol": 0.0,
      "post_retract_wait_time": 0.0,
      "overaspirate_vol": 0.0024000000000000002
    },
    "trial_score": 0.21271659295130058,
    "trial_quality": "within_tolerance"
  },
  {
    "measurement_id": "measurement_1770665321818407_1",
    "parameters": {
      "calibration": {
        "overaspirate_vol": 0.003
      },
      "hardware": {
        "parameters": {
          "aspirate_speed": 16,
          "dispense_speed": 7,
          "aspirate_wait_time": 0.30000000000000004,
          "pre_asp_air_vol": 0.088
        }
      }
    },
    "target_volume_ml": 0.18,
    "measured_volume_ml": 0.17789999999999928,
    "duration_s": 17.77247940003872,
    "timestamp": 1770665321.8184078,
    "replicate_id": 1,
    "metadata": {
      "replicate": 1,
      "volume": 0.17789999999999928,
      "elapsed_s": 17.77247940003872,
      "start_time": "2026-02-09T14:28:24.045606",
      "end_time": "2026-02-09T14:28:41.802585",
      "target_volume_mL": 0.18,
      "measured_volume_uL": 177.8999999999993,
      "target_volume_uL": 180.0,
      "aspirate_speed": 16,
      "dispense_speed": 7,
      "aspirate_wait_time": 0.30000000000000004,
      "dispense_wait_time": 1.5,
      "pre_asp_air_vol": 0.088,
      "retract_speed": 5.0,
      "blowout_vol": 0.0,
      "post_asp_air_vol": 0.0,
      "post_retract_wait_time": 0.0,
      "overaspirate_vol": 0.003
    },
    "trial_score": 0.3222516970424396,
    "trial_quality": "within_tolerance"
  },
  {
    "measurement_id": "measurement_1770665339615089_1",
    "parameters": {
      "calibration": {
        "overaspirate_vol": 0.003
      },
      "hardware": {
        "parameters": {
          "aspirate_speed": 16,
          "dispense_speed": 7,
          "aspirate_wait_time": 0.30000000000000004,
          "pre_asp_air_vol": 0.088
        }
      }
    },
    "target_volume_ml": 0.18,
    "measured_volume_ml": 0.17809999999999881,
    "duration_s": 17.797134900465608,
    "timestamp": 1770665339.615089,
    "replicate_id": 1,
    "metadata": {
      "replicate": 1,
      "volume": 0.17809999999999881,
      "elapsed_s": 17.797134900465608,
      "start_time": "2026-02-09T14:28:41.818407",
      "end_time": "2026-02-09T14:28:59.615088",
      "target_volume_mL": 0.18,
      "measured_volume_uL": 178.09999999999883,
      "target_volume_uL": 180.0,
      "aspirate_speed": 16,
      "dispense_speed": 7,
      "aspirate_wait_time": 0.30000000000000004,
      "dispense_wait_time": 1.5,
      "pre_asp_air_vol": 0.088,
      "retract_speed": 5.0,
      "blowout_vol": 0.0,
      "post_asp_air_vol": 0.0,
      "post_retract_wait_time": 0.0,
      "overaspirate_vol": 0.003
    },
    "trial_score": 0.3222516970424396,
    "trial_quality": "within_tolerance"
  },
  {
    "measurement_id": "measurement_1770665357414439_1",
    "parameters": {
      "calibration": {
        "overaspirate_vol": 0.003
      },
      "hardware": {
        "parameters": {
          "aspirate_speed": 16,
          "dispense_speed": 7,
          "aspirate_wait_time": 0.30000000000000004,
          "pre_asp_air_vol": 0.088
        }
      }
    },
    "target_volume_ml": 0.18,
    "measured_volume_ml": 0.17919999999999803,
    "duration_s": 17.798120399937034,
    "timestamp": 1770665357.4144397,
    "replicate_id": 1,
    "metadata": {
      "replicate": 1,
      "volume": 0.17919999999999803,
      "elapsed_s": 17.798120399937034,
      "start_time": "2026-02-09T14:28:59.615088",
      "end_time": "2026-02-09T14:29:17.414439",
      "target_volume_mL": 0.18,
      "measured_volume_uL": 179.19999999999803,
      "target_volume_uL": 180.0,
      "aspirate_speed": 16,
      "dispense_speed": 7,
      "aspirate_wait_time": 0.30000000000000004,
      "dispense_wait_time": 1.5,
      "pre_asp_air_vol": 0.088,
      "retract_speed": 5.0,
      "blowout_vol": 0.0,
      "post_asp_air_vol": 0.0,
      "post_retract_wait_time": 0.0,
      "overaspirate_vol": 0.003
    },
    "trial_score": 0.3222516970424396,
    "trial_quality": "within_tolerance"
  },
  {
    "measurement_id": "measurement_1770665375411390_1",
    "parameters": {
      "calibration": {
        "overaspirate_vol": 0.003
      },
      "hardware": {
        "parameters": {
          "aspirate_speed": 16,
          "dispense_speed": 7,
          "aspirate_wait_time": 0.30000000000000004,
          "pre_asp_air_vol": 0.088
        }
      }
    },
    "target_volume_ml": 0.18,
    "measured_volume_ml": 0.1781000000000006,
    "duration_s": 17.995533700101078,
    "timestamp": 1770665375.4113908,
    "replicate_id": 1,
    "metadata": {
      "replicate": 1,
      "volume": 0.1781000000000006,
      "elapsed_s": 17.995533700101078,
      "start_time": "2026-02-09T14:29:17.414439",
      "end_time": "2026-02-09T14:29:35.411390",
      "target_volume_mL": 0.18,
      "measured_volume_uL": 178.1000000000006,
      "target_volume_uL": 180.0,
      "aspirate_speed": 16,
      "dispense_speed": 7,
      "aspirate_wait_time": 0.30000000000000004,
      "dispense_wait_time": 1.5,
      "pre_asp_air_vol": 0.088,
      "retract_speed": 5.0,
      "blowout_vol": 0.0,
      "post_asp_air_vol": 0.0,
      "post_retract_wait_time": 0.0,
      "overaspirate_vol": 0.003
    },
    "trial_score": 0.3222516970424396,
    "trial_quality": "within_tolerance"
  },
  {
    "measurement_id": "measurement_1770665393372082_1",
    "parameters": {
      "calibration": {
        "overaspirate_vol": 0.003
      },
      "hardware": {
        "parameters": {
          "aspirate_speed": 16,
          "dispense_speed": 7,
          "aspirate_wait_time": 0.30000000000000004,
          "pre_asp_air_vol": 0.088
        }
      }
    },
    "target_volume_ml": 0.18,
    "measured_volume_ml": 0.1794999999999991,
    "duration_s": 17.972603600472212,
    "timestamp": 1770665393.3720822,
    "replicate_id": 1,
    "metadata": {
      "replicate": 1,
      "volume": 0.1794999999999991,
      "elapsed_s": 17.972603600472212,
      "start_time": "2026-02-09T14:29:35.411390",
      "end_time": "2026-02-09T14:29:53.372082",
      "target_volume_mL": 0.18,
      "measured_volume_uL": 179.4999999999991,
      "target_volume_uL": 180.0,
      "aspirate_speed": 16,
      "dispense_speed": 7,
      "aspirate_wait_time": 0.30000000000000004,
      "dispense_wait_time": 1.5,
      "pre_asp_air_vol": 0.088,
      "retract_speed": 5.0,
      "blowout_vol": 0.0,
      "post_asp_air_vol": 0.0,
      "post_retract_wait_time": 0.0,
      "overaspirate_vol": 0.003
    },
    "trial_score": 0.3222516970424396,
    "trial_quality": "within_tolerance"
  },
  {
    "measurement_id": "measurement_1770665426814953_1",
    "parameters": {
      "calibration": {
        "overaspirate_vol": 0.0047
      },
      "hardware": {
        "parameters": {
          "aspirate_speed": 13,
          "dispense_speed": 17,
          "aspirate_wait_time": 3.5,
          "pre_asp_air_vol": 0.291
        }
      }
    },
    "target_volume_ml": 0.18,
    "measured_volume_ml": 0.18440000000000012,
    "duration_s": 33.427577399648726,
    "timestamp": 1770665426.8149538,
    "replicate_id": 1,
    "metadata": {
      "replicate": 1,
      "volume": 0.18440000000000012,
      "elapsed_s": 33.427577399648726,
      "start_time": "2026-02-09T14:29:53.401212",
      "end_time": "2026-02-09T14:30:26.814953",
      "target_volume_mL": 0.18,
      "measured_volume_uL": 184.40000000000012,
      "target_volume_uL": 180.0,
      "aspirate_speed": 13,
      "dispense_speed": 17,
      "aspirate_wait_time": 3.5,
      "dispense_wait_time": 1.5,
      "pre_asp_air_vol": 0.291,
      "retract_speed": 5.0,
      "blowout_vol": 0.0,
      "post_asp_air_vol": 0.0,
      "post_retract_wait_time": 0.0,
      "overaspirate_vol": 0.0047
    },
    "trial_score": 0.4899247004771205,
    "trial_quality": "within_tolerance"
  },
  {
    "measurement_id": "measurement_1770665460229856_1",
    "parameters": {
      "calibration": {
        "overaspirate_vol": 0.0047
      },
      "hardware": {
        "parameters": {
          "aspirate_speed": 13,
          "dispense_speed": 17,
          "aspirate_wait_time": 3.5,
          "pre_asp_air_vol": 0.291
        }
      }
    },
    "target_volume_ml": 0.18,
    "measured_volume_ml": 0.18020000000000103,
    "duration_s": 33.4024018002674,
    "timestamp": 1770665460.2298563,
    "replicate_id": 1,
    "metadata": {
      "replicate": 1,
      "volume": 0.18020000000000103,
      "elapsed_s": 33.4024018002674,
      "start_time": "2026-02-09T14:30:26.814953",
      "end_time": "2026-02-09T14:31:00.229856",
      "target_volume_mL": 0.18,
      "measured_volume_uL": 180.200000000001,
      "target_volume_uL": 180.0,
      "aspirate_speed": 13,
      "dispense_speed": 17,
      "aspirate_wait_time": 3.5,
      "dispense_wait_time": 1.5,
      "pre_asp_air_vol": 0.291,
      "retract_speed": 5.0,
      "blowout_vol": 0.0,
      "post_asp_air_vol": 0.0,
      "post_retract_wait_time": 0.0,
      "overaspirate_vol": 0.0047
    },
    "trial_score": 0.4899247004771205,
    "trial_quality": "within_tolerance"
  },
  {
    "measurement_id": "measurement_1770665494026273_1",
    "parameters": {
      "calibration": {
        "overaspirate_vol": 0.0047
      },
      "hardware": {
        "parameters": {
          "aspirate_speed": 13,
          "dispense_speed": 17,
          "aspirate_wait_time": 3.5,
          "pre_asp_air_vol": 0.291
        }
      }
    },
    "target_volume_ml": 0.18,
    "measured_volume_ml": 0.18039999999999878,
    "duration_s": 33.79404450021684,
    "timestamp": 1770665494.0262735,
    "replicate_id": 1,
    "metadata": {
      "replicate": 1,
      "volume": 0.18039999999999878,
      "elapsed_s": 33.79404450021684,
      "start_time": "2026-02-09T14:31:00.229856",
      "end_time": "2026-02-09T14:31:34.026273",
      "target_volume_mL": 0.18,
      "measured_volume_uL": 180.39999999999878,
      "target_volume_uL": 180.0,
      "aspirate_speed": 13,
      "dispense_speed": 17,
      "aspirate_wait_time": 3.5,
      "dispense_wait_time": 1.5,
      "pre_asp_air_vol": 0.291,
      "retract_speed": 5.0,
      "blowout_vol": 0.0,
      "post_asp_air_vol": 0.0,
      "post_retract_wait_time": 0.0,
      "overaspirate_vol": 0.0047
    },
    "trial_score": 0.4899247004771205,
    "trial_quality": "within_tolerance"
  },
  {
    "measurement_id": "measurement_1770665527437429_1",
    "parameters": {
      "calibration": {
        "overaspirate_vol": 0.0047
      },
      "hardware": {
        "parameters": {
          "aspirate_speed": 13,
          "dispense_speed": 17,
          "aspirate_wait_time": 3.5,
          "pre_asp_air_vol": 0.291
        }
      }
    },
    "target_volume_ml": 0.18,
    "measured_volume_ml": 0.17999999999999972,
    "duration_s": 33.40961610060185,
    "timestamp": 1770665527.437429,
    "replicate_id": 1,
    "metadata": {
      "replicate": 1,
      "volume": 0.17999999999999972,
      "elapsed_s": 33.40961610060185,
      "start_time": "2026-02-09T14:31:34.026273",
      "end_time": "2026-02-09T14:32:07.437429",
      "target_volume_mL": 0.18,
      "measured_volume_uL": 179.99999999999972,
      "target_volume_uL": 180.0,
      "aspirate_speed": 13,
      "dispense_speed": 17,
      "aspirate_wait_time": 3.5,
      "dispense_wait_time": 1.5,
      "pre_asp_air_vol": 0.291,
      "retract_speed": 5.0,
      "blowout_vol": 0.0,
      "post_asp_air_vol": 0.0,
      "post_retract_wait_time": 0.0,
      "overaspirate_vol": 0.0047
    },
    "trial_score": 0.4899247004771205,
    "trial_quality": "within_tolerance"
  },
  {
    "measurement_id": "measurement_1770665561224144_1",
    "parameters": {
      "calibration": {
        "overaspirate_vol": 0.0047
      },
      "hardware": {
        "parameters": {
          "aspirate_speed": 13,
          "dispense_speed": 17,
          "aspirate_wait_time": 3.5,
          "pre_asp_air_vol": 0.291
        }
      }
    },
    "target_volume_ml": 0.18,
    "measured_volume_ml": 0.1804799999999993,
    "duration_s": 33.78523200005293,
    "timestamp": 1770665561.2241447,
    "replicate_id": 1,
    "metadata": {
      "replicate": 1,
      "volume": 0.1804799999999993,
      "elapsed_s": 33.78523200005293,
      "start_time": "2026-02-09T14:32:07.437429",
      "end_time": "2026-02-09T14:32:41.224144",
      "target_volume_mL": 0.18,
      "measured_volume_uL": 180.4799999999993,
      "target_volume_uL": 180.0,
      "aspirate_speed": 13,
      "dispense_speed": 17,
      "aspirate_wait_time": 3.5,
      "dispense_wait_time": 1.5,
      "pre_asp_air_vol": 0.291,
      "retract_speed": 5.0,
      "blowout_vol": 0.0,
      "post_asp_air_vol": 0.0,
      "post_retract_wait_time": 0.0,
      "overaspirate_vol": 0.0047
    },
    "trial_score": 0.4899247004771205,
    "trial_quality": "within_tolerance"
  },
  {
    "measurement_id": "measurement_1770665578825476_1",
    "parameters": {
      "calibration": {
        "overaspirate_vol": 0.0024000000000000002
      },
      "hardware": {
        "parameters": {
          "aspirate_speed": 14,
          "dispense_speed": 11,
          "aspirate_wait_time": 0.9,
          "pre_asp_air_vol": 0.117
        }
      }
    },
    "target_volume_ml": 0.18,
    "measured_volume_ml": 0.17629999999999946,
    "duration_s": 17.59749119915068,
    "timestamp": 1770665578.8254764,
    "replicate_id": 1,
    "metadata": {
      "replicate": 1,
      "volume": 0.17629999999999946,
      "elapsed_s": 17.59749119915068,
      "start_time": "2026-02-09T14:32:41.224144",
      "end_time": "2026-02-09T14:32:58.825476",
      "target_volume_mL": 0.18,
      "measured_volume_uL": 176.29999999999944,
      "target_volume_uL": 180.0,
      "aspirate_speed": 14,
      "dispense_speed": 11,
      "aspirate_wait_time": 0.9,
      "dispense_wait_time": 1.5,
      "pre_asp_air_vol": 0.117,
      "retract_speed": 5.0,
      "blowout_vol": 0.0,
      "post_asp_air_vol": 0.0,
      "post_retract_wait_time": 0.0,
      "overaspirate_vol": 0.0024000000000000002
    },
    "trial_score": 0.9591212669601343,
    "trial_quality": "partial_tolerance"
  },
  {
    "measurement_id": "measurement_1770665596825876_1",
    "parameters": {
      "calibration": {
        "overaspirate_vol": 0.009700000000000536
      },
      "hardware": {
        "parameters": {
          "aspirate_speed": 14,
          "dispense_speed": 11,
          "aspirate_wait_time": 0.9,
          "pre_asp_air_vol": 0.117
        }
      }
    },
    "target_volume_ml": 0.18,
    "measured_volume_ml": 0.1877999999999993,
    "duration_s": 17.998192200437188,
    "timestamp": 1770665596.8258765,
    "replicate_id": 1,
    "metadata": {
      "replicate": 1,
      "volume": 0.1877999999999993,
      "elapsed_s": 17.998192200437188,
      "start_time": "2026-02-09T14:32:58.825476",
      "end_time": "2026-02-09T14:33:16.825876",
      "target_volume_mL": 0.18,
      "measured_volume_uL": 187.7999999999993,
      "target_volume_uL": 180.0,
      "aspirate_speed": 14,
      "dispense_speed": 11,
      "aspirate_wait_time": 0.9,
      "dispense_wait_time": 1.5,
      "pre_asp_air_vol": 0.117,
      "retract_speed": 5.0,
      "blowout_vol": 0.0,
      "post_asp_air_vol": 0.0,
      "post_retract_wait_time": 0.0,
      "overaspirate_vol": 0.009700000000000536
    },
    "trial_score": 0.9794384184458986,
    "trial_quality": "partial_tolerance"
  },
  {
    "measurement_id": "measurement_1770665634023762_1",
    "parameters": {
      "calibration": {
        "overaspirate_vol": 0.0026000000000000003
      },
      "hardware": {
        "parameters": {
          "aspirate_speed": 13,
          "dispense_speed": 8,
          "aspirate_wait_time": 0.9,
          "pre_asp_air_vol": 0.198
        }
      }
    },
    "target_volume_ml": 0.18,
    "measured_volume_ml": 0.1767000000000003,
    "duration_s": 17.54812299925834,
    "timestamp": 1770665634.0237627,
    "replicate_id": 1,
    "metadata": {
      "replicate": 1,
      "volume": 0.1767000000000003,
      "elapsed_s": 17.54812299925834,
      "start_time": "2026-02-09T14:33:18.725784",
      "end_time": "2026-02-09T14:33:54.023762",
      "target_volume_mL": 0.18,
      "measured_volume_uL": 176.7000000000003,
      "target_volume_uL": 180.0,
      "aspirate_speed": 13,
      "dispense_speed": 8,
      "aspirate_wait_time": 0.9,
      "dispense_wait_time": 1.5,
      "pre_asp_air_vol": 0.198,
      "retract_speed": 5.0,
      "blowout_vol": 0.0,
      "post_asp_air_vol": 0.0,
      "post_retract_wait_time": 0.0,
      "overaspirate_vol": 0.0026000000000000003
    },
    "trial_score": 0.5076388690319596,
    "trial_quality": "within_tolerance"
  },
  {
    "measurement_id": "measurement_1770665651604864_1",
    "parameters": {
      "calibration": {
        "overaspirate_vol": 0.0026000000000000003
      },
      "hardware": {
        "parameters": {
          "aspirate_speed": 13,
          "dispense_speed": 8,
          "aspirate_wait_time": 0.9,
          "pre_asp_air_vol": 0.198
        }
      }
    },
    "target_volume_ml": 0.18,
    "measured_volume_ml": 0.1775000000000002,
    "duration_s": 17.593114499934018,
    "timestamp": 1770665651.604864,
    "replicate_id": 1,
    "metadata": {
      "replicate": 1,
      "volume": 0.1775000000000002,
      "elapsed_s": 17.593114499934018,
      "start_time": "2026-02-09T14:33:54.023762",
      "end_time": "2026-02-09T14:34:11.604864",
      "target_volume_mL": 0.18,
      "measured_volume_uL": 177.50000000000023,
      "target_volume_uL": 180.0,
      "aspirate_speed": 13,
      "dispense_speed": 8,
      "aspirate_wait_time": 0.9,
      "dispense_wait_time": 1.5,
      "pre_asp_air_vol": 0.198,
      "retract_speed": 5.0,
      "blowout_vol": 0.0,
      "post_asp_air_vol": 0.0,
      "post_retract_wait_time": 0.0,
      "overaspirate_vol": 0.0026000000000000003
    },
    "trial_score": 0.5076388690319596,
    "trial_quality": "within_tolerance"
  },
  {
    "measurement_id": "measurement_1770665669206312_1",
    "parameters": {
      "calibration": {
        "overaspirate_vol": 0.0026000000000000003
      },
      "hardware": {
        "parameters": {
          "aspirate_speed": 13,
          "dispense_speed": 8,
          "aspirate_wait_time": 0.9,
          "pre_asp_air_vol": 0.198
        }
      }
    },
    "target_volume_ml": 0.18,
    "measured_volume_ml": 0.17729999999999713,
    "duration_s": 17.59600459970534,
    "timestamp": 1770665669.2063124,
    "replicate_id": 1,
    "metadata": {
      "replicate": 1,
      "volume": 0.17729999999999713,
      "elapsed_s": 17.59600459970534,
      "start_time": "2026-02-09T14:34:11.620735",
      "end_time": "2026-02-09T14:34:29.206312",
      "target_volume_mL": 0.18,
      "measured_volume_uL": 177.2999999999971,
      "target_volume_uL": 180.0,
      "aspirate_speed": 13,
      "dispense_speed": 8,
      "aspirate_wait_time": 0.9,
      "dispense_wait_time": 1.5,
      "pre_asp_air_vol": 0.198,
      "retract_speed": 5.0,
      "blowout_vol": 0.0,
      "post_asp_air_vol": 0.0,
      "post_retract_wait_time": 0.0,
      "overaspirate_vol": 0.0026000000000000003
    },
    "trial_score": 0.5076388690319596,
    "trial_quality": "within_tolerance"
  },
  {
    "measurement_id": "measurement_1770665686415638_1",
    "parameters": {
      "calibration": {
        "overaspirate_vol": 0.0026000000000000003
      },
      "hardware": {
        "parameters": {
          "aspirate_speed": 13,
          "dispense_speed": 8,
          "aspirate_wait_time": 0.9,
          "pre_asp_air_vol": 0.198
        }
      }
    },
    "target_volume_ml": 0.18,
    "measured_volume_ml": 0.18090000000000117,
    "duration_s": 17.199173600412905,
    "timestamp": 1770665686.4156387,
    "replicate_id": 1,
    "metadata": {
      "replicate": 1,
      "volume": 0.18090000000000117,
      "elapsed_s": 17.199173600412905,
      "start_time": "2026-02-09T14:34:29.206312",
      "end_time": "2026-02-09T14:34:46.415638",
      "target_volume_mL": 0.18,
      "measured_volume_uL": 180.90000000000117,
      "target_volume_uL": 180.0,
      "aspirate_speed": 13,
      "dispense_speed": 8,
      "aspirate_wait_time": 0.9,
      "dispense_wait_time": 1.5,
      "pre_asp_air_vol": 0.198,
      "retract_speed": 5.0,
      "blowout_vol": 0.0,
      "post_asp_air_vol": 0.0,
      "post_retract_wait_time": 0.0,
      "overaspirate_vol": 0.0026000000000000003
    },
    "trial_score": 0.5076388690319596,
    "trial_quality": "within_tolerance"
  },
  {
    "measurement_id": "measurement_1770665704026909_1",
    "parameters": {
      "calibration": {
        "overaspirate_vol": 0.0026000000000000003
      },
      "hardware": {
        "parameters": {
          "aspirate_speed": 13,
          "dispense_speed": 8,
          "aspirate_wait_time": 0.9,
          "pre_asp_air_vol": 0.198
        }
      }
    },
    "target_volume_ml": 0.18,
    "measured_volume_ml": 0.17779999999999951,
    "duration_s": 17.60829639993608,
    "timestamp": 1770665704.026909,
    "replicate_id": 1,
    "metadata": {
      "replicate": 1,
      "volume": 0.17779999999999951,
      "elapsed_s": 17.60829639993608,
      "start_time": "2026-02-09T14:34:46.415638",
      "end_time": "2026-02-09T14:35:04.026909",
      "target_volume_mL": 0.18,
      "measured_volume_uL": 177.7999999999995,
      "target_volume_uL": 180.0,
      "aspirate_speed": 13,
      "dispense_speed": 8,
      "aspirate_wait_time": 0.9,
      "dispense_wait_time": 1.5,
      "pre_asp_air_vol": 0.198,
      "retract_speed": 5.0,
      "blowout_vol": 0.0,
      "post_asp_air_vol": 0.0,
      "post_retract_wait_time": 0.0,
      "overaspirate_vol": 0.0026000000000000003
    },
    "trial_score": 0.5076388690319596,
    "trial_quality": "within_tolerance"
  },
  {
    "measurement_id": "measurement_1770665723219548_1",
    "parameters": {
      "calibration": {
        "overaspirate_vol": 0.002
      },
      "hardware": {
        "parameters": {
          "aspirate_speed": 12,
          "dispense_speed": 10,
          "aspirate_wait_time": 0.7000000000000001,
          "pre_asp_air_vol": 0.07100000000000001
        }
      }
    },
    "target_volume_ml": 0.18,
    "measured_volume_ml": 0.17989999999999995,
    "duration_s": 16.412325699813664,
    "timestamp": 1770665723.2195487,
    "replicate_id": 1,
    "metadata": {
      "replicate": 1,
      "volume": 0.17989999999999995,
      "elapsed_s": 16.412325699813664,
      "start_time": "2026-02-09T14:35:06.801175",
      "end_time": "2026-02-09T14:35:23.219548",
      "target_volume_mL": 0.18,
      "measured_volume_uL": 179.89999999999995,
      "target_volume_uL": 180.0,
      "aspirate_speed": 12,
      "dispense_speed": 10,
      "aspirate_wait_time": 0.7000000000000001,
      "dispense_wait_time": 1.5,
      "pre_asp_air_vol": 0.07100000000000001,
      "retract_speed": 5.0,
      "blowout_vol": 0.0,
      "post_asp_air_vol": 0.0,
      "post_retract_wait_time": 0.0,
      "overaspirate_vol": 0.002
    },
    "trial_score": 0.2857433001017038,
    "trial_quality": "within_tolerance"
  },
  {
    "measurement_id": "measurement_1770665739819285_1",
    "parameters": {
      "calibration": {
        "overaspirate_vol": 0.002
      },
      "hardware": {
        "parameters": {
          "aspirate_speed": 12,
          "dispense_speed": 10,
          "aspirate_wait_time": 0.7000000000000001,
          "pre_asp_air_vol": 0.07100000000000001
        }
      }
    },
    "target_volume_ml": 0.18,
    "measured_volume_ml": 0.17898333333333127,
    "duration_s": 16.59819359984249,
    "timestamp": 1770665739.8192852,
    "replicate_id": 1,
    "metadata": {
      "replicate": 1,
      "volume": 0.17898333333333127,
      "elapsed_s": 16.59819359984249,
      "start_time": "2026-02-09T14:35:23.219548",
      "end_time": "2026-02-09T14:35:39.819285",
      "target_volume_mL": 0.18,
      "measured_volume_uL": 178.98333333333127,
      "target_volume_uL": 180.0,
      "aspirate_speed": 12,
      "dispense_speed": 10,
      "aspirate_wait_time": 0.7000000000000001,
      "dispense_wait_time": 1.5,
      "pre_asp_air_vol": 0.07100000000000001,
      "retract_speed": 5.0,
      "blowout_vol": 0.0,
      "post_asp_air_vol": 0.0,
      "post_retract_wait_time": 0.0,
      "overaspirate_vol": 0.002
    },
    "trial_score": 0.2857433001017038,
    "trial_quality": "within_tolerance"
  },
  {
    "measurement_id": "measurement_1770665756020541_1",
    "parameters": {
      "calibration": {
        "overaspirate_vol": 0.002
      },
      "hardware": {
        "parameters": {
          "aspirate_speed": 12,
          "dispense_speed": 10,
          "aspirate_wait_time": 0.7000000000000001,
          "pre_asp_air_vol": 0.07100000000000001
        }
      }
    },
    "target_volume_ml": 0.18,
    "measured_volume_ml": 0.17779999999999951,
    "duration_s": 16.210141899995506,
    "timestamp": 1770665756.0205417,
    "replicate_id": 1,
    "metadata": {
      "replicate": 1,
      "volume": 0.17779999999999951,
      "elapsed_s": 16.210141899995506,
      "start_time": "2026-02-09T14:35:39.819285",
      "end_time": "2026-02-09T14:35:56.020541",
      "target_volume_mL": 0.18,
      "measured_volume_uL": 177.7999999999995,
      "target_volume_uL": 180.0,
      "aspirate_speed": 12,
      "dispense_speed": 10,
      "aspirate_wait_time": 0.7000000000000001,
      "dispense_wait_time": 1.5,
      "pre_asp_air_vol": 0.07100000000000001,
      "retract_speed": 5.0,
      "blowout_vol": 0.0,
      "post_asp_air_vol": 0.0,
      "post_retract_wait_time": 0.0,
      "overaspirate_vol": 0.002
    },
    "trial_score": 0.2857433001017038,
    "trial_quality": "within_tolerance"
  },
  {
    "measurement_id": "measurement_1770665772798383_1",
    "parameters": {
      "calibration": {
        "overaspirate_vol": 0.002
      },
      "hardware": {
        "parameters": {
          "aspirate_speed": 12,
          "dispense_speed": 10,
          "aspirate_wait_time": 0.7000000000000001,
          "pre_asp_air_vol": 0.07100000000000001
        }
      }
    },
    "target_volume_ml": 0.18,
    "measured_volume_ml": 0.1786000000000012,
    "duration_s": 16.767233200371265,
    "timestamp": 1770665772.798383,
    "replicate_id": 1,
    "metadata": {
      "replicate": 1,
      "volume": 0.1786000000000012,
      "elapsed_s": 16.767233200371265,
      "start_time": "2026-02-09T14:35:56.020541",
      "end_time": "2026-02-09T14:36:12.798383",
      "target_volume_mL": 0.18,
      "measured_volume_uL": 178.60000000000122,
      "target_volume_uL": 180.0,
      "aspirate_speed": 12,
      "dispense_speed": 10,
      "aspirate_wait_time": 0.7000000000000001,
      "dispense_wait_time": 1.5,
      "pre_asp_air_vol": 0.07100000000000001,
      "retract_speed": 5.0,
      "blowout_vol": 0.0,
      "post_asp_air_vol": 0.0,
      "post_retract_wait_time": 0.0,
      "overaspirate_vol": 0.002
    },
    "trial_score": 0.2857433001017038,
    "trial_quality": "within_tolerance"
  },
  {
    "measurement_id": "measurement_1770665789263895_1",
    "parameters": {
      "calibration": {
        "overaspirate_vol": 0.002
      },
      "hardware": {
        "parameters": {
          "aspirate_speed": 12,
          "dispense_speed": 10,
          "aspirate_wait_time": 0.7000000000000001,
          "pre_asp_air_vol": 0.07100000000000001
        }
      }
    },
    "target_volume_ml": 0.18,
    "measured_volume_ml": 0.1791999999999998,
    "duration_s": 16.47386910021305,
    "timestamp": 1770665789.2638955,
    "replicate_id": 1,
    "metadata": {
      "replicate": 1,
      "volume": 0.1791999999999998,
      "elapsed_s": 16.47386910021305,
      "start_time": "2026-02-09T14:36:12.801853",
      "end_time": "2026-02-09T14:36:29.263895",
      "target_volume_mL": 0.18,
      "measured_volume_uL": 179.19999999999982,
      "target_volume_uL": 180.0,
      "aspirate_speed": 12,
      "dispense_speed": 10,
      "aspirate_wait_time": 0.7000000000000001,
      "dispense_wait_time": 1.5,
      "pre_asp_air_vol": 0.07100000000000001,
      "retract_speed": 5.0,
      "blowout_vol": 0.0,
      "post_asp_air_vol": 0.0,
      "post_retract_wait_time": 0.0,
      "overaspirate_vol": 0.002
    },
    "trial_score": 0.2857433001017038,
    "trial_quality": "within_tolerance"
  },
  {
    "measurement_id": "measurement_1770665805814777_1",
    "parameters": {
      "calibration": {
        "overaspirate_vol": 0.0024000000000000002
      },
      "hardware": {
        "parameters": {
          "aspirate_speed": 14,
          "dispense_speed": 11,
          "aspirate_wait_time": 0.9,
          "pre_asp_air_vol": 0.117
        }
      }
    },
    "target_volume_ml": 0.1,
    "measured_volume_ml": 0.09950000000000081,
    "duration_s": 16.51798819936812,
    "timestamp": 1770665805.814777,
    "replicate_id": 1,
    "metadata": {
      "replicate": 1,
      "volume": 0.09950000000000081,
      "elapsed_s": 16.51798819936812,
      "start_time": "2026-02-09T14:36:29.297273",
      "end_time": "2026-02-09T14:36:45.814776",
      "target_volume_mL": 0.1,
      "measured_volume_uL": 99.50000000000081,
      "target_volume_uL": 100.0,
      "aspirate_speed": 14,
      "dispense_speed": 11,
      "aspirate_wait_time": 0.9,
      "dispense_wait_time": 1.5,
      "pre_asp_air_vol": 0.117,
      "retract_speed": 5.0,
      "blowout_vol": 0.0,
      "post_asp_air_vol": 0.0,
      "post_retract_wait_time": 0.0,
      "overaspirate_vol": 0.0024000000000000002
    },
    "trial_score": 0.6550599606643995,
    "trial_quality": "within_tolerance"
  },
  {
    "measurement_id": "measurement_1770665822412130_1",
    "parameters": {
      "calibration": {
        "overaspirate_vol": 0.004899999999999195
      },
      "hardware": {
        "parameters": {
          "aspirate_speed": 14,
          "dispense_speed": 11,
          "aspirate_wait_time": 0.9,
          "pre_asp_air_vol": 0.117
        }
      }
    },
    "target_volume_ml": 0.1,
    "measured_volume_ml": 0.10190000000000055,
    "duration_s": 16.59627200011164,
    "timestamp": 1770665822.4121308,
    "replicate_id": 1,
    "metadata": {
      "replicate": 1,
      "volume": 0.10190000000000055,
      "elapsed_s": 16.59627200011164,
      "start_time": "2026-02-09T14:36:45.814776",
      "end_time": "2026-02-09T14:37:02.412130",
      "target_volume_mL": 0.1,
      "measured_volume_uL": 101.90000000000055,
      "target_volume_uL": 100.0,
      "aspirate_speed": 14,
      "dispense_speed": 11,
      "aspirate_wait_time": 0.9,
      "dispense_wait_time": 1.5,
      "pre_asp_air_vol": 0.117,
      "retract_speed": 5.0,
      "blowout_vol": 0.0,
      "post_asp_air_vol": 0.0,
      "post_retract_wait_time": 0.0,
      "overaspirate_vol": 0.004899999999999195
    },
    "trial_score": 0.9353209066671468,
    "trial_quality": "within_tolerance"
  },
  {
    "measurement_id": "measurement_1770665838994712_1",
    "parameters": {
      "calibration": {
        "overaspirate_vol": 0.0029208333333323793
      },
      "hardware": {
        "parameters": {
          "aspirate_speed": 14,
          "dispense_speed": 11,
          "aspirate_wait_time": 0.9,
          "pre_asp_air_vol": 0.117
        }
      }
    },
    "target_volume_ml": 0.1,
    "measured_volume_ml": 0.10000000000000142,
    "duration_s": 16.58661749958992,
    "timestamp": 1770665838.994712,
    "replicate_id": 1,
    "metadata": {
      "replicate": 1,
      "volume": 0.10000000000000142,
      "elapsed_s": 16.58661749958992,
      "start_time": "2026-02-09T14:37:02.412130",
      "end_time": "2026-02-09T14:37:18.994712",
      "target_volume_mL": 0.1,
      "measured_volume_uL": 100.00000000000142,
      "target_volume_uL": 100.0,
      "aspirate_speed": 14,
      "dispense_speed": 11,
      "aspirate_wait_time": 0.9,
      "dispense_wait_time": 1.5,
      "pre_asp_air_vol": 0.117,
      "retract_speed": 5.0,
      "blowout_vol": 0.0,
      "post_asp_air_vol": 0.0,
      "post_retract_wait_time": 0.0,
      "overaspirate_vol": 0.0029208333333323793
    },
    "trial_score": 0.25921388977058146,
    "trial_quality": "within_tolerance"
  },
  {
    "measurement_id": "measurement_1770665855609944_1",
    "parameters": {
      "calibration": {
        "overaspirate_vol": 0.0029208333333323793
      },
      "hardware": {
        "parameters": {
          "aspirate_speed": 14,
          "dispense_speed": 11,
          "aspirate_wait_time": 0.9,
          "pre_asp_air_vol": 0.117
        }
      }
    },
    "target_volume_ml": 0.1,
    "measured_volume_ml": 0.10010000000000119,
    "duration_s": 16.603176100179553,
    "timestamp": 1770665855.609944,
    "replicate_id": 1,
    "metadata": {
      "replicate": 1,
      "volume": 0.10010000000000119,
      "elapsed_s": 16.603176100179553,
      "start_time": "2026-02-09T14:37:18.994712",
      "end_time": "2026-02-09T14:37:35.609431",
      "target_volume_mL": 0.1,
      "measured_volume_uL": 100.10000000000119,
      "target_volume_uL": 100.0,
      "aspirate_speed": 14,
      "dispense_speed": 11,
      "aspirate_wait_time": 0.9,
      "dispense_wait_time": 1.5,
      "pre_asp_air_vol": 0.117,
      "retract_speed": 5.0,
      "blowout_vol": 0.0,
      "post_asp_air_vol": 0.0,
      "post_retract_wait_time": 0.0,
      "overaspirate_vol": 0.0029208333333323793
    },
    "trial_score": 0.25921388977058146,
    "trial_quality": "within_tolerance"
  },
  {
    "measurement_id": "measurement_1770665872223882_1",
    "parameters": {
      "calibration": {
        "overaspirate_vol": 0.0029208333333323793
      },
      "hardware": {
        "parameters": {
          "aspirate_speed": 14,
          "dispense_speed": 11,
          "aspirate_wait_time": 0.9,
          "pre_asp_air_vol": 0.117
        }
      }
    },
    "target_volume_ml": 0.1,
    "measured_volume_ml": 0.09909999999999997,
    "duration_s": 16.614959499798715,
    "timestamp": 1770665872.2238822,
    "replicate_id": 1,
    "metadata": {
      "replicate": 1,
      "volume": 0.09909999999999997,
      "elapsed_s": 16.614959499798715,
      "start_time": "2026-02-09T14:37:35.610474",
      "end_time": "2026-02-09T14:37:52.223882",
      "target_volume_mL": 0.1,
      "measured_volume_uL": 99.09999999999997,
      "target_volume_uL": 100.0,
      "aspirate_speed": 14,
      "dispense_speed": 11,
      "aspirate_wait_time": 0.9,
      "dispense_wait_time": 1.5,
      "pre_asp_air_vol": 0.117,
      "retract_speed": 5.0,
      "blowout_vol": 0.0,
      "post_asp_air_vol": 0.0,
      "post_retract_wait_time": 0.0,
      "overaspirate_vol": 0.0029208333333323793
    },
    "trial_score": 0.25921388977058146,
    "trial_quality": "within_tolerance"
  },
  {
    "measurement_id": "measurement_1770665888796228_1",
    "parameters": {
      "calibration": {
        "overaspirate_vol": 0.0029208333333323793
      },
      "hardware": {
        "parameters": {
          "aspirate_speed": 14,
          "dispense_speed": 11,
          "aspirate_wait_time": 0.9,
          "pre_asp_air_vol": 0.117
        }
      }
    },
    "target_volume_ml": 0.1,
    "measured_volume_ml": 0.09940000000000104,
    "duration_s": 16.573704600334167,
    "timestamp": 1770665888.7962282,
    "replicate_id": 1,
    "metadata": {
      "replicate": 1,
      "volume": 0.09940000000000104,
      "elapsed_s": 16.573704600334167,
      "start_time": "2026-02-09T14:37:52.223882",
      "end_time": "2026-02-09T14:38:08.796228",
      "target_volume_mL": 0.1,
      "measured_volume_uL": 99.40000000000104,
      "target_volume_uL": 100.0,
      "aspirate_speed": 14,
      "dispense_speed": 11,
      "aspirate_wait_time": 0.9,
      "dispense_wait_time": 1.5,
      "pre_asp_air_vol": 0.117,
      "retract_speed": 5.0,
      "blowout_vol": 0.0,
      "post_asp_air_vol": 0.0,
      "post_retract_wait_time": 0.0,
      "overaspirate_vol": 0.0029208333333323793
    },
    "trial_score": 0.25921388977058146,
    "trial_quality": "within_tolerance"
  },
  {
    "measurement_id": "measurement_1770665905400269_1",
    "parameters": {
      "calibration": {
        "overaspirate_vol": 0.0029208333333323793
      },
      "hardware": {
        "parameters": {
          "aspirate_speed": 14,
          "dispense_speed": 11,
          "aspirate_wait_time": 0.9,
          "pre_asp_air_vol": 0.117
        }
      }
    },
    "target_volume_ml": 0.1,
    "measured_volume_ml": 0.09919999999999973,
    "duration_s": 16.60779340006411,
    "timestamp": 1770665905.400269,
    "replicate_id": 1,
    "metadata": {
      "replicate": 1,
      "volume": 0.09919999999999973,
      "elapsed_s": 16.60779340006411,
      "start_time": "2026-02-09T14:38:08.796228",
      "end_time": "2026-02-09T14:38:25.400269",
      "target_volume_mL": 0.1,
      "measured_volume_uL": 99.19999999999973,
      "target_volume_uL": 100.0,
      "aspirate_speed": 14,
      "dispense_speed": 11,
      "aspirate_wait_time": 0.9,
      "dispense_wait_time": 1.5,
      "pre_asp_air_vol": 0.117,
      "retract_speed": 5.0,
      "blowout_vol": 0.0,
      "post_asp_air_vol": 0.0,
      "post_retract_wait_time": 0.0,
      "overaspirate_vol": 0.0029208333333323793
    },
    "trial_score": 0.25921388977058146,
    "trial_quality": "within_tolerance"
  },
  {
    "measurement_id": "measurement_1770665921828237_1",
    "parameters": {
      "calibration": {
        "overaspirate_vol": 0.0024000000000000002
      },
      "hardware": {
        "parameters": {
          "aspirate_speed": 14,
          "dispense_speed": 11,
          "aspirate_wait_time": 0.9,
          "pre_asp_air_vol": 0.117
        }
      }
    },
    "target_volume_ml": 0.075,
    "measured_volume_ml": 0.07434000000000118,
    "duration_s": 16.41182109992951,
    "timestamp": 1770665921.828237,
    "replicate_id": 1,
    "metadata": {
      "replicate": 1,
      "volume": 0.07434000000000118,
      "elapsed_s": 16.41182109992951,
      "start_time": "2026-02-09T14:38:25.412744",
      "end_time": "2026-02-09T14:38:41.828237",
      "target_volume_mL": 0.075,
      "measured_volume_uL": 74.34000000000118,
      "target_volume_uL": 75.0,
      "aspirate_speed": 14,
      "dispense_speed": 11,
      "aspirate_wait_time": 0.9,
      "dispense_wait_time": 1.5,
      "pre_asp_air_vol": 0.117,
      "retract_speed": 5.0,
      "blowout_vol": 0.0,
      "post_asp_air_vol": 0.0,
      "post_retract_wait_time": 0.0,
      "overaspirate_vol": 0.0024000000000000002
    },
    "trial_score": 0.7307060703327822,
    "trial_quality": "within_tolerance"
  },
  {
    "measurement_id": "measurement_1770665938222581_1",
    "parameters": {
      "calibration": {
        "overaspirate_vol": 0.004559999999998815
      },
      "hardware": {
        "parameters": {
          "aspirate_speed": 14,
          "dispense_speed": 11,
          "aspirate_wait_time": 0.9,
          "pre_asp_air_vol": 0.117
        }
      }
    },
    "target_volume_ml": 0.075,
    "measured_volume_ml": 0.0760999999999985,
    "duration_s": 16.393000500276685,
    "timestamp": 1770665938.2225819,
    "replicate_id": 1,
    "metadata": {
      "replicate": 1,
      "volume": 0.0760999999999985,
      "elapsed_s": 16.393000500276685,
      "start_time": "2026-02-09T14:38:41.829742",
      "end_time": "2026-02-09T14:38:58.222581",
      "target_volume_mL": 0.075,
      "measured_volume_uL": 76.0999999999985,
      "target_volume_uL": 75.0,
      "aspirate_speed": 14,
      "dispense_speed": 11,
      "aspirate_wait_time": 0.9,
      "dispense_wait_time": 1.5,
      "pre_asp_air_vol": 0.117,
      "retract_speed": 5.0,
      "blowout_vol": 0.0,
      "post_asp_air_vol": 0.0,
      "post_retract_wait_time": 0.0,
      "overaspirate_vol": 0.004559999999998815
    },
    "trial_score": 0.8479766683338569,
    "trial_quality": "within_tolerance"
  },
  {
    "measurement_id": "measurement_1770665954613691_1",
    "parameters": {
      "calibration": {
        "overaspirate_vol": 0.003209999999999338
      },
      "hardware": {
        "parameters": {
          "aspirate_speed": 14,
          "dispense_speed": 11,
          "aspirate_wait_time": 0.9,
          "pre_asp_air_vol": 0.117
        }
      }
    },
    "target_volume_ml": 0.075,
    "measured_volume_ml": 0.07449999999999868,
    "duration_s": 16.395639499649405,
    "timestamp": 1770665954.6136918,
    "replicate_id": 1,
    "metadata": {
      "replicate": 1,
      "volume": 0.07449999999999868,
      "elapsed_s": 16.395639499649405,
      "start_time": "2026-02-09T14:38:58.222581",
      "end_time": "2026-02-09T14:39:14.613691",
      "target_volume_mL": 0.075,
      "measured_volume_uL": 74.49999999999868,
      "target_volume_uL": 75.0,
      "aspirate_speed": 14,
      "dispense_speed": 11,
      "aspirate_wait_time": 0.9,
      "dispense_wait_time": 1.5,
      "pre_asp_air_vol": 0.117,
      "retract_speed": 5.0,
      "blowout_vol": 0.0,
      "post_asp_air_vol": 0.0,
      "post_retract_wait_time": 0.0,
      "overaspirate_vol": 0.003209999999999338
    },
    "trial_score": 0.4532905592502124,
    "trial_quality": "within_tolerance"
  },
  {
    "measurement_id": "measurement_1770665971008896_1",
    "parameters": {
      "calibration": {
        "overaspirate_vol": 0.003209999999999338
      },
      "hardware": {
        "parameters": {
          "aspirate_speed": 14,
          "dispense_speed": 11,
          "aspirate_wait_time": 0.9,
          "pre_asp_air_vol": 0.117
        }
      }
    },
    "target_volume_ml": 0.075,
    "measured_volume_ml": 0.07439999999999891,
    "duration_s": 16.38688960019499,
    "timestamp": 1770665971.0088964,
    "replicate_id": 1,
    "metadata": {
      "replicate": 1,
      "volume": 0.07439999999999891,
      "elapsed_s": 16.38688960019499,
      "start_time": "2026-02-09T14:39:14.613691",
      "end_time": "2026-02-09T14:39:31.008896",
      "target_volume_mL": 0.075,
      "measured_volume_uL": 74.39999999999891,
      "target_volume_uL": 75.0,
      "aspirate_speed": 14,
      "dispense_speed": 11,
      "aspirate_wait_time": 0.9,
      "dispense_wait_time": 1.5,
      "pre_asp_air_vol": 0.117,
      "retract_speed": 5.0,
      "blowout_vol": 0.0,
      "post_asp_air_vol": 0.0,
      "post_retract_wait_time": 0.0,
      "overaspirate_vol": 0.003209999999999338
    },
    "trial_score": 0.4532905592502124,
    "trial_quality": "within_tolerance"
  },
  {
    "measurement_id": "measurement_1770665987414420_1",
    "parameters": {
      "calibration": {
        "overaspirate_vol": 0.003209999999999338
      },
      "hardware": {
        "parameters": {
          "aspirate_speed": 14,
          "dispense_speed": 11,
          "aspirate_wait_time": 0.9,
          "pre_asp_air_vol": 0.117
        }
      }
    },
    "target_volume_ml": 0.075,
    "measured_volume_ml": 0.07500000000000107,
    "duration_s": 16.402671299874783,
    "timestamp": 1770665987.4144204,
    "replicate_id": 1,
    "metadata": {
      "replicate": 1,
      "volume": 0.07500000000000107,
      "elapsed_s": 16.402671299874783,
      "start_time": "2026-02-09T14:39:31.008896",
      "end_time": "2026-02-09T14:39:47.414420",
      "target_volume_mL": 0.075,
      "measured_volume_uL": 75.00000000000107,
      "target_volume_uL": 75.0,
      "aspirate_speed": 14,
      "dispense_speed": 11,
      "aspirate_wait_time": 0.9,
      "dispense_wait_time": 1.5,
      "pre_asp_air_vol": 0.117,
      "retract_speed": 5.0,
      "blowout_vol": 0.0,
      "post_asp_air_vol": 0.0,
      "post_retract_wait_time": 0.0,
      "overaspirate_vol": 0.003209999999999338
    },
    "trial_score": 0.4532905592502124,
    "trial_quality": "within_tolerance"
  },
  {
    "measurement_id": "measurement_1770666003626840_1",
    "parameters": {
      "calibration": {
        "overaspirate_vol": 0.003209999999999338
      },
      "hardware": {
        "parameters": {
          "aspirate_speed": 14,
          "dispense_speed": 11,
          "aspirate_wait_time": 0.9,
          "pre_asp_air_vol": 0.117
        }
      }
    },
    "target_volume_ml": 0.075,
    "measured_volume_ml": 0.07339999999999947,
    "duration_s": 16.211825200356543,
    "timestamp": 1770666003.6268406,
    "replicate_id": 1,
    "metadata": {
      "replicate": 1,
      "volume": 0.07339999999999947,
      "elapsed_s": 16.211825200356543,
      "start_time": "2026-02-09T14:39:47.414420",
      "end_time": "2026-02-09T14:40:03.626840",
      "target_volume_mL": 0.075,
      "measured_volume_uL": 73.39999999999947,
      "target_volume_uL": 75.0,
      "aspirate_speed": 14,
      "dispense_speed": 11,
      "aspirate_wait_time": 0.9,
      "dispense_wait_time": 1.5,
      "pre_asp_air_vol": 0.117,
      "retract_speed": 5.0,
      "blowout_vol": 0.0,
      "post_asp_air_vol": 0.0,
      "post_retract_wait_time": 0.0,
      "overaspirate_vol": 0.003209999999999338
    },
    "trial_score": 0.4532905592502124,
    "trial_quality": "within_tolerance"
  },
  {
    "measurement_id": "measurement_1770666020023188_1",
    "parameters": {
      "calibration": {
        "overaspirate_vol": 0.003209999999999338
      },
      "hardware": {
        "parameters": {
          "aspirate_speed": 14,
          "dispense_speed": 11,
          "aspirate_wait_time": 0.9,
          "pre_asp_air_vol": 0.117
        }
      }
    },
    "target_volume_ml": 0.075,
    "measured_volume_ml": 0.07400000000000162,
    "duration_s": 16.392126600258052,
    "timestamp": 1770666020.0231886,
    "replicate_id": 1,
    "metadata": {
      "replicate": 1,
      "volume": 0.07400000000000162,
      "elapsed_s": 16.392126600258052,
      "start_time": "2026-02-09T14:40:03.626840",
      "end_time": "2026-02-09T14:40:20.023188",
      "target_volume_mL": 0.075,
      "measured_volume_uL": 74.00000000000162,
      "target_volume_uL": 75.0,
      "aspirate_speed": 14,
      "dispense_speed": 11,
      "aspirate_wait_time": 0.9,
      "dispense_wait_time": 1.5,
      "pre_asp_air_vol": 0.117,
      "retract_speed": 5.0,
      "blowout_vol": 0.0,
      "post_asp_air_vol": 0.0,
      "post_retract_wait_time": 0.0,
      "overaspirate_vol": 0.003209999999999338
    },
    "trial_score": 0.4532905592502124,
    "trial_quality": "within_tolerance"
  }
]