{
  "experiment_name": "multi_volume_calibration_test",
  "simulation_mode": false,
  "total_measurements": 96,
  "total_duration_s": 2160.5666239261627,
  "overall_statistics": {
    "num_trials": 27,
    "mean_score": 0.8654881236304551,
    "median_score": 0.6302688558452068,
    "min_score": 0.27935891138170255,
    "max_score": 2.151028700149457,
    "stdev_score": 0.5142925021450583,
    "within_tolerance_count": 10,
    "partial_tolerance_count": 13,
    "outside_tolerance_count": 4,
    "success_rate": 0.37037037037037035
  },
  "volume_count": 4
}