{
  "experiment_name": "multi_volume_calibration_test",
  "simulation_mode": false,
  "total_measurements": 195,
  "total_duration_s": 4904.020740032196,
  "overall_statistics": {
    "num_trials": 65,
    "mean_score": 1.3460706201407244,
    "median_score": 1.076138329797515,
    "min_score": 0.2012850536346543,
    "max_score": 2.3733359876666995,
    "stdev_score": 0.6767798396376267,
    "within_tolerance_count": 10,
    "partial_tolerance_count": 19,
    "outside_tolerance_count": 36,
    "success_rate": 0.15384615384615385
  },
  "volume_count": 5
}