{
  "experiment_name": "multi_volume_calibration_test",
  "total_measurements": 104,
  "total_duration_s": 3117.246307373047,
  "overall_statistics": {
    "num_trials": 67,
    "mean_score": 1.9251599204581455,
    "median_score": 2.1220523863051297,
    "min_score": 0.6499956836683213,
    "max_score": 2.3776174429998114,
    "stdev_score": 0.5110914421291765,
    "within_tolerance_count": 1,
    "partial_tolerance_count": 9,
    "outside_tolerance_count": 57,
    "success_rate": 0.014925373134328358
  },
  "volume_count": 3
}