measurement_id,trial_id,strategy,liquid,volume_target_ml,volume_target_ul,volume_measured_ml,volume_measured_ul,duration_s,timestamp,replicate_id,deviation_individual_pct,calibration_overaspirate_vol,hardware_parameters_asp_disp_cycles,hardware_parameters_post_asp_air_vol,hardware_parameters_post_retract_wait_time,hardware_parameters_retract_speed,hardware_parameters_dispense_wait_time,hardware_parameters_aspirate_speed,hardware_parameters_dispense_speed,hardware_parameters_aspirate_wait_time,hardware_parameters_pre_asp_air_vol,hardware_parameters_blowout_vol,metadata_replicate,metadata_start_time,metadata_end_time
measurement_1791479163862904_1,trial_1,screening,ethanol,0.02,20.0,0.019631265251684647,19.631265251684646,0.4692339999601245,1791479163.8629045,1,1.843673741576766,0.0036000000000000003,0,0.0,5.0,5,3.0,10,10,10.0,0.0,0.0,1,2026-10-08T13:06:03.366036,2026-10-08T13:06:03.840113
measurement_1791479164594628_1,trial_2,screening,ethanol,0.02,20.0,0.029531357154911776,29.531357154911774,0.46952720009721816,1791479164.5946286,1,47.65678577455888,0.0137,0,0.0,5.0,5,3.0,10,10,10.0,0.0,0.0,1,2026-10-08T13:06:04.096257,2026-10-08T13:06:04.567508
measurement_1791479165330721_1,trial_3,screening,ethanol,0.02,20.0,0.035624029526840906,35.62402952684091,0.4304386000148952,1791479165.3307211,1,78.12014763420453,0.02,0,0.0,5.0,5,3.0,10,10,10.0,0.0,0.0,1,2026-10-08T13:06:04.874392,2026-10-08T13:06:05.305728
measurement_1791479166184569_1,trial_4,screening,ethanol,0.02,20.0,0.02302290860311421,23.02290860311421,0.4967152001336217,1791479166.1852043,1,15.114543015571044,0.006900000000000001,0,0.0,5.0,5,3.0,10,10,10.0,0.0,0.0,1,2026-10-08T13:06:05.661905,2026-10-08T13:06:06.161498
measurement_1791479167035669_1,trial_5,screening,ethanol,0.02,20.0,0.026568006956439787,26.56800695643979,0.458117000060156,1791479167.035669,1,32.84003478219893,0.0108,0,0.0,5.0,5,3.0,10,10,10.0,0.0,0.0,1,2026-10-08T13:06:06.547179,2026-10-08T13:06:07.006900
measurement_1791479167920272_1,trial_6,screening,ethanol,0.02,20.0,0.03510582157998369,35.10582157998369,0.4527982999570668,1791479167.9202724,1,75.52910789991843,0.0193,0,0.0,5.0,5,3.0,10,10,10.0,0.0,0.0,1,2026-10-08T13:06:07.446014,2026-10-08T13:06:07.902636
measurement_1791479168425142_1,trial_7,calibration,ethanol,0.02,20.0,0.026717758610106584,26.717758610106586,0.45680949999950826,1791479168.425142,1,33.588793050532914,0.0108,0,0.0,5.0,5,3.0,10,10,10.0,0.0,0.0,1,2026-10-08T13:06:07.936834,2026-10-08T13:06:08.394968
measurement_1791479168913490_1,trial_8,calibration,ethanol,0.02,20.0,0.019295503912913157,19.29550391291316,0.45318139996379614,1791479168.9134905,1,3.522480435434218,0.0031822413898934167,0,0.0,5.0,5,3.0,10,10,10.0,0.0,0.0,1,2026-10-08T13:06:08.428023,2026-10-08T13:06:08.887610
measurement_1791479219613845_1,trial_9,optimization,ethanol,0.02,20.0,0.02159104896832298,21.59104896832298,0.45029369997791946,1791479219.6138453,1,7.955244841614892,0.005200000000000001,0,0.0,5.0,5,3.0,10,10,10.0,0.0,0.0,1,2026-10-08T13:06:59.133942,2026-10-08T13:06:59.578826
measurement_1791479259915999_1,trial_10,optimization,ethanol,0.02,20.0,0.0157692264080501,15.769226408050102,0.4797421998810023,1791479259.9159994,1,21.153867959749494,-0.0002,0,0.0,5.0,5,3.0,10,10,10.0,0.0,0.0,1,2026-10-08T13:07:39.407453,2026-10-08T13:07:39.878444
