trial_id,strategy,liquid,volume_target_ml,volume_target_ul,volume_measured_ml,volume_measured_ul,deviation_pct,precision_cv_pct,duration_mean_s,composite_score,quality_overall,measurement_count,meets_accuracy_threshold,meets_precision_threshold,calibration_overaspirate_vol,hardware_parameters_asp_disp_cycles,hardware_parameters_post_asp_air_vol,hardware_parameters_post_retract_wait_time,hardware_parameters_retract_speed,hardware_parameters_dispense_wait_time,hardware_parameters_aspirate_speed,hardware_parameters_dispense_speed,hardware_parameters_aspirate_wait_time,hardware_parameters_pre_asp_air_vol,hardware_parameters_blowout_vol,tolerance_accuracy_pct,tolerance_precision_pct
trial_1,screening,ethanol,0.02,20.0,0.019631265251684647,19.631265251684646,1.843673741576766,0.0,0.4692339999601245,0.5,within_tolerance,1,True,True,0.0036000000000000003,0,0.0,5.0,5,3.0,10,10,10.0,0.0,0.0,0,4.5
trial_2,screening,ethanol,0.02,20.0,0.029531357154911776,29.531357154911774,47.65678577455888,100.0,0.46952720009721816,0.5,outside_tolerance,1,False,False,0.0137,0,0.0,5.0,5,3.0,10,10,10.0,0.0,0.0,0,4.5
trial_3,screening,ethanol,0.02,20.0,0.035624029526840906,35.62402952684091,78.12014763420453,100.0,0.4304386000148952,0.5,outside_tolerance,1,False,False,0.02,0,0.0,5.0,5,3.0,10,10,10.0,0.0,0.0,0,4.5
trial_4,screening,ethanol,0.02,20.0,0.02302290860311421,23.02290860311421,15.114543015571044,0.0,0.4967152001336217,0.5,partial_tolerance,1,False,True,0.006900000000000001,0,0.0,5.0,5,3.0,10,10,10.0,0.0,0.0,0,4.5
trial_5,screening,ethanol,0.02,20.0,0.026568006956439787,26.56800695643979,32.84003478219893,100.0,0.458117000060156,0.5,outside_tolerance,1,False,False,0.0108,0,0.0,5.0,5,3.0,10,10,10.0,0.0,0.0,0,4.5
trial_6,screening,ethanol,0.02,20.0,0.03510582157998369,35.10582157998369,75.52910789991843,100.0,0.4527982999570668,0.5,outside_tolerance,1,False,False,0.0193,0,0.0,5.0,5,3.0,10,10,10.0,0.0,0.0,0,4.5
trial_7,calibration,ethanol,0.02,20.0,0.026717758610106584,26.717758610106586,33.588793050532914,100.0,0.45680949999950826,0.5,outside_tolerance,1,False,False,0.0108,0,0.0,5.0,5,3.0,10,10,10.0,0.0,0.0,0,4.5
trial_8,calibration,ethanol,0.02,20.0,0.019295503912913157,19.29550391291316,3.522480435434218,0.0,0.45318139996379614,0.5,within_tolerance,1,True,True,0.0031822413898934167,0,0.0,5.0,5,3.0,10,10,10.0,0.0,0.0,0,4.5
trial_9,optimization,ethanol,0.02,20.0,0.02159104896832298,21.59104896832298,7.955244841614892,0.0,0.45029369997791946,0.5,partial_tolerance,1,False,True,0.005200000000000001,0,0.0,5.0,5,3.0,10,10,10.0,0.0,0.0,0,4.5
trial_10,optimization,ethanol,0.02,20.0,0.0157692264080501,15.769226408050102,21.153867959749494,0.0,0.4797421998810023,0.5,partial_tolerance,1,False,True,-0.0002,0,0.0,5.0,5,3.0,10,10,10.0,0.0,0.0,0,4.5
