{
  "experiment_name": "multi_volume_calibration_test",
  "simulation_mode": false,
  "total_measurements": 151,
  "total_duration_s": 3676.328532218933,
  "overall_statistics": {
    "num_trials": 62,
    "mean_score": 1.4981585562738078,
    "median_score": 1.8550199020000422,
    "min_score": 0.27470687461418636,
    "max_score": 2.3746775069999666,
    "stdev_score": 0.7121048081427378,
    "within_tolerance_count": 10,
    "partial_tolerance_count": 14,
    "outside_tolerance_count": 38,
    "success_rate": 0.16129032258064516
  },
  "volume_count": 5
}