{
  "experiment_name": "multi_volume_calibration_test",
  "simulation_mode": false,
  "total_measurements": 61,
  "total_duration_s": 1341.686927318573,
  "overall_statistics": {
    "num_trials": 17,
    "mean_score": 0.5840615473712003,
    "median_score": 0.5911991508777126,
    "min_score": 0.0996681128841343,
    "max_score": 1.0625434376282636,
    "stdev_score": 0.33100865662094764,
    "within_tolerance_count": 11,
    "partial_tolerance_count": 5,
    "outside_tolerance_count": 1,
    "success_rate": 0.6470588235294118
  },
  "volume_count": 3
}