[
  {
    "measurement_id": "measurement_1771725876084585_1",
    "parameters": {
      "calibration": {
        "overaspirate_vol": 0.006
      },
      "hardware": {
        "parameters": {
          "aspirate_speed": 12,
          "dispense_speed": 18,
          "aspirate_wait_time": 4.2,
          "pre_asp_air_vol": 0.114
        }
      }
    },
    "target_volume_ml": 0.18,
    "measured_volume_ml": 0.17940000000000111,
    "duration_s": 29.4040115000098,
    "timestamp": 1771725876.084585,
    "replicate_id": 1,
    "metadata": {
      "replicate": 1,
      "volume": 0.17940000000000111,
      "elapsed_s": 29.4040115000098,
      "start_time": "2026-02-21T21:04:06.681127",
      "end_time": "2026-02-21T21:04:36.084585",
      "target_volume_mL": 0.18,
      "measured_volume_uL": 179.4000000000011,
      "target_volume_uL": 180.0,
      "aspirate_speed": 12,
      "dispense_speed": 18,
      "aspirate_wait_time": 4.2,
      "dispense_wait_time": 1.5,
      "pre_asp_air_vol": 0.114,
      "retract_speed": 5.0,
      "blowout_vol": 0.0,
      "post_asp_air_vol": 0.0,
      "post_retract_wait_time": 0.0,
      "overaspirate_vol": 0.006
    },
    "trial_score": 0.3489027998479489,
    "trial_quality": "within_tolerance"
  },
  {
    "measurement_id": "measurement_1771725903580129_1",
    "parameters": {
      "calibration": {
        "overaspirate_vol": 0.006
      },
      "hardware": {
        "parameters": {
          "aspirate_speed": 12,
          "dispense_speed": 18,
          "aspirate_wait_time": 4.2,
          "pre_asp_air_vol": 0.114
        }
      }
    },
    "target_volume_ml": 0.18,
    "measured_volume_ml": 0.1805000000000021,
    "duration_s": 27.49655189999612,
    "timestamp": 1771725903.580129,
    "replicate_id": 1,
    "metadata": {
      "replicate": 1,
      "volume": 0.1805000000000021,
      "elapsed_s": 27.49655189999612,
      "start_time": "2026-02-21T21:04:36.084585",
      "end_time": "2026-02-21T21:05:03.580129",
      "target_volume_mL": 0.18,
      "measured_volume_uL": 180.5000000000021,
      "target_volume_uL": 180.0,
      "aspirate_speed": 12,
      "dispense_speed": 18,
      "aspirate_wait_time": 4.2,
      "dispense_wait_time": 1.5,
      "pre_asp_air_vol": 0.114,
      "retract_speed": 5.0,
      "blowout_vol": 0.0,
      "post_asp_air_vol": 0.0,
      "post_retract_wait_time": 0.0,
      "overaspirate_vol": 0.006
    },
    "trial_score": 0.3489027998479489,
    "trial_quality": "within_tolerance"
  },
  {
    "measurement_id": "measurement_1771725931141826_1",
    "parameters": {
      "calibration": {
        "overaspirate_vol": 0.006
      },
      "hardware": {
        "parameters": {
          "aspirate_speed": 12,
          "dispense_speed": 18,
          "aspirate_wait_time": 4.2,
          "pre_asp_air_vol": 0.114
        }
      }
    },
    "target_volume_ml": 0.18,
    "measured_volume_ml": 0.17990000000000173,
    "duration_s": 27.557422400044743,
    "timestamp": 1771725931.1418269,
    "replicate_id": 1,
    "metadata": {
      "replicate": 1,
      "volume": 0.17990000000000173,
      "elapsed_s": 27.557422400044743,
      "start_time": "2026-02-21T21:05:03.580129",
      "end_time": "2026-02-21T21:05:31.141826",
      "target_volume_mL": 0.18,
      "measured_volume_uL": 179.90000000000174,
      "target_volume_uL": 180.0,
      "aspirate_speed": 12,
      "dispense_speed": 18,
      "aspirate_wait_time": 4.2,
      "dispense_wait_time": 1.5,
      "pre_asp_air_vol": 0.114,
      "retract_speed": 5.0,
      "blowout_vol": 0.0,
      "post_asp_air_vol": 0.0,
      "post_retract_wait_time": 0.0,
      "overaspirate_vol": 0.006
    },
    "trial_score": 0.3489027998479489,
    "trial_quality": "within_tolerance"
  },
  {
    "measurement_id": "measurement_1771725959078761_1",
    "parameters": {
      "calibration": {
        "overaspirate_vol": 0.006
      },
      "hardware": {
        "parameters": {
          "aspirate_speed": 12,
          "dispense_speed": 18,
          "aspirate_wait_time": 4.2,
          "pre_asp_air_vol": 0.114
        }
      }
    },
    "target_volume_ml": 0.18,
    "measured_volume_ml": 0.18189999999999884,
    "duration_s": 27.939402899995912,
    "timestamp": 1771725959.0787616,
    "replicate_id": 1,
    "metadata": {
      "replicate": 1,
      "volume": 0.18189999999999884,
      "elapsed_s": 27.939402899995912,
      "start_time": "2026-02-21T21:05:31.141826",
      "end_time": "2026-02-21T21:05:59.078761",
      "target_volume_mL": 0.18,
      "measured_volume_uL": 181.89999999999884,
      "target_volume_uL": 180.0,
      "aspirate_speed": 12,
      "dispense_speed": 18,
      "aspirate_wait_time": 4.2,
      "dispense_wait_time": 1.5,
      "pre_asp_air_vol": 0.114,
      "retract_speed": 5.0,
      "blowout_vol": 0.0,
      "post_asp_air_vol": 0.0,
      "post_retract_wait_time": 0.0,
      "overaspirate_vol": 0.006
    },
    "trial_score": 0.3489027998479489,
    "trial_quality": "within_tolerance"
  },
  {
    "measurement_id": "measurement_1771725986938445_1",
    "parameters": {
      "calibration": {
        "overaspirate_vol": 0.006
      },
      "hardware": {
        "parameters": {
          "aspirate_speed": 12,
          "dispense_speed": 18,
          "aspirate_wait_time": 4.2,
          "pre_asp_air_vol": 0.114
        }
      }
    },
    "target_volume_ml": 0.18,
    "measured_volume_ml": 0.1821833333333327,
    "duration_s": 27.85833759995876,
    "timestamp": 1771725986.9384453,
    "replicate_id": 1,
    "metadata": {
      "replicate": 1,
      "volume": 0.1821833333333327,
      "elapsed_s": 27.85833759995876,
      "start_time": "2026-02-21T21:05:59.078761",
      "end_time": "2026-02-21T21:06:26.938445",
      "target_volume_mL": 0.18,
      "measured_volume_uL": 182.1833333333327,
      "target_volume_uL": 180.0,
      "aspirate_speed": 12,
      "dispense_speed": 18,
      "aspirate_wait_time": 4.2,
      "dispense_wait_time": 1.5,
      "pre_asp_air_vol": 0.114,
      "retract_speed": 5.0,
      "blowout_vol": 0.0,
      "post_asp_air_vol": 0.0,
      "post_retract_wait_time": 0.0,
      "overaspirate_vol": 0.006
    },
    "trial_score": 0.3489027998479489,
    "trial_quality": "within_tolerance"
  },
  {
    "measurement_id": "measurement_1771726009321043_1",
    "parameters": {
      "calibration": {
        "overaspirate_vol": 0.0025
      },
      "hardware": {
        "parameters": {
          "aspirate_speed": 18,
          "dispense_speed": 10,
          "aspirate_wait_time": 1.6,
          "pre_asp_air_vol": 0.211
        }
      }
    },
    "target_volume_ml": 0.18,
    "measured_volume_ml": 0.17630000000000123,
    "duration_s": 22.357067200005986,
    "timestamp": 1771726009.3210437,
    "replicate_id": 1,
    "metadata": {
      "replicate": 1,
      "volume": 0.17630000000000123,
      "elapsed_s": 22.357067200005986,
      "start_time": "2026-02-21T21:06:26.963682",
      "end_time": "2026-02-21T21:06:49.321043",
      "target_volume_mL": 0.18,
      "measured_volume_uL": 176.30000000000123,
      "target_volume_uL": 180.0,
      "aspirate_speed": 18,
      "dispense_speed": 10,
      "aspirate_wait_time": 1.6,
      "dispense_wait_time": 1.5,
      "pre_asp_air_vol": 0.211,
      "retract_speed": 5.0,
      "blowout_vol": 0.0,
      "post_asp_air_vol": 0.0,
      "post_retract_wait_time": 0.0,
      "overaspirate_vol": 0.0025
    },
    "trial_score": 0.5175102488487092,
    "trial_quality": "partial_tolerance"
  },
  {
    "measurement_id": "measurement_1771726031737598_1",
    "parameters": {
      "calibration": {
        "overaspirate_vol": 0.0025
      },
      "hardware": {
        "parameters": {
          "aspirate_speed": 18,
          "dispense_speed": 10,
          "aspirate_wait_time": 1.6,
          "pre_asp_air_vol": 0.211
        }
      }
    },
    "target_volume_ml": 0.18,
    "measured_volume_ml": 0.17600000000000016,
    "duration_s": 22.415371600014623,
    "timestamp": 1771726031.7375987,
    "replicate_id": 1,
    "metadata": {
      "replicate": 1,
      "volume": 0.17600000000000016,
      "elapsed_s": 22.415371600014623,
      "start_time": "2026-02-21T21:06:49.323150",
      "end_time": "2026-02-21T21:07:11.737598",
      "target_volume_mL": 0.18,
      "measured_volume_uL": 176.00000000000017,
      "target_volume_uL": 180.0,
      "aspirate_speed": 18,
      "dispense_speed": 10,
      "aspirate_wait_time": 1.6,
      "dispense_wait_time": 1.5,
      "pre_asp_air_vol": 0.211,
      "retract_speed": 5.0,
      "blowout_vol": 0.0,
      "post_asp_air_vol": 0.0,
      "post_retract_wait_time": 0.0,
      "overaspirate_vol": 0.0025
    },
    "trial_score": 0.5175102488487092,
    "trial_quality": "partial_tolerance"
  },
  {
    "measurement_id": "measurement_1771726053913344_1",
    "parameters": {
      "calibration": {
        "overaspirate_vol": 0.0025
      },
      "hardware": {
        "parameters": {
          "aspirate_speed": 18,
          "dispense_speed": 10,
          "aspirate_wait_time": 1.6,
          "pre_asp_air_vol": 0.211
        }
      }
    },
    "target_volume_ml": 0.18,
    "measured_volume_ml": 0.1766000000000023,
    "duration_s": 22.188382300024386,
    "timestamp": 1771726053.9133446,
    "replicate_id": 1,
    "metadata": {
      "replicate": 1,
      "volume": 0.1766000000000023,
      "elapsed_s": 22.188382300024386,
      "start_time": "2026-02-21T21:07:11.737598",
      "end_time": "2026-02-21T21:07:33.913344",
      "target_volume_mL": 0.18,
      "measured_volume_uL": 176.6000000000023,
      "target_volume_uL": 180.0,
      "aspirate_speed": 18,
      "dispense_speed": 10,
      "aspirate_wait_time": 1.6,
      "dispense_wait_time": 1.5,
      "pre_asp_air_vol": 0.211,
      "retract_speed": 5.0,
      "blowout_vol": 0.0,
      "post_asp_air_vol": 0.0,
      "post_retract_wait_time": 0.0,
      "overaspirate_vol": 0.0025
    },
    "trial_score": 0.5175102488487092,
    "trial_quality": "partial_tolerance"
  },
  {
    "measurement_id": "measurement_1771726076315435_1",
    "parameters": {
      "calibration": {
        "overaspirate_vol": 0.0025
      },
      "hardware": {
        "parameters": {
          "aspirate_speed": 18,
          "dispense_speed": 10,
          "aspirate_wait_time": 1.6,
          "pre_asp_air_vol": 0.211
        }
      }
    },
    "target_volume_ml": 0.18,
    "measured_volume_ml": 0.17600000000000016,
    "duration_s": 22.387760199955665,
    "timestamp": 1771726076.3154352,
    "replicate_id": 1,
    "metadata": {
      "replicate": 1,
      "volume": 0.17600000000000016,
      "elapsed_s": 22.387760199955665,
      "start_time": "2026-02-21T21:07:33.929133",
      "end_time": "2026-02-21T21:07:56.315435",
      "target_volume_mL": 0.18,
      "measured_volume_uL": 176.00000000000017,
      "target_volume_uL": 180.0,
      "aspirate_speed": 18,
      "dispense_speed": 10,
      "aspirate_wait_time": 1.6,
      "dispense_wait_time": 1.5,
      "pre_asp_air_vol": 0.211,
      "retract_speed": 5.0,
      "blowout_vol": 0.0,
      "post_asp_air_vol": 0.0,
      "post_retract_wait_time": 0.0,
      "overaspirate_vol": 0.0025
    },
    "trial_score": 0.5175102488487092,
    "trial_quality": "partial_tolerance"
  },
  {
    "measurement_id": "measurement_1771726098728714_1",
    "parameters": {
      "calibration": {
        "overaspirate_vol": 0.0025
      },
      "hardware": {
        "parameters": {
          "aspirate_speed": 18,
          "dispense_speed": 10,
          "aspirate_wait_time": 1.6,
          "pre_asp_air_vol": 0.211
        }
      }
    },
    "target_volume_ml": 0.18,
    "measured_volume_ml": 0.17660000000000053,
    "duration_s": 22.410662900016177,
    "timestamp": 1771726098.7287142,
    "replicate_id": 1,
    "metadata": {
      "replicate": 1,
      "volume": 0.17660000000000053,
      "elapsed_s": 22.410662900016177,
      "start_time": "2026-02-21T21:07:56.315435",
      "end_time": "2026-02-21T21:08:18.728714",
      "target_volume_mL": 0.18,
      "measured_volume_uL": 176.60000000000053,
      "target_volume_uL": 180.0,
      "aspirate_speed": 18,
      "dispense_speed": 10,
      "aspirate_wait_time": 1.6,
      "dispense_wait_time": 1.5,
      "pre_asp_air_vol": 0.211,
      "retract_speed": 5.0,
      "blowout_vol": 0.0,
      "post_asp_air_vol": 0.0,
      "post_retract_wait_time": 0.0,
      "overaspirate_vol": 0.0025
    },
    "trial_score": 0.5175102488487092,
    "trial_quality": "partial_tolerance"
  },
  {
    "measurement_id": "measurement_1771726120317147_1",
    "parameters": {
      "calibration": {
        "overaspirate_vol": 0.00030000000000000003
      },
      "hardware": {
        "parameters": {
          "aspirate_speed": 13,
          "dispense_speed": 15,
          "aspirate_wait_time": 2.6,
          "pre_asp_air_vol": 0.26
        }
      }
    },
    "target_volume_ml": 0.18,
    "measured_volume_ml": 0.1726999999999972,
    "duration_s": 21.57487770001171,
    "timestamp": 1771726120.3171473,
    "replicate_id": 1,
    "metadata": {
      "replicate": 1,
      "volume": 0.1726999999999972,
      "elapsed_s": 21.57487770001171,
      "start_time": "2026-02-21T21:08:18.743231",
      "end_time": "2026-02-21T21:08:40.317147",
      "target_volume_mL": 0.18,
      "measured_volume_uL": 172.6999999999972,
      "target_volume_uL": 180.0,
      "aspirate_speed": 13,
      "dispense_speed": 15,
      "aspirate_wait_time": 2.6,
      "dispense_wait_time": 1.5,
      "pre_asp_air_vol": 0.26,
      "retract_speed": 5.0,
      "blowout_vol": 0.0,
      "post_asp_air_vol": 0.0,
      "post_retract_wait_time": 0.0,
      "overaspirate_vol": 0.00030000000000000003
    },
    "trial_score": 0.6582127989721159,
    "trial_quality": "partial_tolerance"
  },
  {
    "measurement_id": "measurement_1771726141922181_1",
    "parameters": {
      "calibration": {
        "overaspirate_vol": 0.00030000000000000003
      },
      "hardware": {
        "parameters": {
          "aspirate_speed": 13,
          "dispense_speed": 15,
          "aspirate_wait_time": 2.6,
          "pre_asp_air_vol": 0.26
        }
      }
    },
    "target_volume_ml": 0.18,
    "measured_volume_ml": 0.1756000000000011,
    "duration_s": 21.603351400000975,
    "timestamp": 1771726141.9221814,
    "replicate_id": 1,
    "metadata": {
      "replicate": 1,
      "volume": 0.1756000000000011,
      "elapsed_s": 21.603351400000975,
      "start_time": "2026-02-21T21:08:40.317147",
      "end_time": "2026-02-21T21:09:01.922181",
      "target_volume_mL": 0.18,
      "measured_volume_uL": 175.6000000000011,
      "target_volume_uL": 180.0,
      "aspirate_speed": 13,
      "dispense_speed": 15,
      "aspirate_wait_time": 2.6,
      "dispense_wait_time": 1.5,
      "pre_asp_air_vol": 0.26,
      "retract_speed": 5.0,
      "blowout_vol": 0.0,
      "post_asp_air_vol": 0.0,
      "post_retract_wait_time": 0.0,
      "overaspirate_vol": 0.00030000000000000003
    },
    "trial_score": 0.6582127989721159,
    "trial_quality": "partial_tolerance"
  },
  {
    "measurement_id": "measurement_1771726163535685_1",
    "parameters": {
      "calibration": {
        "overaspirate_vol": 0.00030000000000000003
      },
      "hardware": {
        "parameters": {
          "aspirate_speed": 13,
          "dispense_speed": 15,
          "aspirate_wait_time": 2.6,
          "pre_asp_air_vol": 0.26
        }
      }
    },
    "target_volume_ml": 0.18,
    "measured_volume_ml": 0.17310000000000336,
    "duration_s": 21.612927999987733,
    "timestamp": 1771726163.5356858,
    "replicate_id": 1,
    "metadata": {
      "replicate": 1,
      "volume": 0.17310000000000336,
      "elapsed_s": 21.612927999987733,
      "start_time": "2026-02-21T21:09:01.922181",
      "end_time": "2026-02-21T21:09:23.535685",
      "target_volume_mL": 0.18,
      "measured_volume_uL": 173.10000000000338,
      "target_volume_uL": 180.0,
      "aspirate_speed": 13,
      "dispense_speed": 15,
      "aspirate_wait_time": 2.6,
      "dispense_wait_time": 1.5,
      "pre_asp_air_vol": 0.26,
      "retract_speed": 5.0,
      "blowout_vol": 0.0,
      "post_asp_air_vol": 0.0,
      "post_retract_wait_time": 0.0,
      "overaspirate_vol": 0.00030000000000000003
    },
    "trial_score": 0.6582127989721159,
    "trial_quality": "partial_tolerance"
  },
  {
    "measurement_id": "measurement_1771726185314557_1",
    "parameters": {
      "calibration": {
        "overaspirate_vol": 0.00030000000000000003
      },
      "hardware": {
        "parameters": {
          "aspirate_speed": 13,
          "dispense_speed": 15,
          "aspirate_wait_time": 2.6,
          "pre_asp_air_vol": 0.26
        }
      }
    },
    "target_volume_ml": 0.18,
    "measured_volume_ml": 0.1728999999999985,
    "duration_s": 21.776877900003456,
    "timestamp": 1771726185.3145576,
    "replicate_id": 1,
    "metadata": {
      "replicate": 1,
      "volume": 0.1728999999999985,
      "elapsed_s": 21.776877900003456,
      "start_time": "2026-02-21T21:09:23.535685",
      "end_time": "2026-02-21T21:09:45.314557",
      "target_volume_mL": 0.18,
      "measured_volume_uL": 172.8999999999985,
      "target_volume_uL": 180.0,
      "aspirate_speed": 13,
      "dispense_speed": 15,
      "aspirate_wait_time": 2.6,
      "dispense_wait_time": 1.5,
      "pre_asp_air_vol": 0.26,
      "retract_speed": 5.0,
      "blowout_vol": 0.0,
      "post_asp_air_vol": 0.0,
      "post_retract_wait_time": 0.0,
      "overaspirate_vol": 0.00030000000000000003
    },
    "trial_score": 0.6582127989721159,
    "trial_quality": "partial_tolerance"
  },
  {
    "measurement_id": "measurement_1771726207107501_1",
    "parameters": {
      "calibration": {
        "overaspirate_vol": 0.00030000000000000003
      },
      "hardware": {
        "parameters": {
          "aspirate_speed": 13,
          "dispense_speed": 15,
          "aspirate_wait_time": 2.6,
          "pre_asp_air_vol": 0.26
        }
      }
    },
    "target_volume_ml": 0.18,
    "measured_volume_ml": 0.1730999999999998,
    "duration_s": 21.799037599994335,
    "timestamp": 1771726207.107501,
    "replicate_id": 1,
    "metadata": {
      "replicate": 1,
      "volume": 0.1730999999999998,
      "elapsed_s": 21.799037599994335,
      "start_time": "2026-02-21T21:09:45.314557",
      "end_time": "2026-02-21T21:10:07.107501",
      "target_volume_mL": 0.18,
      "measured_volume_uL": 173.0999999999998,
      "target_volume_uL": 180.0,
      "aspirate_speed": 13,
      "dispense_speed": 15,
      "aspirate_wait_time": 2.6,
      "dispense_wait_time": 1.5,
      "pre_asp_air_vol": 0.26,
      "retract_speed": 5.0,
      "blowout_vol": 0.0,
      "post_asp_air_vol": 0.0,
      "post_retract_wait_time": 0.0,
      "overaspirate_vol": 0.00030000000000000003
    },
    "trial_score": 0.6582127989721159,
    "trial_quality": "partial_tolerance"
  },
  {
    "measurement_id": "measurement_1771726223122114_1",
    "parameters": {
      "calibration": {
        "overaspirate_vol": 0.0044
      },
      "hardware": {
        "parameters": {
          "aspirate_speed": 16,
          "dispense_speed": 7,
          "aspirate_wait_time": 0.0,
          "pre_asp_air_vol": 0.01
        }
      }
    },
    "target_volume_ml": 0.18,
    "measured_volume_ml": 0.18109999999999893,
    "duration_s": 15.991286200005561,
    "timestamp": 1771726223.1221147,
    "replicate_id": 1,
    "metadata": {
      "replicate": 1,
      "volume": 0.18109999999999893,
      "elapsed_s": 15.991286200005561,
      "start_time": "2026-02-21T21:10:07.130023",
      "end_time": "2026-02-21T21:10:23.119625",
      "target_volume_mL": 0.18,
      "measured_volume_uL": 181.09999999999894,
      "target_volume_uL": 180.0,
      "aspirate_speed": 16,
      "dispense_speed": 7,
      "aspirate_wait_time": 0.0,
      "dispense_wait_time": 1.5,
      "pre_asp_air_vol": 0.01,
      "retract_speed": 5.0,
      "blowout_vol": 0.0,
      "post_asp_air_vol": 0.0,
      "post_retract_wait_time": 0.0,
      "overaspirate_vol": 0.0044
    },
    "trial_score": 0.23288474714181243,
    "trial_quality": "within_tolerance"
  },
  {
    "measurement_id": "measurement_1771726239125194_1",
    "parameters": {
      "calibration": {
        "overaspirate_vol": 0.0044
      },
      "hardware": {
        "parameters": {
          "aspirate_speed": 16,
          "dispense_speed": 7,
          "aspirate_wait_time": 0.0,
          "pre_asp_air_vol": 0.01
        }
      }
    },
    "target_volume_ml": 0.18,
    "measured_volume_ml": 0.1814,
    "duration_s": 16.010766099963803,
    "timestamp": 1771726239.1251945,
    "replicate_id": 1,
    "metadata": {
      "replicate": 1,
      "volume": 0.1814,
      "elapsed_s": 16.010766099963803,
      "start_time": "2026-02-21T21:10:23.122114",
      "end_time": "2026-02-21T21:10:39.125194",
      "target_volume_mL": 0.18,
      "measured_volume_uL": 181.4,
      "target_volume_uL": 180.0,
      "aspirate_speed": 16,
      "dispense_speed": 7,
      "aspirate_wait_time": 0.0,
      "dispense_wait_time": 1.5,
      "pre_asp_air_vol": 0.01,
      "retract_speed": 5.0,
      "blowout_vol": 0.0,
      "post_asp_air_vol": 0.0,
      "post_retract_wait_time": 0.0,
      "overaspirate_vol": 0.0044
    },
    "trial_score": 0.23288474714181243,
    "trial_quality": "within_tolerance"
  },
  {
    "measurement_id": "measurement_1771726255117652_1",
    "parameters": {
      "calibration": {
        "overaspirate_vol": 0.0044
      },
      "hardware": {
        "parameters": {
          "aspirate_speed": 16,
          "dispense_speed": 7,
          "aspirate_wait_time": 0.0,
          "pre_asp_air_vol": 0.01
        }
      }
    },
    "target_volume_ml": 0.18,
    "measured_volume_ml": 0.18149999999999977,
    "duration_s": 15.983445199963171,
    "timestamp": 1771726255.117652,
    "replicate_id": 1,
    "metadata": {
      "replicate": 1,
      "volume": 0.18149999999999977,
      "elapsed_s": 15.983445199963171,
      "start_time": "2026-02-21T21:10:39.125194",
      "end_time": "2026-02-21T21:10:55.117651",
      "target_volume_mL": 0.18,
      "measured_volume_uL": 181.49999999999977,
      "target_volume_uL": 180.0,
      "aspirate_speed": 16,
      "dispense_speed": 7,
      "aspirate_wait_time": 0.0,
      "dispense_wait_time": 1.5,
      "pre_asp_air_vol": 0.01,
      "retract_speed": 5.0,
      "blowout_vol": 0.0,
      "post_asp_air_vol": 0.0,
      "post_retract_wait_time": 0.0,
      "overaspirate_vol": 0.0044
    },
    "trial_score": 0.23288474714181243,
    "trial_quality": "within_tolerance"
  },
  {
    "measurement_id": "measurement_1771726271126967_1",
    "parameters": {
      "calibration": {
        "overaspirate_vol": 0.0044
      },
      "hardware": {
        "parameters": {
          "aspirate_speed": 16,
          "dispense_speed": 7,
          "aspirate_wait_time": 0.0,
          "pre_asp_air_vol": 0.01
        }
      }
    },
    "target_volume_ml": 0.18,
    "measured_volume_ml": 0.181499999999998,
    "duration_s": 16.006724999984726,
    "timestamp": 1771726271.1269677,
    "replicate_id": 1,
    "metadata": {
      "replicate": 1,
      "volume": 0.181499999999998,
      "elapsed_s": 16.006724999984726,
      "start_time": "2026-02-21T21:10:55.117651",
      "end_time": "2026-02-21T21:11:11.126967",
      "target_volume_mL": 0.18,
      "measured_volume_uL": 181.499999999998,
      "target_volume_uL": 180.0,
      "aspirate_speed": 16,
      "dispense_speed": 7,
      "aspirate_wait_time": 0.0,
      "dispense_wait_time": 1.5,
      "pre_asp_air_vol": 0.01,
      "retract_speed": 5.0,
      "blowout_vol": 0.0,
      "post_asp_air_vol": 0.0,
      "post_retract_wait_time": 0.0,
      "overaspirate_vol": 0.0044
    },
    "trial_score": 0.23288474714181243,
    "trial_quality": "within_tolerance"
  },
  {
    "measurement_id": "measurement_1771726287321718_1",
    "parameters": {
      "calibration": {
        "overaspirate_vol": 0.0044
      },
      "hardware": {
        "parameters": {
          "aspirate_speed": 16,
          "dispense_speed": 7,
          "aspirate_wait_time": 0.0,
          "pre_asp_air_vol": 0.01
        }
      }
    },
    "target_volume_ml": 0.18,
    "measured_volume_ml": 0.18149999999999977,
    "duration_s": 16.19566340005258,
    "timestamp": 1771726287.321718,
    "replicate_id": 1,
    "metadata": {
      "replicate": 1,
      "volume": 0.18149999999999977,
      "elapsed_s": 16.19566340005258,
      "start_time": "2026-02-21T21:11:11.126967",
      "end_time": "2026-02-21T21:11:27.321718",
      "target_volume_mL": 0.18,
      "measured_volume_uL": 181.49999999999977,
      "target_volume_uL": 180.0,
      "aspirate_speed": 16,
      "dispense_speed": 7,
      "aspirate_wait_time": 0.0,
      "dispense_wait_time": 1.5,
      "pre_asp_air_vol": 0.01,
      "retract_speed": 5.0,
      "blowout_vol": 0.0,
      "post_asp_air_vol": 0.0,
      "post_retract_wait_time": 0.0,
      "overaspirate_vol": 0.0044
    },
    "trial_score": 0.23288474714181243,
    "trial_quality": "within_tolerance"
  },
  {
    "measurement_id": "measurement_1771726303722691_1",
    "parameters": {
      "calibration": {
        "overaspirate_vol": 0.0054
      },
      "hardware": {
        "parameters": {
          "aspirate_speed": 14,
          "dispense_speed": 11,
          "aspirate_wait_time": 1.2000000000000002,
          "pre_asp_air_vol": 0.052000000000000005
        }
      }
    },
    "target_volume_ml": 0.18,
    "measured_volume_ml": 0.18180000000000263,
    "duration_s": 16.38750200002687,
    "timestamp": 1771726303.7226915,
    "replicate_id": 1,
    "metadata": {
      "replicate": 1,
      "volume": 0.18180000000000263,
      "elapsed_s": 16.38750200002687,
      "start_time": "2026-02-21T21:11:27.338654",
      "end_time": "2026-02-21T21:11:43.722691",
      "target_volume_mL": 0.18,
      "measured_volume_uL": 181.80000000000263,
      "target_volume_uL": 180.0,
      "aspirate_speed": 14,
      "dispense_speed": 11,
      "aspirate_wait_time": 1.2000000000000002,
      "dispense_wait_time": 1.5,
      "pre_asp_air_vol": 0.052000000000000005,
      "retract_speed": 5.0,
      "blowout_vol": 0.0,
      "post_asp_air_vol": 0.0,
      "post_retract_wait_time": 0.0,
      "overaspirate_vol": 0.0054
    },
    "trial_score": 0.31935362715211224,
    "trial_quality": "within_tolerance"
  },
  {
    "measurement_id": "measurement_1771726320325298_1",
    "parameters": {
      "calibration": {
        "overaspirate_vol": 0.0054
      },
      "hardware": {
        "parameters": {
          "aspirate_speed": 14,
          "dispense_speed": 11,
          "aspirate_wait_time": 1.2000000000000002,
          "pre_asp_air_vol": 0.052000000000000005
        }
      }
    },
    "target_volume_ml": 0.18,
    "measured_volume_ml": 0.1822000000000017,
    "duration_s": 16.602611400012393,
    "timestamp": 1771726320.3252988,
    "replicate_id": 1,
    "metadata": {
      "replicate": 1,
      "volume": 0.1822000000000017,
      "elapsed_s": 16.602611400012393,
      "start_time": "2026-02-21T21:11:43.722691",
      "end_time": "2026-02-21T21:12:00.325298",
      "target_volume_mL": 0.18,
      "measured_volume_uL": 182.2000000000017,
      "target_volume_uL": 180.0,
      "aspirate_speed": 14,
      "dispense_speed": 11,
      "aspirate_wait_time": 1.2000000000000002,
      "dispense_wait_time": 1.5,
      "pre_asp_air_vol": 0.052000000000000005,
      "retract_speed": 5.0,
      "blowout_vol": 0.0,
      "post_asp_air_vol": 0.0,
      "post_retract_wait_time": 0.0,
      "overaspirate_vol": 0.0054
    },
    "trial_score": 0.31935362715211224,
    "trial_quality": "within_tolerance"
  },
  {
    "measurement_id": "measurement_1771726337076425_1",
    "parameters": {
      "calibration": {
        "overaspirate_vol": 0.0054
      },
      "hardware": {
        "parameters": {
          "aspirate_speed": 14,
          "dispense_speed": 11,
          "aspirate_wait_time": 1.2000000000000002,
          "pre_asp_air_vol": 0.052000000000000005
        }
      }
    },
    "target_volume_ml": 0.18,
    "measured_volume_ml": 0.18159999999999954,
    "duration_s": 16.74491740000667,
    "timestamp": 1771726337.076425,
    "replicate_id": 1,
    "metadata": {
      "replicate": 1,
      "volume": 0.18159999999999954,
      "elapsed_s": 16.74491740000667,
      "start_time": "2026-02-21T21:12:00.325298",
      "end_time": "2026-02-21T21:12:17.076424",
      "target_volume_mL": 0.18,
      "measured_volume_uL": 181.59999999999954,
      "target_volume_uL": 180.0,
      "aspirate_speed": 14,
      "dispense_speed": 11,
      "aspirate_wait_time": 1.2000000000000002,
      "dispense_wait_time": 1.5,
      "pre_asp_air_vol": 0.052000000000000005,
      "retract_speed": 5.0,
      "blowout_vol": 0.0,
      "post_asp_air_vol": 0.0,
      "post_retract_wait_time": 0.0,
      "overaspirate_vol": 0.0054
    },
    "trial_score": 0.31935362715211224,
    "trial_quality": "within_tolerance"
  },
  {
    "measurement_id": "measurement_1771726353720893_1",
    "parameters": {
      "calibration": {
        "overaspirate_vol": 0.0054
      },
      "hardware": {
        "parameters": {
          "aspirate_speed": 14,
          "dispense_speed": 11,
          "aspirate_wait_time": 1.2000000000000002,
          "pre_asp_air_vol": 0.052000000000000005
        }
      }
    },
    "target_volume_ml": 0.18,
    "measured_volume_ml": 0.182383333333334,
    "duration_s": 16.64466240000911,
    "timestamp": 1771726353.7208936,
    "replicate_id": 1,
    "metadata": {
      "replicate": 1,
      "volume": 0.182383333333334,
      "elapsed_s": 16.64466240000911,
      "start_time": "2026-02-21T21:12:17.077434",
      "end_time": "2026-02-21T21:12:33.720893",
      "target_volume_mL": 0.18,
      "measured_volume_uL": 182.383333333334,
      "target_volume_uL": 180.0,
      "aspirate_speed": 14,
      "dispense_speed": 11,
      "aspirate_wait_time": 1.2000000000000002,
      "dispense_wait_time": 1.5,
      "pre_asp_air_vol": 0.052000000000000005,
      "retract_speed": 5.0,
      "blowout_vol": 0.0,
      "post_asp_air_vol": 0.0,
      "post_retract_wait_time": 0.0,
      "overaspirate_vol": 0.0054
    },
    "trial_score": 0.31935362715211224,
    "trial_quality": "within_tolerance"
  },
  {
    "measurement_id": "measurement_1771726370312678_1",
    "parameters": {
      "calibration": {
        "overaspirate_vol": 0.0054
      },
      "hardware": {
        "parameters": {
          "aspirate_speed": 14,
          "dispense_speed": 11,
          "aspirate_wait_time": 1.2000000000000002,
          "pre_asp_air_vol": 0.052000000000000005
        }
      }
    },
    "target_volume_ml": 0.18,
    "measured_volume_ml": 0.18197499999999955,
    "duration_s": 16.595693499955814,
    "timestamp": 1771726370.312678,
    "replicate_id": 1,
    "metadata": {
      "replicate": 1,
      "volume": 0.18197499999999955,
      "elapsed_s": 16.595693499955814,
      "start_time": "2026-02-21T21:12:33.720893",
      "end_time": "2026-02-21T21:12:50.312678",
      "target_volume_mL": 0.18,
      "measured_volume_uL": 181.97499999999957,
      "target_volume_uL": 180.0,
      "aspirate_speed": 14,
      "dispense_speed": 11,
      "aspirate_wait_time": 1.2000000000000002,
      "dispense_wait_time": 1.5,
      "pre_asp_air_vol": 0.052000000000000005,
      "retract_speed": 5.0,
      "blowout_vol": 0.0,
      "post_asp_air_vol": 0.0,
      "post_retract_wait_time": 0.0,
      "overaspirate_vol": 0.0054
    },
    "trial_score": 0.31935362715211224,
    "trial_quality": "within_tolerance"
  },
  {
    "measurement_id": "measurement_1771726406518901_1",
    "parameters": {
      "calibration": {
        "overaspirate_vol": 0.0012000000000000001
      },
      "hardware": {
        "parameters": {
          "aspirate_speed": 16,
          "dispense_speed": 19,
          "aspirate_wait_time": 3.6,
          "pre_asp_air_vol": 0.292
        }
      }
    },
    "target_volume_ml": 0.18,
    "measured_volume_ml": 0.17040000000000077,
    "duration_s": 36.18322810000973,
    "timestamp": 1771726406.5189016,
    "replicate_id": 1,
    "metadata": {
      "replicate": 1,
      "volume": 0.17040000000000077,
      "elapsed_s": 36.18322810000973,
      "start_time": "2026-02-21T21:12:50.336601",
      "end_time": "2026-02-21T21:13:26.518901",
      "target_volume_mL": 0.18,
      "measured_volume_uL": 170.40000000000077,
      "target_volume_uL": 180.0,
      "aspirate_speed": 16,
      "dispense_speed": 19,
      "aspirate_wait_time": 3.6,
      "dispense_wait_time": 1.5,
      "pre_asp_air_vol": 0.292,
      "retract_speed": 5.0,
      "blowout_vol": 0.0,
      "post_asp_air_vol": 0.0,
      "post_retract_wait_time": 0.0,
      "overaspirate_vol": 0.0012000000000000001
    },
    "trial_score": 1.0625434376282636,
    "trial_quality": "outside_tolerance"
  },
  {
    "measurement_id": "measurement_1771726442319393_1",
    "parameters": {
      "calibration": {
        "overaspirate_vol": 0.0012000000000000001
      },
      "hardware": {
        "parameters": {
          "aspirate_speed": 16,
          "dispense_speed": 19,
          "aspirate_wait_time": 3.6,
          "pre_asp_air_vol": 0.292
        }
      }
    },
    "target_volume_ml": 0.18,
    "measured_volume_ml": 0.17999999999999972,
    "duration_s": 35.801358800032176,
    "timestamp": 1771726442.3193939,
    "replicate_id": 1,
    "metadata": {
      "replicate": 1,
      "volume": 0.17999999999999972,
      "elapsed_s": 35.801358800032176,
      "start_time": "2026-02-21T21:13:26.518901",
      "end_time": "2026-02-21T21:14:02.319393",
      "target_volume_mL": 0.18,
      "measured_volume_uL": 179.99999999999972,
      "target_volume_uL": 180.0,
      "aspirate_speed": 16,
      "dispense_speed": 19,
      "aspirate_wait_time": 3.6,
      "dispense_wait_time": 1.5,
      "pre_asp_air_vol": 0.292,
      "retract_speed": 5.0,
      "blowout_vol": 0.0,
      "post_asp_air_vol": 0.0,
      "post_retract_wait_time": 0.0,
      "overaspirate_vol": 0.0012000000000000001
    },
    "trial_score": 1.0625434376282636,
    "trial_quality": "outside_tolerance"
  },
  {
    "measurement_id": "measurement_1771726478109761_1",
    "parameters": {
      "calibration": {
        "overaspirate_vol": 0.0012000000000000001
      },
      "hardware": {
        "parameters": {
          "aspirate_speed": 16,
          "dispense_speed": 19,
          "aspirate_wait_time": 3.6,
          "pre_asp_air_vol": 0.292
        }
      }
    },
    "target_volume_ml": 0.18,
    "measured_volume_ml": 0.16929999999999978,
    "duration_s": 35.79401700000744,
    "timestamp": 1771726478.1097617,
    "replicate_id": 1,
    "metadata": {
      "replicate": 1,
      "volume": 0.16929999999999978,
      "elapsed_s": 35.79401700000744,
      "start_time": "2026-02-21T21:14:02.319393",
      "end_time": "2026-02-21T21:14:38.109761",
      "target_volume_mL": 0.18,
      "measured_volume_uL": 169.29999999999978,
      "target_volume_uL": 180.0,
      "aspirate_speed": 16,
      "dispense_speed": 19,
      "aspirate_wait_time": 3.6,
      "dispense_wait_time": 1.5,
      "pre_asp_air_vol": 0.292,
      "retract_speed": 5.0,
      "blowout_vol": 0.0,
      "post_asp_air_vol": 0.0,
      "post_retract_wait_time": 0.0,
      "overaspirate_vol": 0.0012000000000000001
    },
    "trial_score": 1.0625434376282636,
    "trial_quality": "outside_tolerance"
  },
  {
    "measurement_id": "measurement_1771726513918298_1",
    "parameters": {
      "calibration": {
        "overaspirate_vol": 0.0012000000000000001
      },
      "hardware": {
        "parameters": {
          "aspirate_speed": 16,
          "dispense_speed": 19,
          "aspirate_wait_time": 3.6,
          "pre_asp_air_vol": 0.292
        }
      }
    },
    "target_volume_ml": 0.18,
    "measured_volume_ml": 0.1803000000000008,
    "duration_s": 35.80433730001096,
    "timestamp": 1771726513.9182985,
    "replicate_id": 1,
    "metadata": {
      "replicate": 1,
      "volume": 0.1803000000000008,
      "elapsed_s": 35.80433730001096,
      "start_time": "2026-02-21T21:14:38.109761",
      "end_time": "2026-02-21T21:15:13.918298",
      "target_volume_mL": 0.18,
      "measured_volume_uL": 180.3000000000008,
      "target_volume_uL": 180.0,
      "aspirate_speed": 16,
      "dispense_speed": 19,
      "aspirate_wait_time": 3.6,
      "dispense_wait_time": 1.5,
      "pre_asp_air_vol": 0.292,
      "retract_speed": 5.0,
      "blowout_vol": 0.0,
      "post_asp_air_vol": 0.0,
      "post_retract_wait_time": 0.0,
      "overaspirate_vol": 0.0012000000000000001
    },
    "trial_score": 1.0625434376282636,
    "trial_quality": "outside_tolerance"
  },
  {
    "measurement_id": "measurement_1771726549907636_1",
    "parameters": {
      "calibration": {
        "overaspirate_vol": 0.0012000000000000001
      },
      "hardware": {
        "parameters": {
          "aspirate_speed": 16,
          "dispense_speed": 19,
          "aspirate_wait_time": 3.6,
          "pre_asp_air_vol": 0.292
        }
      }
    },
    "target_volume_ml": 0.18,
    "measured_volume_ml": 0.16859999999999964,
    "duration_s": 35.98403629998211,
    "timestamp": 1771726549.9076362,
    "replicate_id": 1,
    "metadata": {
      "replicate": 1,
      "volume": 0.16859999999999964,
      "elapsed_s": 35.98403629998211,
      "start_time": "2026-02-21T21:15:13.918298",
      "end_time": "2026-02-21T21:15:49.907636",
      "target_volume_mL": 0.18,
      "measured_volume_uL": 168.59999999999962,
      "target_volume_uL": 180.0,
      "aspirate_speed": 16,
      "dispense_speed": 19,
      "aspirate_wait_time": 3.6,
      "dispense_wait_time": 1.5,
      "pre_asp_air_vol": 0.292,
      "retract_speed": 5.0,
      "blowout_vol": 0.0,
      "post_asp_air_vol": 0.0,
      "post_retract_wait_time": 0.0,
      "overaspirate_vol": 0.0012000000000000001
    },
    "trial_score": 1.0625434376282636,
    "trial_quality": "outside_tolerance"
  },
  {
    "measurement_id": "measurement_1771726565938773_1",
    "parameters": {
      "calibration": {
        "overaspirate_vol": 0.0044
      },
      "hardware": {
        "parameters": {
          "aspirate_speed": 16,
          "dispense_speed": 7,
          "aspirate_wait_time": 0.0,
          "pre_asp_air_vol": 0.01
        }
      }
    },
    "target_volume_ml": 0.18,
    "measured_volume_ml": 0.18700000000000117,
    "duration_s": 16.02498290000949,
    "timestamp": 1771726565.9387732,
    "replicate_id": 1,
    "metadata": {
      "replicate": 1,
      "volume": 0.18700000000000117,
      "elapsed_s": 16.02498290000949,
      "start_time": "2026-02-21T21:15:49.913536",
      "end_time": "2026-02-21T21:16:05.938773",
      "target_volume_mL": 0.18,
      "measured_volume_uL": 187.00000000000117,
      "target_volume_uL": 180.0,
      "aspirate_speed": 16,
      "dispense_speed": 7,
      "aspirate_wait_time": 0.0,
      "dispense_wait_time": 1.5,
      "pre_asp_air_vol": 0.01,
      "retract_speed": 5.0,
      "blowout_vol": 0.0,
      "post_asp_air_vol": 0.0,
      "post_retract_wait_time": 0.0,
      "overaspirate_vol": 0.0044
    },
    "trial_score": 0.9691573504074444,
    "trial_quality": "partial_tolerance"
  },
  {
    "measurement_id": "measurement_1771726581928476_1",
    "parameters": {
      "calibration": {
        "overaspirate_vol": -0.0062000000000011725
      },
      "hardware": {
        "parameters": {
          "aspirate_speed": 16,
          "dispense_speed": 7,
          "aspirate_wait_time": 0.0,
          "pre_asp_air_vol": 0.01
        }
      }
    },
    "target_volume_ml": 0.18,
    "measured_volume_ml": 0.1718333333333355,
    "duration_s": 15.991998000012245,
    "timestamp": 1771726581.928476,
    "replicate_id": 1,
    "metadata": {
      "replicate": 1,
      "volume": 0.1718333333333355,
      "elapsed_s": 15.991998000012245,
      "start_time": "2026-02-21T21:16:05.940774",
      "end_time": "2026-02-21T21:16:21.928476",
      "target_volume_mL": 0.18,
      "measured_volume_uL": 171.8333333333355,
      "target_volume_uL": 180.0,
      "aspirate_speed": 16,
      "dispense_speed": 7,
      "aspirate_wait_time": 0.0,
      "dispense_wait_time": 1.5,
      "pre_asp_air_vol": 0.01,
      "retract_speed": 5.0,
      "blowout_vol": 0.0,
      "post_asp_air_vol": 0.0,
      "post_retract_wait_time": 0.0,
      "overaspirate_vol": -0.0062000000000011725
    },
    "trial_score": 0.9744486353086728,
    "trial_quality": "partial_tolerance"
  },
  {
    "measurement_id": "measurement_1771726598527537_1",
    "parameters": {
      "calibration": {
        "overaspirate_vol": 0.0033
      },
      "hardware": {
        "parameters": {
          "aspirate_speed": 13,
          "dispense_speed": 8,
          "aspirate_wait_time": 0.1,
          "pre_asp_air_vol": 0.0
        }
      }
    },
    "target_volume_ml": 0.18,
    "measured_volume_ml": 0.17770000000000152,
    "duration_s": 14.001766299945302,
    "timestamp": 1771726598.5275373,
    "replicate_id": 1,
    "metadata": {
      "replicate": 1,
      "volume": 0.17770000000000152,
      "elapsed_s": 14.001766299945302,
      "start_time": "2026-02-21T21:16:24.534946",
      "end_time": "2026-02-21T21:16:38.527537",
      "target_volume_mL": 0.18,
      "measured_volume_uL": 177.70000000000152,
      "target_volume_uL": 180.0,
      "aspirate_speed": 13,
      "dispense_speed": 8,
      "aspirate_wait_time": 0.1,
      "dispense_wait_time": 1.5,
      "pre_asp_air_vol": 0.0,
      "retract_speed": 5.0,
      "blowout_vol": 0.0,
      "post_asp_air_vol": 0.0,
      "post_retract_wait_time": 0.0,
      "overaspirate_vol": 0.0033
    },
    "trial_score": 0.3802157128674795,
    "trial_quality": "within_tolerance"
  },
  {
    "measurement_id": "measurement_1771726612917536_1",
    "parameters": {
      "calibration": {
        "overaspirate_vol": 0.0033
      },
      "hardware": {
        "parameters": {
          "aspirate_speed": 13,
          "dispense_speed": 8,
          "aspirate_wait_time": 0.1,
          "pre_asp_air_vol": 0.0
        }
      }
    },
    "target_volume_ml": 0.18,
    "measured_volume_ml": 0.177500000000002,
    "duration_s": 14.391508399974555,
    "timestamp": 1771726612.9175367,
    "replicate_id": 1,
    "metadata": {
      "replicate": 1,
      "volume": 0.177500000000002,
      "elapsed_s": 14.391508399974555,
      "start_time": "2026-02-21T21:16:38.527537",
      "end_time": "2026-02-21T21:16:52.917536",
      "target_volume_mL": 0.18,
      "measured_volume_uL": 177.500000000002,
      "target_volume_uL": 180.0,
      "aspirate_speed": 13,
      "dispense_speed": 8,
      "aspirate_wait_time": 0.1,
      "dispense_wait_time": 1.5,
      "pre_asp_air_vol": 0.0,
      "retract_speed": 5.0,
      "blowout_vol": 0.0,
      "post_asp_air_vol": 0.0,
      "post_retract_wait_time": 0.0,
      "overaspirate_vol": 0.0033
    },
    "trial_score": 0.3802157128674795,
    "trial_quality": "within_tolerance"
  },
  {
    "measurement_id": "measurement_1771726626905307_1",
    "parameters": {
      "calibration": {
        "overaspirate_vol": 0.0033
      },
      "hardware": {
        "parameters": {
          "aspirate_speed": 13,
          "dispense_speed": 8,
          "aspirate_wait_time": 0.1,
          "pre_asp_air_vol": 0.0
        }
      }
    },
    "target_volume_ml": 0.18,
    "measured_volume_ml": 0.1769999999999996,
    "duration_s": 13.989144699997269,
    "timestamp": 1771726626.9053073,
    "replicate_id": 1,
    "metadata": {
      "replicate": 1,
      "volume": 0.1769999999999996,
      "elapsed_s": 13.989144699997269,
      "start_time": "2026-02-21T21:16:52.917536",
      "end_time": "2026-02-21T21:17:06.905307",
      "target_volume_mL": 0.18,
      "measured_volume_uL": 176.9999999999996,
      "target_volume_uL": 180.0,
      "aspirate_speed": 13,
      "dispense_speed": 8,
      "aspirate_wait_time": 0.1,
      "dispense_wait_time": 1.5,
      "pre_asp_air_vol": 0.0,
      "retract_speed": 5.0,
      "blowout_vol": 0.0,
      "post_asp_air_vol": 0.0,
      "post_retract_wait_time": 0.0,
      "overaspirate_vol": 0.0033
    },
    "trial_score": 0.3802157128674795,
    "trial_quality": "within_tolerance"
  },
  {
    "measurement_id": "measurement_1771726641123160_1",
    "parameters": {
      "calibration": {
        "overaspirate_vol": 0.0033
      },
      "hardware": {
        "parameters": {
          "aspirate_speed": 13,
          "dispense_speed": 8,
          "aspirate_wait_time": 0.1,
          "pre_asp_air_vol": 0.0
        }
      }
    },
    "target_volume_ml": 0.18,
    "measured_volume_ml": 0.1781000000000006,
    "duration_s": 14.2004463999765,
    "timestamp": 1771726641.1231606,
    "replicate_id": 1,
    "metadata": {
      "replicate": 1,
      "volume": 0.1781000000000006,
      "elapsed_s": 14.2004463999765,
      "start_time": "2026-02-21T21:17:06.921333",
      "end_time": "2026-02-21T21:17:21.107206",
      "target_volume_mL": 0.18,
      "measured_volume_uL": 178.1000000000006,
      "target_volume_uL": 180.0,
      "aspirate_speed": 13,
      "dispense_speed": 8,
      "aspirate_wait_time": 0.1,
      "dispense_wait_time": 1.5,
      "pre_asp_air_vol": 0.0,
      "retract_speed": 5.0,
      "blowout_vol": 0.0,
      "post_asp_air_vol": 0.0,
      "post_retract_wait_time": 0.0,
      "overaspirate_vol": 0.0033
    },
    "trial_score": 0.3802157128674795,
    "trial_quality": "within_tolerance"
  },
  {
    "measurement_id": "measurement_1771726655132266_1",
    "parameters": {
      "calibration": {
        "overaspirate_vol": 0.0033
      },
      "hardware": {
        "parameters": {
          "aspirate_speed": 13,
          "dispense_speed": 8,
          "aspirate_wait_time": 0.1,
          "pre_asp_air_vol": 0.0
        }
      }
    },
    "target_volume_ml": 0.18,
    "measured_volume_ml": 0.17731999999999992,
    "duration_s": 14.008693100011442,
    "timestamp": 1771726655.1322663,
    "replicate_id": 1,
    "metadata": {
      "replicate": 1,
      "volume": 0.17731999999999992,
      "elapsed_s": 14.008693100011442,
      "start_time": "2026-02-21T21:17:21.123160",
      "end_time": "2026-02-21T21:17:35.132266",
      "target_volume_mL": 0.18,
      "measured_volume_uL": 177.31999999999994,
      "target_volume_uL": 180.0,
      "aspirate_speed": 13,
      "dispense_speed": 8,
      "aspirate_wait_time": 0.1,
      "dispense_wait_time": 1.5,
      "pre_asp_air_vol": 0.0,
      "retract_speed": 5.0,
      "blowout_vol": 0.0,
      "post_asp_air_vol": 0.0,
      "post_retract_wait_time": 0.0,
      "overaspirate_vol": 0.0033
    },
    "trial_score": 0.3802157128674795,
    "trial_quality": "within_tolerance"
  },
  {
    "measurement_id": "measurement_1771726674321821_1",
    "parameters": {
      "calibration": {
        "overaspirate_vol": 0.006
      },
      "hardware": {
        "parameters": {
          "aspirate_speed": 13,
          "dispense_speed": 7,
          "aspirate_wait_time": 1.4000000000000001,
          "pre_asp_air_vol": 0.106
        }
      }
    },
    "target_volume_ml": 0.18,
    "measured_volume_ml": 0.1858999999999984,
    "duration_s": 16.367037000018172,
    "timestamp": 1771726674.3218215,
    "replicate_id": 1,
    "metadata": {
      "replicate": 1,
      "volume": 0.1858999999999984,
      "elapsed_s": 16.367037000018172,
      "start_time": "2026-02-21T21:17:37.948935",
      "end_time": "2026-02-21T21:17:54.321821",
      "target_volume_mL": 0.18,
      "measured_volume_uL": 185.89999999999839,
      "target_volume_uL": 180.0,
      "aspirate_speed": 13,
      "dispense_speed": 7,
      "aspirate_wait_time": 1.4000000000000001,
      "dispense_wait_time": 1.5,
      "pre_asp_air_vol": 0.106,
      "retract_speed": 5.0,
      "blowout_vol": 0.0,
      "post_asp_air_vol": 0.0,
      "post_retract_wait_time": 0.0,
      "overaspirate_vol": 0.006
    },
    "trial_score": 0.5911991508777126,
    "trial_quality": "within_tolerance"
  },
  {
    "measurement_id": "measurement_1771726690384874_1",
    "parameters": {
      "calibration": {
        "overaspirate_vol": 0.006
      },
      "hardware": {
        "parameters": {
          "aspirate_speed": 13,
          "dispense_speed": 7,
          "aspirate_wait_time": 1.4000000000000001,
          "pre_asp_air_vol": 0.106
        }
      }
    },
    "target_volume_ml": 0.18,
    "measured_volume_ml": 0.1811999999999987,
    "duration_s": 16.064163900038693,
    "timestamp": 1771726690.3848743,
    "replicate_id": 1,
    "metadata": {
      "replicate": 1,
      "volume": 0.1811999999999987,
      "elapsed_s": 16.064163900038693,
      "start_time": "2026-02-21T21:17:54.321821",
      "end_time": "2026-02-21T21:18:10.384874",
      "target_volume_mL": 0.18,
      "measured_volume_uL": 181.19999999999868,
      "target_volume_uL": 180.0,
      "aspirate_speed": 13,
      "dispense_speed": 7,
      "aspirate_wait_time": 1.4000000000000001,
      "dispense_wait_time": 1.5,
      "pre_asp_air_vol": 0.106,
      "retract_speed": 5.0,
      "blowout_vol": 0.0,
      "post_asp_air_vol": 0.0,
      "post_retract_wait_time": 0.0,
      "overaspirate_vol": 0.006
    },
    "trial_score": 0.5911991508777126,
    "trial_quality": "within_tolerance"
  },
  {
    "measurement_id": "measurement_1771726706729241_1",
    "parameters": {
      "calibration": {
        "overaspirate_vol": 0.006
      },
      "hardware": {
        "parameters": {
          "aspirate_speed": 13,
          "dispense_speed": 7,
          "aspirate_wait_time": 1.4000000000000001,
          "pre_asp_air_vol": 0.106
        }
      }
    },
    "target_volume_ml": 0.18,
    "measured_volume_ml": 0.18180000000000085,
    "duration_s": 16.339427699975204,
    "timestamp": 1771726706.7292411,
    "replicate_id": 1,
    "metadata": {
      "replicate": 1,
      "volume": 0.18180000000000085,
      "elapsed_s": 16.339427699975204,
      "start_time": "2026-02-21T21:18:10.384874",
      "end_time": "2026-02-21T21:18:26.729241",
      "target_volume_mL": 0.18,
      "measured_volume_uL": 181.80000000000086,
      "target_volume_uL": 180.0,
      "aspirate_speed": 13,
      "dispense_speed": 7,
      "aspirate_wait_time": 1.4000000000000001,
      "dispense_wait_time": 1.5,
      "pre_asp_air_vol": 0.106,
      "retract_speed": 5.0,
      "blowout_vol": 0.0,
      "post_asp_air_vol": 0.0,
      "post_retract_wait_time": 0.0,
      "overaspirate_vol": 0.006
    },
    "trial_score": 0.5911991508777126,
    "trial_quality": "within_tolerance"
  },
  {
    "measurement_id": "measurement_1771726723126999_1",
    "parameters": {
      "calibration": {
        "overaspirate_vol": 0.006
      },
      "hardware": {
        "parameters": {
          "aspirate_speed": 13,
          "dispense_speed": 7,
          "aspirate_wait_time": 1.4000000000000001,
          "pre_asp_air_vol": 0.106
        }
      }
    },
    "target_volume_ml": 0.18,
    "measured_volume_ml": 0.1814,
    "duration_s": 16.39630570000736,
    "timestamp": 1771726723.1269996,
    "replicate_id": 1,
    "metadata": {
      "replicate": 1,
      "volume": 0.1814,
      "elapsed_s": 16.39630570000736,
      "start_time": "2026-02-21T21:18:26.729241",
      "end_time": "2026-02-21T21:18:43.126999",
      "target_volume_mL": 0.18,
      "measured_volume_uL": 181.4,
      "target_volume_uL": 180.0,
      "aspirate_speed": 13,
      "dispense_speed": 7,
      "aspirate_wait_time": 1.4000000000000001,
      "dispense_wait_time": 1.5,
      "pre_asp_air_vol": 0.106,
      "retract_speed": 5.0,
      "blowout_vol": 0.0,
      "post_asp_air_vol": 0.0,
      "post_retract_wait_time": 0.0,
      "overaspirate_vol": 0.006
    },
    "trial_score": 0.5911991508777126,
    "trial_quality": "within_tolerance"
  },
  {
    "measurement_id": "measurement_1771726739529292_1",
    "parameters": {
      "calibration": {
        "overaspirate_vol": 0.006
      },
      "hardware": {
        "parameters": {
          "aspirate_speed": 13,
          "dispense_speed": 7,
          "aspirate_wait_time": 1.4000000000000001,
          "pre_asp_air_vol": 0.106
        }
      }
    },
    "target_volume_ml": 0.18,
    "measured_volume_ml": 0.18170000000000108,
    "duration_s": 16.40146010002354,
    "timestamp": 1771726739.529292,
    "replicate_id": 1,
    "metadata": {
      "replicate": 1,
      "volume": 0.18170000000000108,
      "elapsed_s": 16.40146010002354,
      "start_time": "2026-02-21T21:18:43.126999",
      "end_time": "2026-02-21T21:18:59.529292",
      "target_volume_mL": 0.18,
      "measured_volume_uL": 181.70000000000107,
      "target_volume_uL": 180.0,
      "aspirate_speed": 13,
      "dispense_speed": 7,
      "aspirate_wait_time": 1.4000000000000001,
      "dispense_wait_time": 1.5,
      "pre_asp_air_vol": 0.106,
      "retract_speed": 5.0,
      "blowout_vol": 0.0,
      "post_asp_air_vol": 0.0,
      "post_retract_wait_time": 0.0,
      "overaspirate_vol": 0.006
    },
    "trial_score": 0.5911991508777126,
    "trial_quality": "within_tolerance"
  },
  {
    "measurement_id": "measurement_1771726758723760_1",
    "parameters": {
      "calibration": {
        "overaspirate_vol": 0.0045000000000000005
      },
      "hardware": {
        "parameters": {
          "aspirate_speed": 13,
          "dispense_speed": 11,
          "aspirate_wait_time": 0.0,
          "pre_asp_air_vol": 0.14200000000000002
        }
      }
    },
    "target_volume_ml": 0.18,
    "measured_volume_ml": 0.17980000000000018,
    "duration_s": 15.856360499979928,
    "timestamp": 1771726758.7237604,
    "replicate_id": 1,
    "metadata": {
      "replicate": 1,
      "volume": 0.17980000000000018,
      "elapsed_s": 15.856360499979928,
      "start_time": "2026-02-21T21:19:02.868131",
      "end_time": "2026-02-21T21:19:18.723760",
      "target_volume_mL": 0.18,
      "measured_volume_uL": 179.80000000000018,
      "target_volume_uL": 180.0,
      "aspirate_speed": 13,
      "dispense_speed": 11,
      "aspirate_wait_time": 0.0,
      "dispense_wait_time": 1.5,
      "pre_asp_air_vol": 0.14200000000000002,
      "retract_speed": 5.0,
      "blowout_vol": 0.0,
      "post_asp_air_vol": 0.0,
      "post_retract_wait_time": 0.0,
      "overaspirate_vol": 0.0045000000000000005
    },
    "trial_score": 0.1380078695172602,
    "trial_quality": "within_tolerance"
  },
  {
    "measurement_id": "measurement_1771726774323358_1",
    "parameters": {
      "calibration": {
        "overaspirate_vol": 0.0045000000000000005
      },
      "hardware": {
        "parameters": {
          "aspirate_speed": 13,
          "dispense_speed": 11,
          "aspirate_wait_time": 0.0,
          "pre_asp_air_vol": 0.14200000000000002
        }
      }
    },
    "target_volume_ml": 0.18,
    "measured_volume_ml": 0.17959999999999887,
    "duration_s": 15.604835800011642,
    "timestamp": 1771726774.3233585,
    "replicate_id": 1,
    "metadata": {
      "replicate": 1,
      "volume": 0.17959999999999887,
      "elapsed_s": 15.604835800011642,
      "start_time": "2026-02-21T21:19:18.723760",
      "end_time": "2026-02-21T21:19:34.323358",
      "target_volume_mL": 0.18,
      "measured_volume_uL": 179.5999999999989,
      "target_volume_uL": 180.0,
      "aspirate_speed": 13,
      "dispense_speed": 11,
      "aspirate_wait_time": 0.0,
      "dispense_wait_time": 1.5,
      "pre_asp_air_vol": 0.14200000000000002,
      "retract_speed": 5.0,
      "blowout_vol": 0.0,
      "post_asp_air_vol": 0.0,
      "post_retract_wait_time": 0.0,
      "overaspirate_vol": 0.0045000000000000005
    },
    "trial_score": 0.1380078695172602,
    "trial_quality": "within_tolerance"
  },
  {
    "measurement_id": "measurement_1771726790107067_1",
    "parameters": {
      "calibration": {
        "overaspirate_vol": 0.0045000000000000005
      },
      "hardware": {
        "parameters": {
          "aspirate_speed": 13,
          "dispense_speed": 11,
          "aspirate_wait_time": 0.0,
          "pre_asp_air_vol": 0.14200000000000002
        }
      }
    },
    "target_volume_ml": 0.18,
    "measured_volume_ml": 0.17970000000000041,
    "duration_s": 15.77357000001939,
    "timestamp": 1771726790.1070673,
    "replicate_id": 1,
    "metadata": {
      "replicate": 1,
      "volume": 0.17970000000000041,
      "elapsed_s": 15.77357000001939,
      "start_time": "2026-02-21T21:19:34.323358",
      "end_time": "2026-02-21T21:19:50.107067",
      "target_volume_mL": 0.18,
      "measured_volume_uL": 179.70000000000041,
      "target_volume_uL": 180.0,
      "aspirate_speed": 13,
      "dispense_speed": 11,
      "aspirate_wait_time": 0.0,
      "dispense_wait_time": 1.5,
      "pre_asp_air_vol": 0.14200000000000002,
      "retract_speed": 5.0,
      "blowout_vol": 0.0,
      "post_asp_air_vol": 0.0,
      "post_retract_wait_time": 0.0,
      "overaspirate_vol": 0.0045000000000000005
    },
    "trial_score": 0.1380078695172602,
    "trial_quality": "within_tolerance"
  },
  {
    "measurement_id": "measurement_1771726805923026_1",
    "parameters": {
      "calibration": {
        "overaspirate_vol": 0.0045000000000000005
      },
      "hardware": {
        "parameters": {
          "aspirate_speed": 13,
          "dispense_speed": 11,
          "aspirate_wait_time": 0.0,
          "pre_asp_air_vol": 0.14200000000000002
        }
      }
    },
    "target_volume_ml": 0.18,
    "measured_volume_ml": 0.17916666666666536,
    "duration_s": 15.821152199991047,
    "timestamp": 1771726805.9230263,
    "replicate_id": 1,
    "metadata": {
      "replicate": 1,
      "volume": 0.17916666666666536,
      "elapsed_s": 15.821152199991047,
      "start_time": "2026-02-21T21:19:50.107067",
      "end_time": "2026-02-21T21:20:05.923026",
      "target_volume_mL": 0.18,
      "measured_volume_uL": 179.16666666666538,
      "target_volume_uL": 180.0,
      "aspirate_speed": 13,
      "dispense_speed": 11,
      "aspirate_wait_time": 0.0,
      "dispense_wait_time": 1.5,
      "pre_asp_air_vol": 0.14200000000000002,
      "retract_speed": 5.0,
      "blowout_vol": 0.0,
      "post_asp_air_vol": 0.0,
      "post_retract_wait_time": 0.0,
      "overaspirate_vol": 0.0045000000000000005
    },
    "trial_score": 0.1380078695172602,
    "trial_quality": "within_tolerance"
  },
  {
    "measurement_id": "measurement_1771726821714756_1",
    "parameters": {
      "calibration": {
        "overaspirate_vol": 0.0045000000000000005
      },
      "hardware": {
        "parameters": {
          "aspirate_speed": 13,
          "dispense_speed": 11,
          "aspirate_wait_time": 0.0,
          "pre_asp_air_vol": 0.14200000000000002
        }
      }
    },
    "target_volume_ml": 0.18,
    "measured_volume_ml": 0.1794416666666656,
    "duration_s": 15.787669499986805,
    "timestamp": 1771726821.714756,
    "replicate_id": 1,
    "metadata": {
      "replicate": 1,
      "volume": 0.1794416666666656,
      "elapsed_s": 15.787669499986805,
      "start_time": "2026-02-21T21:20:05.923026",
      "end_time": "2026-02-21T21:20:21.714756",
      "target_volume_mL": 0.18,
      "measured_volume_uL": 179.4416666666656,
      "target_volume_uL": 180.0,
      "aspirate_speed": 13,
      "dispense_speed": 11,
      "aspirate_wait_time": 0.0,
      "dispense_wait_time": 1.5,
      "pre_asp_air_vol": 0.14200000000000002,
      "retract_speed": 5.0,
      "blowout_vol": 0.0,
      "post_asp_air_vol": 0.0,
      "post_retract_wait_time": 0.0,
      "overaspirate_vol": 0.0045000000000000005
    },
    "trial_score": 0.1380078695172602,
    "trial_quality": "within_tolerance"
  },
  {
    "measurement_id": "measurement_1771726836923198_1",
    "parameters": {
      "calibration": {
        "overaspirate_vol": 0.0045000000000000005
      },
      "hardware": {
        "parameters": {
          "aspirate_speed": 13,
          "dispense_speed": 11,
          "aspirate_wait_time": 0.0,
          "pre_asp_air_vol": 0.14200000000000002
        }
      }
    },
    "target_volume_ml": 0.13,
    "measured_volume_ml": 0.13033333333333275,
    "duration_s": 15.178864700021222,
    "timestamp": 1771726836.9231987,
    "replicate_id": 1,
    "metadata": {
      "replicate": 1,
      "volume": 0.13033333333333275,
      "elapsed_s": 15.178864700021222,
      "start_time": "2026-02-21T21:20:21.745330",
      "end_time": "2026-02-21T21:20:36.923198",
      "target_volume_mL": 0.13,
      "measured_volume_uL": 130.33333333333275,
      "target_volume_uL": 130.0,
      "aspirate_speed": 13,
      "dispense_speed": 11,
      "aspirate_wait_time": 0.0,
      "dispense_wait_time": 1.5,
      "pre_asp_air_vol": 0.14200000000000002,
      "retract_speed": 5.0,
      "blowout_vol": 0.0,
      "post_asp_air_vol": 0.0,
      "post_retract_wait_time": 0.0,
      "overaspirate_vol": 0.0045000000000000005
    },
    "trial_score": 0.6018782669486976,
    "trial_quality": "within_tolerance"
  },
  {
    "measurement_id": "measurement_1771726852100502_1",
    "parameters": {
      "calibration": {
        "overaspirate_vol": 0.0015666666666672591
      },
      "hardware": {
        "parameters": {
          "aspirate_speed": 13,
          "dispense_speed": 11,
          "aspirate_wait_time": 0.0,
          "pre_asp_air_vol": 0.14200000000000002
        }
      }
    },
    "target_volume_ml": 0.13,
    "measured_volume_ml": 0.1272999999999982,
    "duration_s": 15.183093499974348,
    "timestamp": 1771726852.1005025,
    "replicate_id": 1,
    "metadata": {
      "replicate": 1,
      "volume": 0.1272999999999982,
      "elapsed_s": 15.183093499974348,
      "start_time": "2026-02-21T21:20:36.923198",
      "end_time": "2026-02-21T21:20:52.100502",
      "target_volume_mL": 0.13,
      "measured_volume_uL": 127.29999999999819,
      "target_volume_uL": 130.0,
      "aspirate_speed": 13,
      "dispense_speed": 11,
      "aspirate_wait_time": 0.0,
      "dispense_wait_time": 1.5,
      "pre_asp_air_vol": 0.14200000000000002,
      "retract_speed": 5.0,
      "blowout_vol": 0.0,
      "post_asp_air_vol": 0.0,
      "post_retract_wait_time": 0.0,
      "overaspirate_vol": 0.0015666666666672591
    },
    "trial_score": 0.9512513373076185,
    "trial_quality": "partial_tolerance"
  },
  {
    "measurement_id": "measurement_1771726867326365_1",
    "parameters": {
      "calibration": {
        "overaspirate_vol": 0.004177655677656441
      },
      "hardware": {
        "parameters": {
          "aspirate_speed": 13,
          "dispense_speed": 11,
          "aspirate_wait_time": 0.0,
          "pre_asp_air_vol": 0.14200000000000002
        }
      }
    },
    "target_volume_ml": 0.13,
    "measured_volume_ml": 0.13000000000000078,
    "duration_s": 15.21068129997002,
    "timestamp": 1771726867.3263655,
    "replicate_id": 1,
    "metadata": {
      "replicate": 1,
      "volume": 0.13000000000000078,
      "elapsed_s": 15.21068129997002,
      "start_time": "2026-02-21T21:20:52.116894",
      "end_time": "2026-02-21T21:21:07.326365",
      "target_volume_mL": 0.13,
      "measured_volume_uL": 130.0000000000008,
      "target_volume_uL": 130.0,
      "aspirate_speed": 13,
      "dispense_speed": 11,
      "aspirate_wait_time": 0.0,
      "dispense_wait_time": 1.5,
      "pre_asp_air_vol": 0.14200000000000002,
      "retract_speed": 5.0,
      "blowout_vol": 0.0,
      "post_asp_air_vol": 0.0,
      "post_retract_wait_time": 0.0,
      "overaspirate_vol": 0.004177655677656441
    },
    "trial_score": 0.0996681128841343,
    "trial_quality": "within_tolerance"
  },
  {
    "measurement_id": "measurement_1771726882523325_1",
    "parameters": {
      "calibration": {
        "overaspirate_vol": 0.004177655677656441
      },
      "hardware": {
        "parameters": {
          "aspirate_speed": 13,
          "dispense_speed": 11,
          "aspirate_wait_time": 0.0,
          "pre_asp_air_vol": 0.14200000000000002
        }
      }
    },
    "target_volume_ml": 0.13,
    "measured_volume_ml": 0.12989999999999924,
    "duration_s": 15.19681049999781,
    "timestamp": 1771726882.5233252,
    "replicate_id": 1,
    "metadata": {
      "replicate": 1,
      "volume": 0.12989999999999924,
      "elapsed_s": 15.19681049999781,
      "start_time": "2026-02-21T21:21:07.326365",
      "end_time": "2026-02-21T21:21:22.523325",
      "target_volume_mL": 0.13,
      "measured_volume_uL": 129.89999999999924,
      "target_volume_uL": 130.0,
      "aspirate_speed": 13,
      "dispense_speed": 11,
      "aspirate_wait_time": 0.0,
      "dispense_wait_time": 1.5,
      "pre_asp_air_vol": 0.14200000000000002,
      "retract_speed": 5.0,
      "blowout_vol": 0.0,
      "post_asp_air_vol": 0.0,
      "post_retract_wait_time": 0.0,
      "overaspirate_vol": 0.004177655677656441
    },
    "trial_score": 0.0996681128841343,
    "trial_quality": "within_tolerance"
  },
  {
    "measurement_id": "measurement_1771726897730480_1",
    "parameters": {
      "calibration": {
        "overaspirate_vol": 0.004177655677656441
      },
      "hardware": {
        "parameters": {
          "aspirate_speed": 13,
          "dispense_speed": 11,
          "aspirate_wait_time": 0.0,
          "pre_asp_air_vol": 0.14200000000000002
        }
      }
    },
    "target_volume_ml": 0.13,
    "measured_volume_ml": 0.13025999999999982,
    "duration_s": 15.203920400002971,
    "timestamp": 1771726897.7304802,
    "replicate_id": 1,
    "metadata": {
      "replicate": 1,
      "volume": 0.13025999999999982,
      "elapsed_s": 15.203920400002971,
      "start_time": "2026-02-21T21:21:22.523325",
      "end_time": "2026-02-21T21:21:37.730480",
      "target_volume_mL": 0.13,
      "measured_volume_uL": 130.25999999999982,
      "target_volume_uL": 130.0,
      "aspirate_speed": 13,
      "dispense_speed": 11,
      "aspirate_wait_time": 0.0,
      "dispense_wait_time": 1.5,
      "pre_asp_air_vol": 0.14200000000000002,
      "retract_speed": 5.0,
      "blowout_vol": 0.0,
      "post_asp_air_vol": 0.0,
      "post_retract_wait_time": 0.0,
      "overaspirate_vol": 0.004177655677656441
    },
    "trial_score": 0.0996681128841343,
    "trial_quality": "within_tolerance"
  },
  {
    "measurement_id": "measurement_1771726912945673_1",
    "parameters": {
      "calibration": {
        "overaspirate_vol": 0.004177655677656441
      },
      "hardware": {
        "parameters": {
          "aspirate_speed": 13,
          "dispense_speed": 11,
          "aspirate_wait_time": 0.0,
          "pre_asp_air_vol": 0.14200000000000002
        }
      }
    },
    "target_volume_ml": 0.13,
    "measured_volume_ml": 0.13030000000000186,
    "duration_s": 15.220542800030671,
    "timestamp": 1771726912.945673,
    "replicate_id": 1,
    "metadata": {
      "replicate": 1,
      "volume": 0.13030000000000186,
      "elapsed_s": 15.220542800030671,
      "start_time": "2026-02-21T21:21:37.732481",
      "end_time": "2026-02-21T21:21:52.945672",
      "target_volume_mL": 0.13,
      "measured_volume_uL": 130.30000000000186,
      "target_volume_uL": 130.0,
      "aspirate_speed": 13,
      "dispense_speed": 11,
      "aspirate_wait_time": 0.0,
      "dispense_wait_time": 1.5,
      "pre_asp_air_vol": 0.14200000000000002,
      "retract_speed": 5.0,
      "blowout_vol": 0.0,
      "post_asp_air_vol": 0.0,
      "post_retract_wait_time": 0.0,
      "overaspirate_vol": 0.004177655677656441
    },
    "trial_score": 0.0996681128841343,
    "trial_quality": "within_tolerance"
  },
  {
    "measurement_id": "measurement_1771726928100509_1",
    "parameters": {
      "calibration": {
        "overaspirate_vol": 0.004177655677656441
      },
      "hardware": {
        "parameters": {
          "aspirate_speed": 13,
          "dispense_speed": 11,
          "aspirate_wait_time": 0.0,
          "pre_asp_air_vol": 0.14200000000000002
        }
      }
    },
    "target_volume_ml": 0.13,
    "measured_volume_ml": 0.13006666666666789,
    "duration_s": 15.158851600019261,
    "timestamp": 1771726928.1005092,
    "replicate_id": 1,
    "metadata": {
      "replicate": 1,
      "volume": 0.13006666666666789,
      "elapsed_s": 15.158851600019261,
      "start_time": "2026-02-21T21:21:52.954090",
      "end_time": "2026-02-21T21:22:08.100509",
      "target_volume_mL": 0.13,
      "measured_volume_uL": 130.06666666666789,
      "target_volume_uL": 130.0,
      "aspirate_speed": 13,
      "dispense_speed": 11,
      "aspirate_wait_time": 0.0,
      "dispense_wait_time": 1.5,
      "pre_asp_air_vol": 0.14200000000000002,
      "retract_speed": 5.0,
      "blowout_vol": 0.0,
      "post_asp_air_vol": 0.0,
      "post_retract_wait_time": 0.0,
      "overaspirate_vol": 0.004177655677656441
    },
    "trial_score": 0.0996681128841343,
    "trial_quality": "within_tolerance"
  },
  {
    "measurement_id": "measurement_1771726942927457_1",
    "parameters": {
      "calibration": {
        "overaspirate_vol": 0.0045000000000000005
      },
      "hardware": {
        "parameters": {
          "aspirate_speed": 13,
          "dispense_speed": 11,
          "aspirate_wait_time": 0.0,
          "pre_asp_air_vol": 0.14200000000000002
        }
      }
    },
    "target_volume_ml": 0.08,
    "measured_volume_ml": 0.08140000000000214,
    "duration_s": 14.806194900011178,
    "timestamp": 1771726942.9274573,
    "replicate_id": 1,
    "metadata": {
      "replicate": 1,
      "volume": 0.08140000000000214,
      "elapsed_s": 14.806194900011178,
      "start_time": "2026-02-21T21:22:08.122975",
      "end_time": "2026-02-21T21:22:22.927457",
      "target_volume_mL": 0.08,
      "measured_volume_uL": 81.40000000000214,
      "target_volume_uL": 80.0,
      "aspirate_speed": 13,
      "dispense_speed": 11,
      "aspirate_wait_time": 0.0,
      "dispense_wait_time": 1.5,
      "pre_asp_air_vol": 0.14200000000000002,
      "retract_speed": 5.0,
      "blowout_vol": 0.0,
      "post_asp_air_vol": 0.0,
      "post_retract_wait_time": 0.0,
      "overaspirate_vol": 0.0045000000000000005
    },
    "trial_score": 0.8993539830005711,
    "trial_quality": "within_tolerance"
  },
  {
    "measurement_id": "measurement_1771726957699448_1",
    "parameters": {
      "calibration": {
        "overaspirate_vol": 0.001499999999997865
      },
      "hardware": {
        "parameters": {
          "aspirate_speed": 13,
          "dispense_speed": 11,
          "aspirate_wait_time": 0.0,
          "pre_asp_air_vol": 0.14200000000000002
        }
      }
    },
    "target_volume_ml": 0.08,
    "measured_volume_ml": 0.07840000000000025,
    "duration_s": 14.770393799990416,
    "timestamp": 1771726957.699448,
    "replicate_id": 1,
    "metadata": {
      "replicate": 1,
      "volume": 0.07840000000000025,
      "elapsed_s": 14.770393799990416,
      "start_time": "2026-02-21T21:22:22.927457",
      "end_time": "2026-02-21T21:22:37.699448",
      "target_volume_mL": 0.08,
      "measured_volume_uL": 78.40000000000025,
      "target_volume_uL": 80.0,
      "aspirate_speed": 13,
      "dispense_speed": 11,
      "aspirate_wait_time": 0.0,
      "dispense_wait_time": 1.5,
      "pre_asp_air_vol": 0.14200000000000002,
      "retract_speed": 5.0,
      "blowout_vol": 0.0,
      "post_asp_air_vol": 0.0,
      "post_retract_wait_time": 0.0,
      "overaspirate_vol": 0.001499999999997865
    },
    "trial_score": 0.9492346459999067,
    "trial_quality": "within_tolerance"
  },
  {
    "measurement_id": "measurement_1771726972509454_1",
    "parameters": {
      "calibration": {
        "overaspirate_vol": 0.003099999999997749
      },
      "hardware": {
        "parameters": {
          "aspirate_speed": 13,
          "dispense_speed": 11,
          "aspirate_wait_time": 0.0,
          "pre_asp_air_vol": 0.14200000000000002
        }
      }
    },
    "target_volume_ml": 0.08,
    "measured_volume_ml": 0.08071666666666566,
    "duration_s": 14.802398199972231,
    "timestamp": 1771726972.509454,
    "replicate_id": 1,
    "metadata": {
      "replicate": 1,
      "volume": 0.08071666666666566,
      "elapsed_s": 14.802398199972231,
      "start_time": "2026-02-21T21:22:37.707622",
      "end_time": "2026-02-21T21:22:52.509454",
      "target_volume_mL": 0.08,
      "measured_volume_uL": 80.71666666666566,
      "target_volume_uL": 80.0,
      "aspirate_speed": 13,
      "dispense_speed": 11,
      "aspirate_wait_time": 0.0,
      "dispense_wait_time": 1.5,
      "pre_asp_air_vol": 0.14200000000000002,
      "retract_speed": 5.0,
      "blowout_vol": 0.0,
      "post_asp_air_vol": 0.0,
      "post_retract_wait_time": 0.0,
      "overaspirate_vol": 0.003099999999997749
    },
    "trial_score": 0.23522358059994472,
    "trial_quality": "within_tolerance"
  },
  {
    "measurement_id": "measurement_1771726987106559_1",
    "parameters": {
      "calibration": {
        "overaspirate_vol": 0.003099999999997749
      },
      "hardware": {
        "parameters": {
          "aspirate_speed": 13,
          "dispense_speed": 11,
          "aspirate_wait_time": 0.0,
          "pre_asp_air_vol": 0.14200000000000002
        }
      }
    },
    "target_volume_ml": 0.08,
    "measured_volume_ml": 0.08050000000000068,
    "duration_s": 14.5980239000055,
    "timestamp": 1771726987.1065595,
    "replicate_id": 1,
    "metadata": {
      "replicate": 1,
      "volume": 0.08050000000000068,
      "elapsed_s": 14.5980239000055,
      "start_time": "2026-02-21T21:22:52.509454",
      "end_time": "2026-02-21T21:23:07.106559",
      "target_volume_mL": 0.08,
      "measured_volume_uL": 80.50000000000068,
      "target_volume_uL": 80.0,
      "aspirate_speed": 13,
      "dispense_speed": 11,
      "aspirate_wait_time": 0.0,
      "dispense_wait_time": 1.5,
      "pre_asp_air_vol": 0.14200000000000002,
      "retract_speed": 5.0,
      "blowout_vol": 0.0,
      "post_asp_air_vol": 0.0,
      "post_retract_wait_time": 0.0,
      "overaspirate_vol": 0.003099999999997749
    },
    "trial_score": 0.23522358059994472,
    "trial_quality": "within_tolerance"
  },
  {
    "measurement_id": "measurement_1771727001906661_1",
    "parameters": {
      "calibration": {
        "overaspirate_vol": 0.003099999999997749
      },
      "hardware": {
        "parameters": {
          "aspirate_speed": 13,
          "dispense_speed": 11,
          "aspirate_wait_time": 0.0,
          "pre_asp_air_vol": 0.14200000000000002
        }
      }
    },
    "target_volume_ml": 0.08,
    "measured_volume_ml": 0.07997999999999905,
    "duration_s": 14.797077700030059,
    "timestamp": 1771727001.9066613,
    "replicate_id": 1,
    "metadata": {
      "replicate": 1,
      "volume": 0.07997999999999905,
      "elapsed_s": 14.797077700030059,
      "start_time": "2026-02-21T21:23:07.106559",
      "end_time": "2026-02-21T21:23:21.906661",
      "target_volume_mL": 0.08,
      "measured_volume_uL": 79.97999999999905,
      "target_volume_uL": 80.0,
      "aspirate_speed": 13,
      "dispense_speed": 11,
      "aspirate_wait_time": 0.0,
      "dispense_wait_time": 1.5,
      "pre_asp_air_vol": 0.14200000000000002,
      "retract_speed": 5.0,
      "blowout_vol": 0.0,
      "post_asp_air_vol": 0.0,
      "post_retract_wait_time": 0.0,
      "overaspirate_vol": 0.003099999999997749
    },
    "trial_score": 0.23522358059994472,
    "trial_quality": "within_tolerance"
  },
  {
    "measurement_id": "measurement_1771727016500754_1",
    "parameters": {
      "calibration": {
        "overaspirate_vol": 0.003099999999997749
      },
      "hardware": {
        "parameters": {
          "aspirate_speed": 13,
          "dispense_speed": 11,
          "aspirate_wait_time": 0.0,
          "pre_asp_air_vol": 0.14200000000000002
        }
      }
    },
    "target_volume_ml": 0.08,
    "measured_volume_ml": 0.07969999999999722,
    "duration_s": 14.593203899974469,
    "timestamp": 1771727016.5007544,
    "replicate_id": 1,
    "metadata": {
      "replicate": 1,
      "volume": 0.07969999999999722,
      "elapsed_s": 14.593203899974469,
      "start_time": "2026-02-21T21:23:21.906661",
      "end_time": "2026-02-21T21:23:36.500754",
      "target_volume_mL": 0.08,
      "measured_volume_uL": 79.69999999999722,
      "target_volume_uL": 80.0,
      "aspirate_speed": 13,
      "dispense_speed": 11,
      "aspirate_wait_time": 0.0,
      "dispense_wait_time": 1.5,
      "pre_asp_air_vol": 0.14200000000000002,
      "retract_speed": 5.0,
      "blowout_vol": 0.0,
      "post_asp_air_vol": 0.0,
      "post_retract_wait_time": 0.0,
      "overaspirate_vol": 0.003099999999997749
    },
    "trial_score": 0.23522358059994472,
    "trial_quality": "within_tolerance"
  },
  {
    "measurement_id": "measurement_1771727031301705_1",
    "parameters": {
      "calibration": {
        "overaspirate_vol": 0.003099999999997749
      },
      "hardware": {
        "parameters": {
          "aspirate_speed": 13,
          "dispense_speed": 11,
          "aspirate_wait_time": 0.0,
          "pre_asp_air_vol": 0.14200000000000002
        }
      }
    },
    "target_volume_ml": 0.08,
    "measured_volume_ml": 0.08029999999999937,
    "duration_s": 14.799648599990178,
    "timestamp": 1771727031.3017051,
    "replicate_id": 1,
    "metadata": {
      "replicate": 1,
      "volume": 0.08029999999999937,
      "elapsed_s": 14.799648599990178,
      "start_time": "2026-02-21T21:23:36.500754",
      "end_time": "2026-02-21T21:23:51.301705",
      "target_volume_mL": 0.08,
      "measured_volume_uL": 80.29999999999937,
      "target_volume_uL": 80.0,
      "aspirate_speed": 13,
      "dispense_speed": 11,
      "aspirate_wait_time": 0.0,
      "dispense_wait_time": 1.5,
      "pre_asp_air_vol": 0.14200000000000002,
      "retract_speed": 5.0,
      "blowout_vol": 0.0,
      "post_asp_air_vol": 0.0,
      "post_retract_wait_time": 0.0,
      "overaspirate_vol": 0.003099999999997749
    },
    "trial_score": 0.23522358059994472,
    "trial_quality": "within_tolerance"
  }
]