{
  "experiment_name": "multi_volume_calibration_test",
  "total_measurements": 96,
  "total_duration_s": 8159.7557673454285,
  "overall_statistics": {
    "num_trials": 50,
    "mean_score": 1.6305625413994735,
    "median_score": 1.2922674990986054,
    "min_score": 0.40790951537570963,
    "max_score": 3.1917442108513967,
    "stdev_score": 0.6760086986605518,
    "within_tolerance_count": 6,
    "partial_tolerance_count": 12,
    "outside_tolerance_count": 32,
    "success_rate": 0.12
  },
  "volume_count": 3
}