{
  "experiment_name": "multi_volume_calibration_test",
  "simulation_mode": false,
  "total_measurements": 93,
  "total_duration_s": 1853.3755512237549,
  "overall_statistics": {
    "num_trials": 28,
    "mean_score": 0.8888869524551422,
    "median_score": 0.6257770864836437,
    "min_score": 0.16746055373532429,
    "max_score": 2.3443114673312966,
    "stdev_score": 0.6497040031563922,
    "within_tolerance_count": 11,
    "partial_tolerance_count": 11,
    "outside_tolerance_count": 6,
    "success_rate": 0.39285714285714285
  },
  "volume_count": 4
}