{
  "experiment_name": "multi_volume_calibration_test",
  "simulation_mode": false,
  "total_measurements": 74,
  "total_duration_s": 1595.5833113193512,
  "overall_statistics": {
    "num_trials": 33,
    "mean_score": 1.0616375927686115,
    "median_score": 0.95953145402526,
    "min_score": 0.17290486880221337,
    "max_score": 2.131541569135232,
    "stdev_score": 0.6151300821850836,
    "within_tolerance_count": 8,
    "partial_tolerance_count": 12,
    "outside_tolerance_count": 13,
    "success_rate": 0.24242424242424243
  },
  "volume_count": 4
}