wellplate_index,well_type,control_type,surf_A,surf_B,surf_A_conc_mm,surf_B_conc_mm,substock_A_name,substock_A_conc_mm,surf_A_volume_ul,substock_B_name,substock_B_conc_mm,surf_B_volume_ul,water_volume_ul,buffer_volume_ul,buffer_used,pyrene_volume_ul,replicate
0,control,surfactant_A_stock,SDS,TTAB,50.0,,SDS_stock,50.0,200.0,,,0.0,0.0,0.0,,5,1
1,control,surfactant_B_stock,SDS,TTAB,,50.0,,,0.0,TTAB_stock,50.0,200.0,0.0,0.0,,5,1
2,control,water_blank,SDS,TTAB,,,,,0.0,,,0.0,200.0,0.0,,5,1
3,experiment,experiment,SDS,TTAB,4.821250571423044,0.2213676087762045,SDS_stock,50.0,19.285002285692176,TTAB_dilution_1,0.7000000000000001,63.247888221772705,117.46710949253512,0.0,,5,1
4,experiment,experiment,SDS,TTAB,4.821250571423044,0.39445514889283,SDS_stock,50.0,19.285002285692176,TTAB_dilution_0,5.0,15.7782059557132,164.9367917585946,0.0,,5,1
5,experiment,experiment,SDS,TTAB,4.821250571423044,0.7028799983351045,SDS_stock,50.0,19.285002285692176,TTAB_dilution_0,5.0,28.11519993340418,152.59979778090366,0.0,,5,1
6,experiment,experiment,SDS,TTAB,4.821250571423044,1.2524625257047484,SDS_stock,50.0,19.285002285692176,TTAB_dilution_0,5.0,50.098501028189936,130.6164966861179,0.0,,5,1
7,experiment,experiment,SDS,TTAB,4.821250571423044,2.2317641446767182,SDS_stock,50.0,19.285002285692176,TTAB_dilution_0,5.0,89.27056578706873,91.4444319272391,0.0,,5,1
8,experiment,experiment,SDS,TTAB,4.821250571423044,3.976782614443472,SDS_stock,50.0,19.285002285692176,TTAB_stock,50.0,15.907130457773887,164.80786725653394,0.0,,5,1
9,experiment,experiment,SDS,TTAB,4.821250571423044,7.0862326560187245,SDS_stock,50.0,19.285002285692176,TTAB_stock,50.0,28.3449306240749,152.3700670902329,0.0,,5,1
10,experiment,experiment,SDS,TTAB,4.821250571423044,12.62696459013097,SDS_stock,50.0,19.285002285692176,TTAB_stock,50.0,50.50785836052389,130.20713935378393,0.0,,5,1
11,experiment,experiment,SDS,TTAB,4.821250571423044,22.5,SDS_stock,50.0,19.285002285692176,TTAB_stock,50.0,90.0,90.71499771430783,0.0,,5,1
12,experiment,experiment,SDS,TTAB,5.845040910213282,0.2213676087762045,SDS_stock,50.0,23.380163640853127,TTAB_dilution_1,0.7000000000000001,63.247888221772705,113.37194813737418,0.0,,5,1
13,experiment,experiment,SDS,TTAB,5.845040910213282,0.39445514889283,SDS_stock,50.0,23.380163640853127,TTAB_dilution_0,5.0,15.7782059557132,160.84163040343367,0.0,,5,1
14,experiment,experiment,SDS,TTAB,5.845040910213282,0.7028799983351045,SDS_stock,50.0,23.380163640853127,TTAB_dilution_0,5.0,28.11519993340418,148.5046364257427,0.0,,5,1
15,experiment,experiment,SDS,TTAB,5.845040910213282,1.2524625257047484,SDS_stock,50.0,23.380163640853127,TTAB_dilution_0,5.0,50.098501028189936,126.52133533095693,0.0,,5,1
16,experiment,experiment,SDS,TTAB,5.845040910213282,2.2317641446767182,SDS_stock,50.0,23.380163640853127,TTAB_dilution_0,5.0,89.27056578706873,87.34927057207814,0.0,,5,1
17,experiment,experiment,SDS,TTAB,5.845040910213282,3.976782614443472,SDS_stock,50.0,23.380163640853127,TTAB_stock,50.0,15.907130457773887,160.712705901373,0.0,,5,1
18,experiment,experiment,SDS,TTAB,5.845040910213282,7.0862326560187245,SDS_stock,50.0,23.380163640853127,TTAB_stock,50.0,28.3449306240749,148.27490573507197,0.0,,5,1
19,experiment,experiment,SDS,TTAB,5.845040910213282,12.62696459013097,SDS_stock,50.0,23.380163640853127,TTAB_stock,50.0,50.50785836052389,126.11197799862299,0.0,,5,1
20,experiment,experiment,SDS,TTAB,5.845040910213282,22.5,SDS_stock,50.0,23.380163640853127,TTAB_stock,50.0,90.0,86.61983635914687,0.0,,5,1
21,experiment,experiment,SDS,TTAB,7.0862326560187245,0.2213676087762045,SDS_stock,50.0,28.3449306240749,TTAB_dilution_1,0.7000000000000001,63.247888221772705,108.4071811541524,0.0,,5,1
22,experiment,experiment,SDS,TTAB,7.0862326560187245,0.39445514889283,SDS_stock,50.0,28.3449306240749,TTAB_dilution_0,5.0,15.7782059557132,155.8768634202119,0.0,,5,1
23,experiment,experiment,SDS,TTAB,7.0862326560187245,0.7028799983351045,SDS_stock,50.0,28.3449306240749,TTAB_dilution_0,5.0,28.11519993340418,143.5398694425209,0.0,,5,1
24,experiment,experiment,SDS,TTAB,7.0862326560187245,1.2524625257047484,SDS_stock,50.0,28.3449306240749,TTAB_dilution_0,5.0,50.098501028189936,121.55656834773517,0.0,,5,1
25,experiment,experiment,SDS,TTAB,7.0862326560187245,2.2317641446767182,SDS_stock,50.0,28.3449306240749,TTAB_dilution_0,5.0,89.27056578706873,82.38450358885636,0.0,,5,1
26,experiment,experiment,SDS,TTAB,7.0862326560187245,3.976782614443472,SDS_stock,50.0,28.3449306240749,TTAB_stock,50.0,15.907130457773887,155.74793891815122,0.0,,5,1
27,experiment,experiment,SDS,TTAB,7.0862326560187245,7.0862326560187245,SDS_stock,50.0,28.3449306240749,TTAB_stock,50.0,28.3449306240749,143.3101387518502,0.0,,5,1
28,experiment,experiment,SDS,TTAB,7.0862326560187245,12.62696459013097,SDS_stock,50.0,28.3449306240749,TTAB_stock,50.0,50.50785836052389,121.14721101540121,0.0,,5,1
29,experiment,experiment,SDS,TTAB,7.0862326560187245,22.5,SDS_stock,50.0,28.3449306240749,TTAB_stock,50.0,90.0,81.6550693759251,0.0,,5,1
30,experiment,experiment,SDS,TTAB,8.590990897511762,0.2213676087762045,SDS_stock,50.0,34.36396359004705,TTAB_dilution_1,0.7000000000000001,63.247888221772705,102.38814818818025,0.0,,5,1
31,experiment,experiment,SDS,TTAB,8.590990897511762,0.39445514889283,SDS_stock,50.0,34.36396359004705,TTAB_dilution_0,5.0,15.7782059557132,149.85783045423975,0.0,,5,1
32,experiment,experiment,SDS,TTAB,8.590990897511762,0.7028799983351045,SDS_stock,50.0,34.36396359004705,TTAB_dilution_0,5.0,28.11519993340418,137.52083647654877,0.0,,5,1
33,experiment,experiment,SDS,TTAB,8.590990897511762,1.2524625257047484,SDS_stock,50.0,34.36396359004705,TTAB_dilution_0,5.0,50.098501028189936,115.537535381763,0.0,,5,1
34,experiment,experiment,SDS,TTAB,8.590990897511762,2.2317641446767182,SDS_stock,50.0,34.36396359004705,TTAB_dilution_0,5.0,89.27056578706873,76.36547062288422,0.0,,5,1
35,experiment,experiment,SDS,TTAB,8.590990897511762,3.976782614443472,SDS_stock,50.0,34.36396359004705,TTAB_stock,50.0,15.907130457773887,149.72890595217905,0.0,,5,1
36,experiment,experiment,SDS,TTAB,8.590990897511762,7.0862326560187245,SDS_stock,50.0,34.36396359004705,TTAB_stock,50.0,28.3449306240749,137.29110578587805,0.0,,5,1
37,experiment,experiment,SDS,TTAB,8.590990897511762,12.62696459013097,SDS_stock,50.0,34.36396359004705,TTAB_stock,50.0,50.50785836052389,115.12817804942907,0.0,,5,1
38,experiment,experiment,SDS,TTAB,8.590990897511762,22.5,SDS_stock,50.0,34.36396359004705,TTAB_stock,50.0,90.0,75.63603640995295,0.0,,5,1
39,experiment,experiment,SDS,TTAB,10.415283858686644,0.2213676087762045,SDS_stock,50.0,41.661135434746576,TTAB_dilution_1,0.7000000000000001,63.247888221772705,95.09097634348072,0.0,,5,1
40,experiment,experiment,SDS,TTAB,10.415283858686644,0.39445514889283,SDS_stock,50.0,41.661135434746576,TTAB_dilution_0,5.0,15.7782059557132,142.5606586095402,0.0,,5,1
41,experiment,experiment,SDS,TTAB,10.415283858686644,0.7028799983351045,SDS_stock,50.0,41.661135434746576,TTAB_dilution_0,5.0,28.11519993340418,130.22366463184926,0.0,,5,1
42,experiment,experiment,SDS,TTAB,10.415283858686644,1.2524625257047484,SDS_stock,50.0,41.661135434746576,TTAB_dilution_0,5.0,50.098501028189936,108.24036353706349,0.0,,5,1
43,experiment,experiment,SDS,TTAB,10.415283858686644,2.2317641446767182,SDS_stock,50.0,41.661135434746576,TTAB_dilution_0,5.0,89.27056578706873,69.0682987781847,0.0,,5,1
44,experiment,experiment,SDS,TTAB,10.415283858686644,3.976782614443472,SDS_stock,50.0,41.661135434746576,TTAB_stock,50.0,15.907130457773887,142.43173410747954,0.0,,5,1
45,experiment,experiment,SDS,TTAB,10.415283858686644,7.0862326560187245,SDS_stock,50.0,41.661135434746576,TTAB_stock,50.0,28.3449306240749,129.9939339411785,0.0,,5,1
46,experiment,experiment,SDS,TTAB,10.415283858686644,12.62696459013097,SDS_stock,50.0,41.661135434746576,TTAB_stock,50.0,50.50785836052389,107.83100620472953,0.0,,5,1
47,experiment,experiment,SDS,TTAB,10.415283858686644,22.5,SDS_stock,50.0,41.661135434746576,TTAB_stock,50.0,90.0,68.33886456525343,0.0,,5,1
48,experiment,experiment,SDS,TTAB,12.62696459013097,0.2213676087762045,SDS_stock,50.0,50.50785836052389,TTAB_dilution_1,0.7000000000000001,63.247888221772705,86.2442534177034,0.0,,5,1
49,experiment,experiment,SDS,TTAB,12.62696459013097,0.39445514889283,SDS_stock,50.0,50.50785836052389,TTAB_dilution_0,5.0,15.7782059557132,133.7139356837629,0.0,,5,1
50,experiment,experiment,SDS,TTAB,12.62696459013097,0.7028799983351045,SDS_stock,50.0,50.50785836052389,TTAB_dilution_0,5.0,28.11519993340418,121.37694170607193,0.0,,5,1
51,experiment,experiment,SDS,TTAB,12.62696459013097,1.2524625257047484,SDS_stock,50.0,50.50785836052389,TTAB_dilution_0,5.0,50.098501028189936,99.39364061128617,0.0,,5,1
52,experiment,experiment,SDS,TTAB,12.62696459013097,2.2317641446767182,SDS_stock,50.0,50.50785836052389,TTAB_dilution_0,5.0,89.27056578706873,60.22157585240737,0.0,,5,1
53,experiment,experiment,SDS,TTAB,12.62696459013097,3.976782614443472,SDS_stock,50.0,50.50785836052389,TTAB_stock,50.0,15.907130457773887,133.5850111817022,0.0,,5,1
54,experiment,experiment,SDS,TTAB,12.62696459013097,7.0862326560187245,SDS_stock,50.0,50.50785836052389,TTAB_stock,50.0,28.3449306240749,121.14721101540121,0.0,,5,1
55,experiment,experiment,SDS,TTAB,12.62696459013097,12.62696459013097,SDS_stock,50.0,50.50785836052389,TTAB_stock,50.0,50.50785836052389,98.98428327895222,0.0,,5,1
56,experiment,experiment,SDS,TTAB,12.62696459013097,22.5,SDS_stock,50.0,50.50785836052389,TTAB_stock,50.0,90.0,59.4921416394761,0.0,,5,1
57,experiment,experiment,SDS,TTAB,15.308294706480188,0.2213676087762045,SDS_stock,50.0,61.23317882592075,TTAB_dilution_1,0.7000000000000001,63.247888221772705,75.51893295230654,0.0,,5,1
58,experiment,experiment,SDS,TTAB,15.308294706480188,0.39445514889283,SDS_stock,50.0,61.23317882592075,TTAB_dilution_0,5.0,15.7782059557132,122.98861521836605,0.0,,5,1
59,experiment,experiment,SDS,TTAB,15.308294706480188,0.7028799983351045,SDS_stock,50.0,61.23317882592075,TTAB_dilution_0,5.0,28.11519993340418,110.65162124067507,0.0,,5,1
60,experiment,experiment,SDS,TTAB,15.308294706480188,1.2524625257047484,SDS_stock,50.0,61.23317882592075,TTAB_dilution_0,5.0,50.098501028189936,88.66832014588931,0.0,,5,1
61,experiment,experiment,SDS,TTAB,15.308294706480188,2.2317641446767182,SDS_stock,50.0,61.23317882592075,TTAB_dilution_0,5.0,89.27056578706873,49.49625538701051,0.0,,5,1
62,experiment,experiment,SDS,TTAB,15.308294706480188,3.976782614443472,SDS_stock,50.0,61.23317882592075,TTAB_stock,50.0,15.907130457773887,122.85969071630537,0.0,,5,1
63,experiment,experiment,SDS,TTAB,15.308294706480188,7.0862326560187245,SDS_stock,50.0,61.23317882592075,TTAB_stock,50.0,28.3449306240749,110.42189055000435,0.0,,5,1
64,experiment,experiment,SDS,TTAB,15.308294706480188,12.62696459013097,SDS_stock,50.0,61.23317882592075,TTAB_stock,50.0,50.50785836052389,88.25896281355536,0.0,,5,1
65,experiment,experiment,SDS,TTAB,15.308294706480188,22.5,SDS_stock,50.0,61.23317882592075,TTAB_stock,50.0,90.0,48.76682117407924,0.0,,5,1
66,experiment,experiment,SDS,TTAB,18.559004038358424,0.2213676087762045,SDS_stock,50.0,74.2360161534337,TTAB_dilution_1,0.7000000000000001,63.247888221772705,62.51609562479359,0.0,,5,1
67,experiment,experiment,SDS,TTAB,18.559004038358424,0.39445514889283,SDS_stock,50.0,74.2360161534337,TTAB_dilution_0,5.0,15.7782059557132,109.9857778908531,0.0,,5,1
68,experiment,experiment,SDS,TTAB,18.559004038358424,0.7028799983351045,SDS_stock,50.0,74.2360161534337,TTAB_dilution_0,5.0,28.11519993340418,97.64878391316212,0.0,,5,1
69,experiment,experiment,SDS,TTAB,18.559004038358424,1.2524625257047484,SDS_stock,50.0,74.2360161534337,TTAB_dilution_0,5.0,50.098501028189936,75.66548281837638,0.0,,5,1
70,experiment,experiment,SDS,TTAB,18.559004038358424,2.2317641446767182,SDS_stock,50.0,74.2360161534337,TTAB_dilution_0,5.0,89.27056578706873,36.49341805949757,0.0,,5,1
71,experiment,experiment,SDS,TTAB,18.559004038358424,3.976782614443472,SDS_stock,50.0,74.2360161534337,TTAB_stock,50.0,15.907130457773887,109.85685338879242,0.0,,5,1
72,experiment,experiment,SDS,TTAB,18.559004038358424,7.0862326560187245,SDS_stock,50.0,74.2360161534337,TTAB_stock,50.0,28.3449306240749,97.4190532224914,0.0,,5,1
73,experiment,experiment,SDS,TTAB,18.559004038358424,12.62696459013097,SDS_stock,50.0,74.2360161534337,TTAB_stock,50.0,50.50785836052389,75.25612548604241,0.0,,5,1
74,experiment,experiment,SDS,TTAB,18.559004038358424,22.5,SDS_stock,50.0,74.2360161534337,TTAB_stock,50.0,90.0,35.763983846566305,0.0,,5,1
75,experiment,experiment,SDS,TTAB,22.5,0.2213676087762045,SDS_stock,50.0,90.0,TTAB_dilution_1,0.7000000000000001,63.247888221772705,46.75211177822729,0.0,,5,1
76,experiment,experiment,SDS,TTAB,22.5,0.39445514889283,SDS_stock,50.0,90.0,TTAB_dilution_0,5.0,15.7782059557132,94.2217940442868,0.0,,5,1
77,experiment,experiment,SDS,TTAB,22.5,0.7028799983351045,SDS_stock,50.0,90.0,TTAB_dilution_0,5.0,28.11519993340418,81.88480006659582,0.0,,5,1
78,experiment,experiment,SDS,TTAB,22.5,1.2524625257047484,SDS_stock,50.0,90.0,TTAB_dilution_0,5.0,50.098501028189936,59.90149897181007,0.0,,5,1
79,experiment,experiment,SDS,TTAB,22.5,2.2317641446767182,SDS_stock,50.0,90.0,TTAB_dilution_0,5.0,89.27056578706873,20.729434212931267,0.0,,5,1
80,experiment,experiment,SDS,TTAB,22.5,3.976782614443472,SDS_stock,50.0,90.0,TTAB_stock,50.0,15.907130457773887,94.09286954222611,0.0,,5,1
81,experiment,experiment,SDS,TTAB,22.5,7.0862326560187245,SDS_stock,50.0,90.0,TTAB_stock,50.0,28.3449306240749,81.6550693759251,0.0,,5,1
82,experiment,experiment,SDS,TTAB,22.5,12.62696459013097,SDS_stock,50.0,90.0,TTAB_stock,50.0,50.50785836052389,59.4921416394761,0.0,,5,1
83,experiment,experiment,SDS,TTAB,22.5,22.5,SDS_stock,50.0,90.0,TTAB_stock,50.0,90.0,20.0,0.0,,5,1
84,control,surfactant_A_stock,SDS,TTAB,50.0,,SDS_stock,50.0,200.0,,,0.0,0.0,0.0,,5,1
85,control,surfactant_B_stock,SDS,TTAB,,50.0,,,0.0,TTAB_stock,50.0,200.0,0.0,0.0,,5,1
86,control,water_blank,SDS,TTAB,,,,,0.0,,,0.0,200.0,0.0,,5,1
