vial_name,surfactant,target_concentration_mm,needed_for_concentrations,source_vial,source_concentration_mm,source_volume_ml,water_volume_ml,final_volume_ml,dilution_factor
SDS_stock,SDS,50.0,4.82e+00,Unknown,Unknown,Unknown,Unknown,6.0,Unknown
TTAB_dilution_1,TTAB,0.7000000000000001,2.21e-01,TTAB_dilution_0,5.0,0.8400000000000001,5.16,6.0,7.142857142857142
TTAB_dilution_0,TTAB,5.0,3.94e-01,TTAB_stock,50,0.6,5.4,6.0,10.0
TTAB_stock,TTAB,50.0,3.98e+00,Unknown,Unknown,Unknown,Unknown,6.0,Unknown
