{
  "experiment_name": "multi_volume_calibration_test",
  "simulation_mode": false,
  "total_measurements": 96,
  "total_duration_s": 2846.3980169296265,
  "overall_statistics": {
    "num_trials": 28,
    "mean_score": 0.8063701316016124,
    "median_score": 0.9055891316665677,
    "min_score": 0.13278871972977652,
    "max_score": 2.228413101233758,
    "stdev_score": 0.558619140535574,
    "within_tolerance_count": 14,
    "partial_tolerance_count": 10,
    "outside_tolerance_count": 4,
    "success_rate": 0.5
  },
  "volume_count": 4
}