{
  "experiment_name": "multi_volume_calibration_test",
  "simulation_mode": false,
  "total_measurements": 66,
  "total_duration_s": 1397.7338769435883,
  "overall_statistics": {
    "num_trials": 18,
    "mean_score": 0.48036099434972146,
    "median_score": 0.5061987764044991,
    "min_score": 0.0803814011756079,
    "max_score": 0.9513267922820212,
    "stdev_score": 0.3084435667765853,
    "within_tolerance_count": 13,
    "partial_tolerance_count": 5,
    "outside_tolerance_count": 0,
    "success_rate": 0.7222222222222222
  },
  "volume_count": 3
}