[
  {
    "measurement_id": "measurement_1771862420318817_1",
    "parameters": {
      "calibration": {
        "overaspirate_vol": 0.006500000000000001
      },
      "hardware": {
        "parameters": {
          "aspirate_speed": 17,
          "dispense_speed": 8,
          "aspirate_wait_time": 0.7000000000000001,
          "pre_asp_air_vol": 0.126
        }
      }
    },
    "target_volume_ml": 0.18,
    "measured_volume_ml": 0.18302000000000085,
    "duration_s": 22.53454220003914,
    "timestamp": 1771862420.3188174,
    "replicate_id": 1,
    "metadata": {
      "replicate": 1,
      "volume": 0.18302000000000085,
      "elapsed_s": 22.53454220003914,
      "start_time": "2026-02-23T10:59:57.787150",
      "end_time": "2026-02-23T11:00:20.318817",
      "target_volume_mL": 0.18,
      "measured_volume_uL": 183.02000000000083,
      "target_volume_uL": 180.0,
      "aspirate_speed": 17,
      "dispense_speed": 8,
      "aspirate_wait_time": 0.7000000000000001,
      "dispense_wait_time": 1.5,
      "pre_asp_air_vol": 0.126,
      "retract_speed": 5.0,
      "blowout_vol": 0.0,
      "post_asp_air_vol": 0.0,
      "post_retract_wait_time": 0.0,
      "overaspirate_vol": 0.006500000000000001
    },
    "trial_score": 0.4753838580591593,
    "trial_quality": "within_tolerance"
  },
  {
    "measurement_id": "measurement_1771862441273153_1",
    "parameters": {
      "calibration": {
        "overaspirate_vol": 0.006500000000000001
      },
      "hardware": {
        "parameters": {
          "aspirate_speed": 17,
          "dispense_speed": 8,
          "aspirate_wait_time": 0.7000000000000001,
          "pre_asp_air_vol": 0.126
        }
      }
    },
    "target_volume_ml": 0.18,
    "measured_volume_ml": 0.18249999999999744,
    "duration_s": 20.947976999974344,
    "timestamp": 1771862441.2731535,
    "replicate_id": 1,
    "metadata": {
      "replicate": 1,
      "volume": 0.18249999999999744,
      "elapsed_s": 20.947976999974344,
      "start_time": "2026-02-23T11:00:20.318817",
      "end_time": "2026-02-23T11:00:41.273153",
      "target_volume_mL": 0.18,
      "measured_volume_uL": 182.49999999999744,
      "target_volume_uL": 180.0,
      "aspirate_speed": 17,
      "dispense_speed": 8,
      "aspirate_wait_time": 0.7000000000000001,
      "dispense_wait_time": 1.5,
      "pre_asp_air_vol": 0.126,
      "retract_speed": 5.0,
      "blowout_vol": 0.0,
      "post_asp_air_vol": 0.0,
      "post_retract_wait_time": 0.0,
      "overaspirate_vol": 0.006500000000000001
    },
    "trial_score": 0.4753838580591593,
    "trial_quality": "within_tolerance"
  },
  {
    "measurement_id": "measurement_1771862461804481_1",
    "parameters": {
      "calibration": {
        "overaspirate_vol": 0.006500000000000001
      },
      "hardware": {
        "parameters": {
          "aspirate_speed": 17,
          "dispense_speed": 8,
          "aspirate_wait_time": 0.7000000000000001,
          "pre_asp_air_vol": 0.126
        }
      }
    },
    "target_volume_ml": 0.18,
    "measured_volume_ml": 0.18329999999999913,
    "duration_s": 20.528901100042276,
    "timestamp": 1771862461.8044813,
    "replicate_id": 1,
    "metadata": {
      "replicate": 1,
      "volume": 0.18329999999999913,
      "elapsed_s": 20.528901100042276,
      "start_time": "2026-02-23T11:00:41.273153",
      "end_time": "2026-02-23T11:01:01.804481",
      "target_volume_mL": 0.18,
      "measured_volume_uL": 183.29999999999913,
      "target_volume_uL": 180.0,
      "aspirate_speed": 17,
      "dispense_speed": 8,
      "aspirate_wait_time": 0.7000000000000001,
      "dispense_wait_time": 1.5,
      "pre_asp_air_vol": 0.126,
      "retract_speed": 5.0,
      "blowout_vol": 0.0,
      "post_asp_air_vol": 0.0,
      "post_retract_wait_time": 0.0,
      "overaspirate_vol": 0.006500000000000001
    },
    "trial_score": 0.4753838580591593,
    "trial_quality": "within_tolerance"
  },
  {
    "measurement_id": "measurement_1771862482599539_1",
    "parameters": {
      "calibration": {
        "overaspirate_vol": 0.006500000000000001
      },
      "hardware": {
        "parameters": {
          "aspirate_speed": 17,
          "dispense_speed": 8,
          "aspirate_wait_time": 0.7000000000000001,
          "pre_asp_air_vol": 0.126
        }
      }
    },
    "target_volume_ml": 0.18,
    "measured_volume_ml": 0.18299999999999983,
    "duration_s": 20.807155399990734,
    "timestamp": 1771862482.599539,
    "replicate_id": 1,
    "metadata": {
      "replicate": 1,
      "volume": 0.18299999999999983,
      "elapsed_s": 20.807155399990734,
      "start_time": "2026-02-23T11:01:01.806483",
      "end_time": "2026-02-23T11:01:22.599539",
      "target_volume_mL": 0.18,
      "measured_volume_uL": 182.99999999999983,
      "target_volume_uL": 180.0,
      "aspirate_speed": 17,
      "dispense_speed": 8,
      "aspirate_wait_time": 0.7000000000000001,
      "dispense_wait_time": 1.5,
      "pre_asp_air_vol": 0.126,
      "retract_speed": 5.0,
      "blowout_vol": 0.0,
      "post_asp_air_vol": 0.0,
      "post_retract_wait_time": 0.0,
      "overaspirate_vol": 0.006500000000000001
    },
    "trial_score": 0.4753838580591593,
    "trial_quality": "within_tolerance"
  },
  {
    "measurement_id": "measurement_1771862503315730_1",
    "parameters": {
      "calibration": {
        "overaspirate_vol": 0.006500000000000001
      },
      "hardware": {
        "parameters": {
          "aspirate_speed": 17,
          "dispense_speed": 8,
          "aspirate_wait_time": 0.7000000000000001,
          "pre_asp_air_vol": 0.126
        }
      }
    },
    "target_volume_ml": 0.18,
    "measured_volume_ml": 0.18370000000000175,
    "duration_s": 20.699514399981126,
    "timestamp": 1771862503.3157306,
    "replicate_id": 1,
    "metadata": {
      "replicate": 1,
      "volume": 0.18370000000000175,
      "elapsed_s": 20.699514399981126,
      "start_time": "2026-02-23T11:01:22.615455",
      "end_time": "2026-02-23T11:01:43.315730",
      "target_volume_mL": 0.18,
      "measured_volume_uL": 183.70000000000175,
      "target_volume_uL": 180.0,
      "aspirate_speed": 17,
      "dispense_speed": 8,
      "aspirate_wait_time": 0.7000000000000001,
      "dispense_wait_time": 1.5,
      "pre_asp_air_vol": 0.126,
      "retract_speed": 5.0,
      "blowout_vol": 0.0,
      "post_asp_air_vol": 0.0,
      "post_retract_wait_time": 0.0,
      "overaspirate_vol": 0.006500000000000001
    },
    "trial_score": 0.4753838580591593,
    "trial_quality": "within_tolerance"
  },
  {
    "measurement_id": "measurement_1771862528992385_1",
    "parameters": {
      "calibration": {
        "overaspirate_vol": 0.0012000000000000001
      },
      "hardware": {
        "parameters": {
          "aspirate_speed": 14,
          "dispense_speed": 16,
          "aspirate_wait_time": 3.3000000000000003,
          "pre_asp_air_vol": 0.293
        }
      }
    },
    "target_volume_ml": 0.18,
    "measured_volume_ml": 0.1761999999999979,
    "duration_s": 25.666278499993496,
    "timestamp": 1771862528.9923854,
    "replicate_id": 1,
    "metadata": {
      "replicate": 1,
      "volume": 0.1761999999999979,
      "elapsed_s": 25.666278499993496,
      "start_time": "2026-02-23T11:01:43.336501",
      "end_time": "2026-02-23T11:02:08.992385",
      "target_volume_mL": 0.18,
      "measured_volume_uL": 176.1999999999979,
      "target_volume_uL": 180.0,
      "aspirate_speed": 14,
      "dispense_speed": 16,
      "aspirate_wait_time": 3.3000000000000003,
      "dispense_wait_time": 1.5,
      "pre_asp_air_vol": 0.293,
      "retract_speed": 5.0,
      "blowout_vol": 0.0,
      "post_asp_air_vol": 0.0,
      "post_retract_wait_time": 0.0,
      "overaspirate_vol": 0.0012000000000000001
    },
    "trial_score": 0.5331529356711966,
    "trial_quality": "partial_tolerance"
  },
  {
    "measurement_id": "measurement_1771862554390673_1",
    "parameters": {
      "calibration": {
        "overaspirate_vol": 0.0012000000000000001
      },
      "hardware": {
        "parameters": {
          "aspirate_speed": 14,
          "dispense_speed": 16,
          "aspirate_wait_time": 3.3000000000000003,
          "pre_asp_air_vol": 0.293
        }
      }
    },
    "target_volume_ml": 0.18,
    "measured_volume_ml": 0.17550000000000132,
    "duration_s": 25.400821499992162,
    "timestamp": 1771862554.390673,
    "replicate_id": 1,
    "metadata": {
      "replicate": 1,
      "volume": 0.17550000000000132,
      "elapsed_s": 25.400821499992162,
      "start_time": "2026-02-23T11:02:08.992385",
      "end_time": "2026-02-23T11:02:34.390672",
      "target_volume_mL": 0.18,
      "measured_volume_uL": 175.5000000000013,
      "target_volume_uL": 180.0,
      "aspirate_speed": 14,
      "dispense_speed": 16,
      "aspirate_wait_time": 3.3000000000000003,
      "dispense_wait_time": 1.5,
      "pre_asp_air_vol": 0.293,
      "retract_speed": 5.0,
      "blowout_vol": 0.0,
      "post_asp_air_vol": 0.0,
      "post_retract_wait_time": 0.0,
      "overaspirate_vol": 0.0012000000000000001
    },
    "trial_score": 0.5331529356711966,
    "trial_quality": "partial_tolerance"
  },
  {
    "measurement_id": "measurement_1771862579803259_1",
    "parameters": {
      "calibration": {
        "overaspirate_vol": 0.0012000000000000001
      },
      "hardware": {
        "parameters": {
          "aspirate_speed": 14,
          "dispense_speed": 16,
          "aspirate_wait_time": 3.3000000000000003,
          "pre_asp_air_vol": 0.293
        }
      }
    },
    "target_volume_ml": 0.18,
    "measured_volume_ml": 0.17606000000000144,
    "duration_s": 25.40398250002181,
    "timestamp": 1771862579.8032594,
    "replicate_id": 1,
    "metadata": {
      "replicate": 1,
      "volume": 0.17606000000000144,
      "elapsed_s": 25.40398250002181,
      "start_time": "2026-02-23T11:02:34.406621",
      "end_time": "2026-02-23T11:02:59.803259",
      "target_volume_mL": 0.18,
      "measured_volume_uL": 176.06000000000142,
      "target_volume_uL": 180.0,
      "aspirate_speed": 14,
      "dispense_speed": 16,
      "aspirate_wait_time": 3.3000000000000003,
      "dispense_wait_time": 1.5,
      "pre_asp_air_vol": 0.293,
      "retract_speed": 5.0,
      "blowout_vol": 0.0,
      "post_asp_air_vol": 0.0,
      "post_retract_wait_time": 0.0,
      "overaspirate_vol": 0.0012000000000000001
    },
    "trial_score": 0.5331529356711966,
    "trial_quality": "partial_tolerance"
  },
  {
    "measurement_id": "measurement_1771862605204084_1",
    "parameters": {
      "calibration": {
        "overaspirate_vol": 0.0012000000000000001
      },
      "hardware": {
        "parameters": {
          "aspirate_speed": 14,
          "dispense_speed": 16,
          "aspirate_wait_time": 3.3000000000000003,
          "pre_asp_air_vol": 0.293
        }
      }
    },
    "target_volume_ml": 0.18,
    "measured_volume_ml": 0.1759000000000004,
    "duration_s": 25.3977603999665,
    "timestamp": 1771862605.2040846,
    "replicate_id": 1,
    "metadata": {
      "replicate": 1,
      "volume": 0.1759000000000004,
      "elapsed_s": 25.3977603999665,
      "start_time": "2026-02-23T11:02:59.803259",
      "end_time": "2026-02-23T11:03:25.204084",
      "target_volume_mL": 0.18,
      "measured_volume_uL": 175.90000000000038,
      "target_volume_uL": 180.0,
      "aspirate_speed": 14,
      "dispense_speed": 16,
      "aspirate_wait_time": 3.3000000000000003,
      "dispense_wait_time": 1.5,
      "pre_asp_air_vol": 0.293,
      "retract_speed": 5.0,
      "blowout_vol": 0.0,
      "post_asp_air_vol": 0.0,
      "post_retract_wait_time": 0.0,
      "overaspirate_vol": 0.0012000000000000001
    },
    "trial_score": 0.5331529356711966,
    "trial_quality": "partial_tolerance"
  },
  {
    "measurement_id": "measurement_1771862630640436_1",
    "parameters": {
      "calibration": {
        "overaspirate_vol": 0.0012000000000000001
      },
      "hardware": {
        "parameters": {
          "aspirate_speed": 14,
          "dispense_speed": 16,
          "aspirate_wait_time": 3.3000000000000003,
          "pre_asp_air_vol": 0.293
        }
      }
    },
    "target_volume_ml": 0.18,
    "measured_volume_ml": 0.17549999999999955,
    "duration_s": 25.429642700008117,
    "timestamp": 1771862630.640436,
    "replicate_id": 1,
    "metadata": {
      "replicate": 1,
      "volume": 0.17549999999999955,
      "elapsed_s": 25.429642700008117,
      "start_time": "2026-02-23T11:03:25.204084",
      "end_time": "2026-02-23T11:03:50.640435",
      "target_volume_mL": 0.18,
      "measured_volume_uL": 175.49999999999955,
      "target_volume_uL": 180.0,
      "aspirate_speed": 14,
      "dispense_speed": 16,
      "aspirate_wait_time": 3.3000000000000003,
      "dispense_wait_time": 1.5,
      "pre_asp_air_vol": 0.293,
      "retract_speed": 5.0,
      "blowout_vol": 0.0,
      "post_asp_air_vol": 0.0,
      "post_retract_wait_time": 0.0,
      "overaspirate_vol": 0.0012000000000000001
    },
    "trial_score": 0.5331529356711966,
    "trial_quality": "partial_tolerance"
  },
  {
    "measurement_id": "measurement_1771862653613158_1",
    "parameters": {
      "calibration": {
        "overaspirate_vol": 0.0033
      },
      "hardware": {
        "parameters": {
          "aspirate_speed": 19,
          "dispense_speed": 9,
          "aspirate_wait_time": 2.1,
          "pre_asp_air_vol": 0.153
        }
      }
    },
    "target_volume_ml": 0.18,
    "measured_volume_ml": 0.17909999999999826,
    "duration_s": 22.958270100003574,
    "timestamp": 1771862653.6131582,
    "replicate_id": 1,
    "metadata": {
      "replicate": 1,
      "volume": 0.17909999999999826,
      "elapsed_s": 22.958270100003574,
      "start_time": "2026-02-23T11:03:50.655188",
      "end_time": "2026-02-23T11:04:13.613158",
      "target_volume_mL": 0.18,
      "measured_volume_uL": 179.09999999999826,
      "target_volume_uL": 180.0,
      "aspirate_speed": 19,
      "dispense_speed": 9,
      "aspirate_wait_time": 2.1,
      "dispense_wait_time": 1.5,
      "pre_asp_air_vol": 0.153,
      "retract_speed": 5.0,
      "blowout_vol": 0.0,
      "post_asp_air_vol": 0.0,
      "post_retract_wait_time": 0.0,
      "overaspirate_vol": 0.0033
    },
    "trial_score": 0.15806969320089131,
    "trial_quality": "within_tolerance"
  },
  {
    "measurement_id": "measurement_1771862676610545_1",
    "parameters": {
      "calibration": {
        "overaspirate_vol": 0.0033
      },
      "hardware": {
        "parameters": {
          "aspirate_speed": 19,
          "dispense_speed": 9,
          "aspirate_wait_time": 2.1,
          "pre_asp_air_vol": 0.153
        }
      }
    },
    "target_volume_ml": 0.18,
    "measured_volume_ml": 0.17989999999999995,
    "duration_s": 22.9950828999863,
    "timestamp": 1771862676.6105456,
    "replicate_id": 1,
    "metadata": {
      "replicate": 1,
      "volume": 0.17989999999999995,
      "elapsed_s": 22.9950828999863,
      "start_time": "2026-02-23T11:04:13.613158",
      "end_time": "2026-02-23T11:04:36.610545",
      "target_volume_mL": 0.18,
      "measured_volume_uL": 179.89999999999995,
      "target_volume_uL": 180.0,
      "aspirate_speed": 19,
      "dispense_speed": 9,
      "aspirate_wait_time": 2.1,
      "dispense_wait_time": 1.5,
      "pre_asp_air_vol": 0.153,
      "retract_speed": 5.0,
      "blowout_vol": 0.0,
      "post_asp_air_vol": 0.0,
      "post_retract_wait_time": 0.0,
      "overaspirate_vol": 0.0033
    },
    "trial_score": 0.15806969320089131,
    "trial_quality": "within_tolerance"
  },
  {
    "measurement_id": "measurement_1771862699204793_1",
    "parameters": {
      "calibration": {
        "overaspirate_vol": 0.0033
      },
      "hardware": {
        "parameters": {
          "aspirate_speed": 19,
          "dispense_speed": 9,
          "aspirate_wait_time": 2.1,
          "pre_asp_air_vol": 0.153
        }
      }
    },
    "target_volume_ml": 0.18,
    "measured_volume_ml": 0.17989999999999995,
    "duration_s": 22.59329109999817,
    "timestamp": 1771862699.2047937,
    "replicate_id": 1,
    "metadata": {
      "replicate": 1,
      "volume": 0.17989999999999995,
      "elapsed_s": 22.59329109999817,
      "start_time": "2026-02-23T11:04:36.610545",
      "end_time": "2026-02-23T11:04:59.204793",
      "target_volume_mL": 0.18,
      "measured_volume_uL": 179.89999999999995,
      "target_volume_uL": 180.0,
      "aspirate_speed": 19,
      "dispense_speed": 9,
      "aspirate_wait_time": 2.1,
      "dispense_wait_time": 1.5,
      "pre_asp_air_vol": 0.153,
      "retract_speed": 5.0,
      "blowout_vol": 0.0,
      "post_asp_air_vol": 0.0,
      "post_retract_wait_time": 0.0,
      "overaspirate_vol": 0.0033
    },
    "trial_score": 0.15806969320089131,
    "trial_quality": "within_tolerance"
  },
  {
    "measurement_id": "measurement_1771862721814029_1",
    "parameters": {
      "calibration": {
        "overaspirate_vol": 0.0033
      },
      "hardware": {
        "parameters": {
          "aspirate_speed": 19,
          "dispense_speed": 9,
          "aspirate_wait_time": 2.1,
          "pre_asp_air_vol": 0.153
        }
      }
    },
    "target_volume_ml": 0.18,
    "measured_volume_ml": 0.18009999999999948,
    "duration_s": 22.608058899990283,
    "timestamp": 1771862721.8140292,
    "replicate_id": 1,
    "metadata": {
      "replicate": 1,
      "volume": 0.18009999999999948,
      "elapsed_s": 22.608058899990283,
      "start_time": "2026-02-23T11:04:59.204793",
      "end_time": "2026-02-23T11:05:21.814029",
      "target_volume_mL": 0.18,
      "measured_volume_uL": 180.09999999999948,
      "target_volume_uL": 180.0,
      "aspirate_speed": 19,
      "dispense_speed": 9,
      "aspirate_wait_time": 2.1,
      "dispense_wait_time": 1.5,
      "pre_asp_air_vol": 0.153,
      "retract_speed": 5.0,
      "blowout_vol": 0.0,
      "post_asp_air_vol": 0.0,
      "post_retract_wait_time": 0.0,
      "overaspirate_vol": 0.0033
    },
    "trial_score": 0.15806969320089131,
    "trial_quality": "within_tolerance"
  },
  {
    "measurement_id": "measurement_1771862744800109_1",
    "parameters": {
      "calibration": {
        "overaspirate_vol": 0.0033
      },
      "hardware": {
        "parameters": {
          "aspirate_speed": 19,
          "dispense_speed": 9,
          "aspirate_wait_time": 2.1,
          "pre_asp_air_vol": 0.153
        }
      }
    },
    "target_volume_ml": 0.18,
    "measured_volume_ml": 0.18049999999999855,
    "duration_s": 22.99454769998556,
    "timestamp": 1771862744.8001096,
    "replicate_id": 1,
    "metadata": {
      "replicate": 1,
      "volume": 0.18049999999999855,
      "elapsed_s": 22.99454769998556,
      "start_time": "2026-02-23T11:05:21.814029",
      "end_time": "2026-02-23T11:05:44.800109",
      "target_volume_mL": 0.18,
      "measured_volume_uL": 180.49999999999855,
      "target_volume_uL": 180.0,
      "aspirate_speed": 19,
      "dispense_speed": 9,
      "aspirate_wait_time": 2.1,
      "dispense_wait_time": 1.5,
      "pre_asp_air_vol": 0.153,
      "retract_speed": 5.0,
      "blowout_vol": 0.0,
      "post_asp_air_vol": 0.0,
      "post_retract_wait_time": 0.0,
      "overaspirate_vol": 0.0033
    },
    "trial_score": 0.15806969320089131,
    "trial_quality": "within_tolerance"
  },
  {
    "measurement_id": "measurement_1771862769002978_1",
    "parameters": {
      "calibration": {
        "overaspirate_vol": 0.0039000000000000003
      },
      "hardware": {
        "parameters": {
          "aspirate_speed": 12,
          "dispense_speed": 17,
          "aspirate_wait_time": 4.4,
          "pre_asp_air_vol": 0.023
        }
      }
    },
    "target_volume_ml": 0.18,
    "measured_volume_ml": 0.18270000000000053,
    "duration_s": 24.184230600018054,
    "timestamp": 1771862769.0029788,
    "replicate_id": 1,
    "metadata": {
      "replicate": 1,
      "volume": 0.18270000000000053,
      "elapsed_s": 24.184230600018054,
      "start_time": "2026-02-23T11:05:44.824614",
      "end_time": "2026-02-23T11:06:09.002978",
      "target_volume_mL": 0.18,
      "measured_volume_uL": 182.70000000000053,
      "target_volume_uL": 180.0,
      "aspirate_speed": 12,
      "dispense_speed": 17,
      "aspirate_wait_time": 4.4,
      "dispense_wait_time": 1.5,
      "pre_asp_air_vol": 0.023,
      "retract_speed": 5.0,
      "blowout_vol": 0.0,
      "post_asp_air_vol": 0.0,
      "post_retract_wait_time": 0.0,
      "overaspirate_vol": 0.0039000000000000003
    },
    "trial_score": 0.7446659785206136,
    "trial_quality": "partial_tolerance"
  },
  {
    "measurement_id": "measurement_1771862793606085_1",
    "parameters": {
      "calibration": {
        "overaspirate_vol": 0.0039000000000000003
      },
      "hardware": {
        "parameters": {
          "aspirate_speed": 12,
          "dispense_speed": 17,
          "aspirate_wait_time": 4.4,
          "pre_asp_air_vol": 0.023
        }
      }
    },
    "target_volume_ml": 0.18,
    "measured_volume_ml": 0.18180000000000085,
    "duration_s": 24.5952056000242,
    "timestamp": 1771862793.6060853,
    "replicate_id": 1,
    "metadata": {
      "replicate": 1,
      "volume": 0.18180000000000085,
      "elapsed_s": 24.5952056000242,
      "start_time": "2026-02-23T11:06:09.002978",
      "end_time": "2026-02-23T11:06:33.606085",
      "target_volume_mL": 0.18,
      "measured_volume_uL": 181.80000000000086,
      "target_volume_uL": 180.0,
      "aspirate_speed": 12,
      "dispense_speed": 17,
      "aspirate_wait_time": 4.4,
      "dispense_wait_time": 1.5,
      "pre_asp_air_vol": 0.023,
      "retract_speed": 5.0,
      "blowout_vol": 0.0,
      "post_asp_air_vol": 0.0,
      "post_retract_wait_time": 0.0,
      "overaspirate_vol": 0.0039000000000000003
    },
    "trial_score": 0.7446659785206136,
    "trial_quality": "partial_tolerance"
  },
  {
    "measurement_id": "measurement_1771862818199113_1",
    "parameters": {
      "calibration": {
        "overaspirate_vol": 0.0039000000000000003
      },
      "hardware": {
        "parameters": {
          "aspirate_speed": 12,
          "dispense_speed": 17,
          "aspirate_wait_time": 4.4,
          "pre_asp_air_vol": 0.023
        }
      }
    },
    "target_volume_ml": 0.18,
    "measured_volume_ml": 0.1867000000000001,
    "duration_s": 24.602894900017418,
    "timestamp": 1771862818.1991138,
    "replicate_id": 1,
    "metadata": {
      "replicate": 1,
      "volume": 0.1867000000000001,
      "elapsed_s": 24.602894900017418,
      "start_time": "2026-02-23T11:06:33.606085",
      "end_time": "2026-02-23T11:06:58.199113",
      "target_volume_mL": 0.18,
      "measured_volume_uL": 186.7000000000001,
      "target_volume_uL": 180.0,
      "aspirate_speed": 12,
      "dispense_speed": 17,
      "aspirate_wait_time": 4.4,
      "dispense_wait_time": 1.5,
      "pre_asp_air_vol": 0.023,
      "retract_speed": 5.0,
      "blowout_vol": 0.0,
      "post_asp_air_vol": 0.0,
      "post_retract_wait_time": 0.0,
      "overaspirate_vol": 0.0039000000000000003
    },
    "trial_score": 0.7446659785206136,
    "trial_quality": "partial_tolerance"
  },
  {
    "measurement_id": "measurement_1771862842814492_1",
    "parameters": {
      "calibration": {
        "overaspirate_vol": 0.0039000000000000003
      },
      "hardware": {
        "parameters": {
          "aspirate_speed": 12,
          "dispense_speed": 17,
          "aspirate_wait_time": 4.4,
          "pre_asp_air_vol": 0.023
        }
      }
    },
    "target_volume_ml": 0.18,
    "measured_volume_ml": 0.1847000000000012,
    "duration_s": 24.60479650000343,
    "timestamp": 1771862842.814492,
    "replicate_id": 1,
    "metadata": {
      "replicate": 1,
      "volume": 0.1847000000000012,
      "elapsed_s": 24.60479650000343,
      "start_time": "2026-02-23T11:06:58.199113",
      "end_time": "2026-02-23T11:07:22.814491",
      "target_volume_mL": 0.18,
      "measured_volume_uL": 184.70000000000118,
      "target_volume_uL": 180.0,
      "aspirate_speed": 12,
      "dispense_speed": 17,
      "aspirate_wait_time": 4.4,
      "dispense_wait_time": 1.5,
      "pre_asp_air_vol": 0.023,
      "retract_speed": 5.0,
      "blowout_vol": 0.0,
      "post_asp_air_vol": 0.0,
      "post_retract_wait_time": 0.0,
      "overaspirate_vol": 0.0039000000000000003
    },
    "trial_score": 0.7446659785206136,
    "trial_quality": "partial_tolerance"
  },
  {
    "measurement_id": "measurement_1771862867397126_1",
    "parameters": {
      "calibration": {
        "overaspirate_vol": 0.0039000000000000003
      },
      "hardware": {
        "parameters": {
          "aspirate_speed": 12,
          "dispense_speed": 17,
          "aspirate_wait_time": 4.4,
          "pre_asp_air_vol": 0.023
        }
      }
    },
    "target_volume_ml": 0.18,
    "measured_volume_ml": 0.18469999999999942,
    "duration_s": 24.584856700035743,
    "timestamp": 1771862867.3971267,
    "replicate_id": 1,
    "metadata": {
      "replicate": 1,
      "volume": 0.18469999999999942,
      "elapsed_s": 24.584856700035743,
      "start_time": "2026-02-23T11:07:22.814491",
      "end_time": "2026-02-23T11:07:47.397126",
      "target_volume_mL": 0.18,
      "measured_volume_uL": 184.69999999999942,
      "target_volume_uL": 180.0,
      "aspirate_speed": 12,
      "dispense_speed": 17,
      "aspirate_wait_time": 4.4,
      "dispense_wait_time": 1.5,
      "pre_asp_air_vol": 0.023,
      "retract_speed": 5.0,
      "blowout_vol": 0.0,
      "post_asp_air_vol": 0.0,
      "post_retract_wait_time": 0.0,
      "overaspirate_vol": 0.0039000000000000003
    },
    "trial_score": 0.7446659785206136,
    "trial_quality": "partial_tolerance"
  },
  {
    "measurement_id": "measurement_1771862891805111_1",
    "parameters": {
      "calibration": {
        "overaspirate_vol": 0.0054
      },
      "hardware": {
        "parameters": {
          "aspirate_speed": 19,
          "dispense_speed": 13,
          "aspirate_wait_time": 3.8000000000000003,
          "pre_asp_air_vol": 0.059000000000000004
        }
      }
    },
    "target_volume_ml": 0.18,
    "measured_volume_ml": 0.18510000000000026,
    "duration_s": 24.38656529999571,
    "timestamp": 1771862891.805111,
    "replicate_id": 1,
    "metadata": {
      "replicate": 1,
      "volume": 0.18510000000000026,
      "elapsed_s": 24.38656529999571,
      "start_time": "2026-02-23T11:07:47.418191",
      "end_time": "2026-02-23T11:08:11.805111",
      "target_volume_mL": 0.18,
      "measured_volume_uL": 185.10000000000025,
      "target_volume_uL": 180.0,
      "aspirate_speed": 19,
      "dispense_speed": 13,
      "aspirate_wait_time": 3.8000000000000003,
      "dispense_wait_time": 1.5,
      "pre_asp_air_vol": 0.059000000000000004,
      "retract_speed": 5.0,
      "blowout_vol": 0.0,
      "post_asp_air_vol": 0.0,
      "post_retract_wait_time": 0.0,
      "overaspirate_vol": 0.0054
    },
    "trial_score": 0.5194465414103144,
    "trial_quality": "partial_tolerance"
  },
  {
    "measurement_id": "measurement_1771862916213597_1",
    "parameters": {
      "calibration": {
        "overaspirate_vol": 0.0054
      },
      "hardware": {
        "parameters": {
          "aspirate_speed": 19,
          "dispense_speed": 13,
          "aspirate_wait_time": 3.8000000000000003,
          "pre_asp_air_vol": 0.059000000000000004
        }
      }
    },
    "target_volume_ml": 0.18,
    "measured_volume_ml": 0.1850999999999967,
    "duration_s": 24.40762439998798,
    "timestamp": 1771862916.2135975,
    "replicate_id": 1,
    "metadata": {
      "replicate": 1,
      "volume": 0.1850999999999967,
      "elapsed_s": 24.40762439998798,
      "start_time": "2026-02-23T11:08:11.806108",
      "end_time": "2026-02-23T11:08:36.213597",
      "target_volume_mL": 0.18,
      "measured_volume_uL": 185.09999999999673,
      "target_volume_uL": 180.0,
      "aspirate_speed": 19,
      "dispense_speed": 13,
      "aspirate_wait_time": 3.8000000000000003,
      "dispense_wait_time": 1.5,
      "pre_asp_air_vol": 0.059000000000000004,
      "retract_speed": 5.0,
      "blowout_vol": 0.0,
      "post_asp_air_vol": 0.0,
      "post_retract_wait_time": 0.0,
      "overaspirate_vol": 0.0054
    },
    "trial_score": 0.5194465414103144,
    "trial_quality": "partial_tolerance"
  },
  {
    "measurement_id": "measurement_1771862940596259_1",
    "parameters": {
      "calibration": {
        "overaspirate_vol": 0.0054
      },
      "hardware": {
        "parameters": {
          "aspirate_speed": 19,
          "dispense_speed": 13,
          "aspirate_wait_time": 3.8000000000000003,
          "pre_asp_air_vol": 0.059000000000000004
        }
      }
    },
    "target_volume_ml": 0.18,
    "measured_volume_ml": 0.18510000000000026,
    "duration_s": 24.39463669998804,
    "timestamp": 1771862940.5962598,
    "replicate_id": 1,
    "metadata": {
      "replicate": 1,
      "volume": 0.18510000000000026,
      "elapsed_s": 24.39463669998804,
      "start_time": "2026-02-23T11:08:36.215599",
      "end_time": "2026-02-23T11:09:00.596259",
      "target_volume_mL": 0.18,
      "measured_volume_uL": 185.10000000000025,
      "target_volume_uL": 180.0,
      "aspirate_speed": 19,
      "dispense_speed": 13,
      "aspirate_wait_time": 3.8000000000000003,
      "dispense_wait_time": 1.5,
      "pre_asp_air_vol": 0.059000000000000004,
      "retract_speed": 5.0,
      "blowout_vol": 0.0,
      "post_asp_air_vol": 0.0,
      "post_retract_wait_time": 0.0,
      "overaspirate_vol": 0.0054
    },
    "trial_score": 0.5194465414103144,
    "trial_quality": "partial_tolerance"
  },
  {
    "measurement_id": "measurement_1771862965543289_1",
    "parameters": {
      "calibration": {
        "overaspirate_vol": 0.0054
      },
      "hardware": {
        "parameters": {
          "aspirate_speed": 19,
          "dispense_speed": 13,
          "aspirate_wait_time": 3.8000000000000003,
          "pre_asp_air_vol": 0.059000000000000004
        }
      }
    },
    "target_volume_ml": 0.18,
    "measured_volume_ml": 0.1850999999999985,
    "duration_s": 24.942756000033114,
    "timestamp": 1771862965.5432894,
    "replicate_id": 1,
    "metadata": {
      "replicate": 1,
      "volume": 0.1850999999999985,
      "elapsed_s": 24.942756000033114,
      "start_time": "2026-02-23T11:09:00.596259",
      "end_time": "2026-02-23T11:09:25.543289",
      "target_volume_mL": 0.18,
      "measured_volume_uL": 185.0999999999985,
      "target_volume_uL": 180.0,
      "aspirate_speed": 19,
      "dispense_speed": 13,
      "aspirate_wait_time": 3.8000000000000003,
      "dispense_wait_time": 1.5,
      "pre_asp_air_vol": 0.059000000000000004,
      "retract_speed": 5.0,
      "blowout_vol": 0.0,
      "post_asp_air_vol": 0.0,
      "post_retract_wait_time": 0.0,
      "overaspirate_vol": 0.0054
    },
    "trial_score": 0.5194465414103144,
    "trial_quality": "partial_tolerance"
  },
  {
    "measurement_id": "measurement_1771862990205944_1",
    "parameters": {
      "calibration": {
        "overaspirate_vol": 0.0054
      },
      "hardware": {
        "parameters": {
          "aspirate_speed": 19,
          "dispense_speed": 13,
          "aspirate_wait_time": 3.8000000000000003,
          "pre_asp_air_vol": 0.059000000000000004
        }
      }
    },
    "target_volume_ml": 0.18,
    "measured_volume_ml": 0.18560000000000265,
    "duration_s": 24.650364200002514,
    "timestamp": 1771862990.2059445,
    "replicate_id": 1,
    "metadata": {
      "replicate": 1,
      "volume": 0.18560000000000265,
      "elapsed_s": 24.650364200002514,
      "start_time": "2026-02-23T11:09:25.543289",
      "end_time": "2026-02-23T11:09:50.205944",
      "target_volume_mL": 0.18,
      "measured_volume_uL": 185.60000000000264,
      "target_volume_uL": 180.0,
      "aspirate_speed": 19,
      "dispense_speed": 13,
      "aspirate_wait_time": 3.8000000000000003,
      "dispense_wait_time": 1.5,
      "pre_asp_air_vol": 0.059000000000000004,
      "retract_speed": 5.0,
      "blowout_vol": 0.0,
      "post_asp_air_vol": 0.0,
      "post_retract_wait_time": 0.0,
      "overaspirate_vol": 0.0054
    },
    "trial_score": 0.5194465414103144,
    "trial_quality": "partial_tolerance"
  },
  {
    "measurement_id": "measurement_1771863006184086_1",
    "parameters": {
      "calibration": {
        "overaspirate_vol": 0.0023
      },
      "hardware": {
        "parameters": {
          "aspirate_speed": 10,
          "dispense_speed": 5,
          "aspirate_wait_time": 1.4000000000000001,
          "pre_asp_air_vol": 0.191
        }
      }
    },
    "target_volume_ml": 0.18,
    "measured_volume_ml": 0.17920000000000336,
    "duration_s": 15.96390450000763,
    "timestamp": 1771863006.1840863,
    "replicate_id": 1,
    "metadata": {
      "replicate": 1,
      "volume": 0.17920000000000336,
      "elapsed_s": 15.96390450000763,
      "start_time": "2026-02-23T11:09:50.221935",
      "end_time": "2026-02-23T11:10:06.184086",
      "target_volume_mL": 0.18,
      "measured_volume_uL": 179.20000000000334,
      "target_volume_uL": 180.0,
      "aspirate_speed": 10,
      "dispense_speed": 5,
      "aspirate_wait_time": 1.4000000000000001,
      "dispense_wait_time": 1.5,
      "pre_asp_air_vol": 0.191,
      "retract_speed": 5.0,
      "blowout_vol": 0.0,
      "post_asp_air_vol": 0.0,
      "post_retract_wait_time": 0.0,
      "overaspirate_vol": 0.0023
    },
    "trial_score": 0.1974504793474862,
    "trial_quality": "within_tolerance"
  },
  {
    "measurement_id": "measurement_1771863022378418_1",
    "parameters": {
      "calibration": {
        "overaspirate_vol": 0.0023
      },
      "hardware": {
        "parameters": {
          "aspirate_speed": 10,
          "dispense_speed": 5,
          "aspirate_wait_time": 1.4000000000000001,
          "pre_asp_air_vol": 0.191
        }
      }
    },
    "target_volume_ml": 0.18,
    "measured_volume_ml": 0.17910000000000004,
    "duration_s": 16.193267499969807,
    "timestamp": 1771863022.3784182,
    "replicate_id": 1,
    "metadata": {
      "replicate": 1,
      "volume": 0.17910000000000004,
      "elapsed_s": 16.193267499969807,
      "start_time": "2026-02-23T11:10:06.184086",
      "end_time": "2026-02-23T11:10:22.378418",
      "target_volume_mL": 0.18,
      "measured_volume_uL": 179.10000000000002,
      "target_volume_uL": 180.0,
      "aspirate_speed": 10,
      "dispense_speed": 5,
      "aspirate_wait_time": 1.4000000000000001,
      "dispense_wait_time": 1.5,
      "pre_asp_air_vol": 0.191,
      "retract_speed": 5.0,
      "blowout_vol": 0.0,
      "post_asp_air_vol": 0.0,
      "post_retract_wait_time": 0.0,
      "overaspirate_vol": 0.0023
    },
    "trial_score": 0.1974504793474862,
    "trial_quality": "within_tolerance"
  },
  {
    "measurement_id": "measurement_1771863038615401_1",
    "parameters": {
      "calibration": {
        "overaspirate_vol": 0.0023
      },
      "hardware": {
        "parameters": {
          "aspirate_speed": 10,
          "dispense_speed": 5,
          "aspirate_wait_time": 1.4000000000000001,
          "pre_asp_air_vol": 0.191
        }
      }
    },
    "target_volume_ml": 0.18,
    "measured_volume_ml": 0.17910000000000004,
    "duration_s": 16.243439399986528,
    "timestamp": 1771863038.6154015,
    "replicate_id": 1,
    "metadata": {
      "replicate": 1,
      "volume": 0.17910000000000004,
      "elapsed_s": 16.243439399986528,
      "start_time": "2026-02-23T11:10:22.378418",
      "end_time": "2026-02-23T11:10:38.615401",
      "target_volume_mL": 0.18,
      "measured_volume_uL": 179.10000000000002,
      "target_volume_uL": 180.0,
      "aspirate_speed": 10,
      "dispense_speed": 5,
      "aspirate_wait_time": 1.4000000000000001,
      "dispense_wait_time": 1.5,
      "pre_asp_air_vol": 0.191,
      "retract_speed": 5.0,
      "blowout_vol": 0.0,
      "post_asp_air_vol": 0.0,
      "post_retract_wait_time": 0.0,
      "overaspirate_vol": 0.0023
    },
    "trial_score": 0.1974504793474862,
    "trial_quality": "within_tolerance"
  },
  {
    "measurement_id": "measurement_1771863054781232_1",
    "parameters": {
      "calibration": {
        "overaspirate_vol": 0.0023
      },
      "hardware": {
        "parameters": {
          "aspirate_speed": 10,
          "dispense_speed": 5,
          "aspirate_wait_time": 1.4000000000000001,
          "pre_asp_air_vol": 0.191
        }
      }
    },
    "target_volume_ml": 0.18,
    "measured_volume_ml": 0.17880000000000074,
    "duration_s": 16.155973199987784,
    "timestamp": 1771863054.7812324,
    "replicate_id": 1,
    "metadata": {
      "replicate": 1,
      "volume": 0.17880000000000074,
      "elapsed_s": 16.155973199987784,
      "start_time": "2026-02-23T11:10:38.615401",
      "end_time": "2026-02-23T11:10:54.781232",
      "target_volume_mL": 0.18,
      "measured_volume_uL": 178.80000000000075,
      "target_volume_uL": 180.0,
      "aspirate_speed": 10,
      "dispense_speed": 5,
      "aspirate_wait_time": 1.4000000000000001,
      "dispense_wait_time": 1.5,
      "pre_asp_air_vol": 0.191,
      "retract_speed": 5.0,
      "blowout_vol": 0.0,
      "post_asp_air_vol": 0.0,
      "post_retract_wait_time": 0.0,
      "overaspirate_vol": 0.0023
    },
    "trial_score": 0.1974504793474862,
    "trial_quality": "within_tolerance"
  },
  {
    "measurement_id": "measurement_1771863070979311_1",
    "parameters": {
      "calibration": {
        "overaspirate_vol": 0.0023
      },
      "hardware": {
        "parameters": {
          "aspirate_speed": 10,
          "dispense_speed": 5,
          "aspirate_wait_time": 1.4000000000000001,
          "pre_asp_air_vol": 0.191
        }
      }
    },
    "target_volume_ml": 0.18,
    "measured_volume_ml": 0.1786999999999992,
    "duration_s": 16.196147099952213,
    "timestamp": 1771863070.9793117,
    "replicate_id": 1,
    "metadata": {
      "replicate": 1,
      "volume": 0.1786999999999992,
      "elapsed_s": 16.196147099952213,
      "start_time": "2026-02-23T11:10:54.781232",
      "end_time": "2026-02-23T11:11:10.979311",
      "target_volume_mL": 0.18,
      "measured_volume_uL": 178.6999999999992,
      "target_volume_uL": 180.0,
      "aspirate_speed": 10,
      "dispense_speed": 5,
      "aspirate_wait_time": 1.4000000000000001,
      "dispense_wait_time": 1.5,
      "pre_asp_air_vol": 0.191,
      "retract_speed": 5.0,
      "blowout_vol": 0.0,
      "post_asp_air_vol": 0.0,
      "post_retract_wait_time": 0.0,
      "overaspirate_vol": 0.0023
    },
    "trial_score": 0.1974504793474862,
    "trial_quality": "within_tolerance"
  },
  {
    "measurement_id": "measurement_1771863093997926_1",
    "parameters": {
      "calibration": {
        "overaspirate_vol": 0.0033
      },
      "hardware": {
        "parameters": {
          "aspirate_speed": 19,
          "dispense_speed": 9,
          "aspirate_wait_time": 2.1,
          "pre_asp_air_vol": 0.153
        }
      }
    },
    "target_volume_ml": 0.18,
    "measured_volume_ml": 0.18069999999999986,
    "duration_s": 23.004494599997997,
    "timestamp": 1771863093.9979262,
    "replicate_id": 1,
    "metadata": {
      "replicate": 1,
      "volume": 0.18069999999999986,
      "elapsed_s": 23.004494599997997,
      "start_time": "2026-02-23T11:11:11.001920",
      "end_time": "2026-02-23T11:11:33.997926",
      "target_volume_mL": 0.18,
      "measured_volume_uL": 180.69999999999987,
      "target_volume_uL": 180.0,
      "aspirate_speed": 19,
      "dispense_speed": 9,
      "aspirate_wait_time": 2.1,
      "dispense_wait_time": 1.5,
      "pre_asp_air_vol": 0.153,
      "retract_speed": 5.0,
      "blowout_vol": 0.0,
      "post_asp_air_vol": 0.0,
      "post_retract_wait_time": 0.0,
      "overaspirate_vol": 0.0033
    },
    "trial_score": 0.654459426444423,
    "trial_quality": "within_tolerance"
  },
  {
    "measurement_id": "measurement_1771863116806697_1",
    "parameters": {
      "calibration": {
        "overaspirate_vol": -0.0009999999999998673
      },
      "hardware": {
        "parameters": {
          "aspirate_speed": 19,
          "dispense_speed": 9,
          "aspirate_wait_time": 2.1,
          "pre_asp_air_vol": 0.153
        }
      }
    },
    "target_volume_ml": 0.18,
    "measured_volume_ml": 0.1767000000000003,
    "duration_s": 22.77912829996785,
    "timestamp": 1771863116.8066971,
    "replicate_id": 1,
    "metadata": {
      "replicate": 1,
      "volume": 0.1767000000000003,
      "elapsed_s": 22.77912829996785,
      "start_time": "2026-02-23T11:11:34.029373",
      "end_time": "2026-02-23T11:11:56.806697",
      "target_volume_mL": 0.18,
      "measured_volume_uL": 176.7000000000003,
      "target_volume_uL": 180.0,
      "aspirate_speed": 19,
      "dispense_speed": 9,
      "aspirate_wait_time": 2.1,
      "dispense_wait_time": 1.5,
      "pre_asp_air_vol": 0.153,
      "retract_speed": 5.0,
      "blowout_vol": 0.0,
      "post_asp_air_vol": 0.0,
      "post_retract_wait_time": 0.0,
      "overaspirate_vol": -0.0009999999999998673
    },
    "trial_score": 0.942597094333192,
    "trial_quality": "within_tolerance"
  },
  {
    "measurement_id": "measurement_1771863136179372_1",
    "parameters": {
      "calibration": {
        "overaspirate_vol": 0.0026000000000000003
      },
      "hardware": {
        "parameters": {
          "aspirate_speed": 10,
          "dispense_speed": 5,
          "aspirate_wait_time": 1.8,
          "pre_asp_air_vol": 0.155
        }
      }
    },
    "target_volume_ml": 0.18,
    "measured_volume_ml": 0.1795800000000014,
    "duration_s": 16.49555800005328,
    "timestamp": 1771863136.1793728,
    "replicate_id": 1,
    "metadata": {
      "replicate": 1,
      "volume": 0.1795800000000014,
      "elapsed_s": 16.49555800005328,
      "start_time": "2026-02-23T11:11:59.690213",
      "end_time": "2026-02-23T11:12:16.179372",
      "target_volume_mL": 0.18,
      "measured_volume_uL": 179.5800000000014,
      "target_volume_uL": 180.0,
      "aspirate_speed": 10,
      "dispense_speed": 5,
      "aspirate_wait_time": 1.8,
      "dispense_wait_time": 1.5,
      "pre_asp_air_vol": 0.155,
      "retract_speed": 5.0,
      "blowout_vol": 0.0,
      "post_asp_air_vol": 0.0,
      "post_retract_wait_time": 0.0,
      "overaspirate_vol": 0.0026000000000000003
    },
    "trial_score": 0.14390117572419256,
    "trial_quality": "within_tolerance"
  },
  {
    "measurement_id": "measurement_1771863152805708_1",
    "parameters": {
      "calibration": {
        "overaspirate_vol": 0.0026000000000000003
      },
      "hardware": {
        "parameters": {
          "aspirate_speed": 10,
          "dispense_speed": 5,
          "aspirate_wait_time": 1.8,
          "pre_asp_air_vol": 0.155
        }
      }
    },
    "target_volume_ml": 0.18,
    "measured_volume_ml": 0.17959999999999887,
    "duration_s": 16.620124500012025,
    "timestamp": 1771863152.8057086,
    "replicate_id": 1,
    "metadata": {
      "replicate": 1,
      "volume": 0.17959999999999887,
      "elapsed_s": 16.620124500012025,
      "start_time": "2026-02-23T11:12:16.179372",
      "end_time": "2026-02-23T11:12:32.805708",
      "target_volume_mL": 0.18,
      "measured_volume_uL": 179.5999999999989,
      "target_volume_uL": 180.0,
      "aspirate_speed": 10,
      "dispense_speed": 5,
      "aspirate_wait_time": 1.8,
      "dispense_wait_time": 1.5,
      "pre_asp_air_vol": 0.155,
      "retract_speed": 5.0,
      "blowout_vol": 0.0,
      "post_asp_air_vol": 0.0,
      "post_retract_wait_time": 0.0,
      "overaspirate_vol": 0.0026000000000000003
    },
    "trial_score": 0.14390117572419256,
    "trial_quality": "within_tolerance"
  },
  {
    "measurement_id": "measurement_1771863168998699_1",
    "parameters": {
      "calibration": {
        "overaspirate_vol": 0.0026000000000000003
      },
      "hardware": {
        "parameters": {
          "aspirate_speed": 10,
          "dispense_speed": 5,
          "aspirate_wait_time": 1.8,
          "pre_asp_air_vol": 0.155
        }
      }
    },
    "target_volume_ml": 0.18,
    "measured_volume_ml": 0.17910000000000004,
    "duration_s": 16.19485040003201,
    "timestamp": 1771863168.998699,
    "replicate_id": 1,
    "metadata": {
      "replicate": 1,
      "volume": 0.17910000000000004,
      "elapsed_s": 16.19485040003201,
      "start_time": "2026-02-23T11:12:32.805708",
      "end_time": "2026-02-23T11:12:48.998699",
      "target_volume_mL": 0.18,
      "measured_volume_uL": 179.10000000000002,
      "target_volume_uL": 180.0,
      "aspirate_speed": 10,
      "dispense_speed": 5,
      "aspirate_wait_time": 1.8,
      "dispense_wait_time": 1.5,
      "pre_asp_air_vol": 0.155,
      "retract_speed": 5.0,
      "blowout_vol": 0.0,
      "post_asp_air_vol": 0.0,
      "post_retract_wait_time": 0.0,
      "overaspirate_vol": 0.0026000000000000003
    },
    "trial_score": 0.14390117572419256,
    "trial_quality": "within_tolerance"
  },
  {
    "measurement_id": "measurement_1771863185583309_1",
    "parameters": {
      "calibration": {
        "overaspirate_vol": 0.0026000000000000003
      },
      "hardware": {
        "parameters": {
          "aspirate_speed": 10,
          "dispense_speed": 5,
          "aspirate_wait_time": 1.8,
          "pre_asp_air_vol": 0.155
        }
      }
    },
    "target_volume_ml": 0.18,
    "measured_volume_ml": 0.1794999999999991,
    "duration_s": 16.58349210000597,
    "timestamp": 1771863185.5833094,
    "replicate_id": 1,
    "metadata": {
      "replicate": 1,
      "volume": 0.1794999999999991,
      "elapsed_s": 16.58349210000597,
      "start_time": "2026-02-23T11:12:48.998699",
      "end_time": "2026-02-23T11:13:05.583309",
      "target_volume_mL": 0.18,
      "measured_volume_uL": 179.4999999999991,
      "target_volume_uL": 180.0,
      "aspirate_speed": 10,
      "dispense_speed": 5,
      "aspirate_wait_time": 1.8,
      "dispense_wait_time": 1.5,
      "pre_asp_air_vol": 0.155,
      "retract_speed": 5.0,
      "blowout_vol": 0.0,
      "post_asp_air_vol": 0.0,
      "post_retract_wait_time": 0.0,
      "overaspirate_vol": 0.0026000000000000003
    },
    "trial_score": 0.14390117572419256,
    "trial_quality": "within_tolerance"
  },
  {
    "measurement_id": "measurement_1771863202220146_1",
    "parameters": {
      "calibration": {
        "overaspirate_vol": 0.0026000000000000003
      },
      "hardware": {
        "parameters": {
          "aspirate_speed": 10,
          "dispense_speed": 5,
          "aspirate_wait_time": 1.8,
          "pre_asp_air_vol": 0.155
        }
      }
    },
    "target_volume_ml": 0.18,
    "measured_volume_ml": 0.17950000000000088,
    "duration_s": 16.62947189999977,
    "timestamp": 1771863202.2201467,
    "replicate_id": 1,
    "metadata": {
      "replicate": 1,
      "volume": 0.17950000000000088,
      "elapsed_s": 16.62947189999977,
      "start_time": "2026-02-23T11:13:05.583309",
      "end_time": "2026-02-23T11:13:22.220146",
      "target_volume_mL": 0.18,
      "measured_volume_uL": 179.50000000000088,
      "target_volume_uL": 180.0,
      "aspirate_speed": 10,
      "dispense_speed": 5,
      "aspirate_wait_time": 1.8,
      "dispense_wait_time": 1.5,
      "pre_asp_air_vol": 0.155,
      "retract_speed": 5.0,
      "blowout_vol": 0.0,
      "post_asp_air_vol": 0.0,
      "post_retract_wait_time": 0.0,
      "overaspirate_vol": 0.0026000000000000003
    },
    "trial_score": 0.14390117572419256,
    "trial_quality": "within_tolerance"
  },
  {
    "measurement_id": "measurement_1771863221379570_1",
    "parameters": {
      "calibration": {
        "overaspirate_vol": -0.0018000000000000002
      },
      "hardware": {
        "parameters": {
          "aspirate_speed": 10,
          "dispense_speed": 5,
          "aspirate_wait_time": 1.9000000000000001,
          "pre_asp_air_vol": 0.158
        }
      }
    },
    "target_volume_ml": 0.18,
    "measured_volume_ml": 0.17473999999999812,
    "duration_s": 16.255063400021754,
    "timestamp": 1771863221.37957,
    "replicate_id": 1,
    "metadata": {
      "replicate": 1,
      "volume": 0.17473999999999812,
      "elapsed_s": 16.255063400021754,
      "start_time": "2026-02-23T11:13:25.111598",
      "end_time": "2026-02-23T11:13:41.379569",
      "target_volume_mL": 0.18,
      "measured_volume_uL": 174.73999999999813,
      "target_volume_uL": 180.0,
      "aspirate_speed": 10,
      "dispense_speed": 5,
      "aspirate_wait_time": 1.9000000000000001,
      "dispense_wait_time": 1.5,
      "pre_asp_air_vol": 0.158,
      "retract_speed": 5.0,
      "blowout_vol": 0.0,
      "post_asp_air_vol": 0.0,
      "post_retract_wait_time": 0.0,
      "overaspirate_vol": -0.0018000000000000002
    },
    "trial_score": 0.4929510113986837,
    "trial_quality": "partial_tolerance"
  },
  {
    "measurement_id": "measurement_1771863237592169_1",
    "parameters": {
      "calibration": {
        "overaspirate_vol": -0.0018000000000000002
      },
      "hardware": {
        "parameters": {
          "aspirate_speed": 10,
          "dispense_speed": 5,
          "aspirate_wait_time": 1.9000000000000001,
          "pre_asp_air_vol": 0.158
        }
      }
    },
    "target_volume_ml": 0.18,
    "measured_volume_ml": 0.1747999999999994,
    "duration_s": 16.21248759998707,
    "timestamp": 1771863237.5921693,
    "replicate_id": 1,
    "metadata": {
      "replicate": 1,
      "volume": 0.1747999999999994,
      "elapsed_s": 16.21248759998707,
      "start_time": "2026-02-23T11:13:41.379569",
      "end_time": "2026-02-23T11:13:57.592169",
      "target_volume_mL": 0.18,
      "measured_volume_uL": 174.7999999999994,
      "target_volume_uL": 180.0,
      "aspirate_speed": 10,
      "dispense_speed": 5,
      "aspirate_wait_time": 1.9000000000000001,
      "dispense_wait_time": 1.5,
      "pre_asp_air_vol": 0.158,
      "retract_speed": 5.0,
      "blowout_vol": 0.0,
      "post_asp_air_vol": 0.0,
      "post_retract_wait_time": 0.0,
      "overaspirate_vol": -0.0018000000000000002
    },
    "trial_score": 0.4929510113986837,
    "trial_quality": "partial_tolerance"
  },
  {
    "measurement_id": "measurement_1771863254221518_1",
    "parameters": {
      "calibration": {
        "overaspirate_vol": -0.0018000000000000002
      },
      "hardware": {
        "parameters": {
          "aspirate_speed": 10,
          "dispense_speed": 5,
          "aspirate_wait_time": 1.9000000000000001,
          "pre_asp_air_vol": 0.158
        }
      }
    },
    "target_volume_ml": 0.18,
    "measured_volume_ml": 0.1753,
    "duration_s": 16.627040299994405,
    "timestamp": 1771863254.221518,
    "replicate_id": 1,
    "metadata": {
      "replicate": 1,
      "volume": 0.1753,
      "elapsed_s": 16.627040299994405,
      "start_time": "2026-02-23T11:13:57.592169",
      "end_time": "2026-02-23T11:14:14.221518",
      "target_volume_mL": 0.18,
      "measured_volume_uL": 175.3,
      "target_volume_uL": 180.0,
      "aspirate_speed": 10,
      "dispense_speed": 5,
      "aspirate_wait_time": 1.9000000000000001,
      "dispense_wait_time": 1.5,
      "pre_asp_air_vol": 0.158,
      "retract_speed": 5.0,
      "blowout_vol": 0.0,
      "post_asp_air_vol": 0.0,
      "post_retract_wait_time": 0.0,
      "overaspirate_vol": -0.0018000000000000002
    },
    "trial_score": 0.4929510113986837,
    "trial_quality": "partial_tolerance"
  },
  {
    "measurement_id": "measurement_1771863270813698_1",
    "parameters": {
      "calibration": {
        "overaspirate_vol": -0.0018000000000000002
      },
      "hardware": {
        "parameters": {
          "aspirate_speed": 10,
          "dispense_speed": 5,
          "aspirate_wait_time": 1.9000000000000001,
          "pre_asp_air_vol": 0.158
        }
      }
    },
    "target_volume_ml": 0.18,
    "measured_volume_ml": 0.17490000000000094,
    "duration_s": 16.590497199969832,
    "timestamp": 1771863270.813698,
    "replicate_id": 1,
    "metadata": {
      "replicate": 1,
      "volume": 0.17490000000000094,
      "elapsed_s": 16.590497199969832,
      "start_time": "2026-02-23T11:14:14.221518",
      "end_time": "2026-02-23T11:14:30.813698",
      "target_volume_mL": 0.18,
      "measured_volume_uL": 174.90000000000094,
      "target_volume_uL": 180.0,
      "aspirate_speed": 10,
      "dispense_speed": 5,
      "aspirate_wait_time": 1.9000000000000001,
      "dispense_wait_time": 1.5,
      "pre_asp_air_vol": 0.158,
      "retract_speed": 5.0,
      "blowout_vol": 0.0,
      "post_asp_air_vol": 0.0,
      "post_retract_wait_time": 0.0,
      "overaspirate_vol": -0.0018000000000000002
    },
    "trial_score": 0.4929510113986837,
    "trial_quality": "partial_tolerance"
  },
  {
    "measurement_id": "measurement_1771863287407013_1",
    "parameters": {
      "calibration": {
        "overaspirate_vol": -0.0018000000000000002
      },
      "hardware": {
        "parameters": {
          "aspirate_speed": 10,
          "dispense_speed": 5,
          "aspirate_wait_time": 1.9000000000000001,
          "pre_asp_air_vol": 0.158
        }
      }
    },
    "target_volume_ml": 0.18,
    "measured_volume_ml": 0.17490000000000094,
    "duration_s": 16.59139050001977,
    "timestamp": 1771863287.4070132,
    "replicate_id": 1,
    "metadata": {
      "replicate": 1,
      "volume": 0.17490000000000094,
      "elapsed_s": 16.59139050001977,
      "start_time": "2026-02-23T11:14:30.813698",
      "end_time": "2026-02-23T11:14:47.407013",
      "target_volume_mL": 0.18,
      "measured_volume_uL": 174.90000000000094,
      "target_volume_uL": 180.0,
      "aspirate_speed": 10,
      "dispense_speed": 5,
      "aspirate_wait_time": 1.9000000000000001,
      "dispense_wait_time": 1.5,
      "pre_asp_air_vol": 0.158,
      "retract_speed": 5.0,
      "blowout_vol": 0.0,
      "post_asp_air_vol": 0.0,
      "post_retract_wait_time": 0.0,
      "overaspirate_vol": -0.0018000000000000002
    },
    "trial_score": 0.4929510113986837,
    "trial_quality": "partial_tolerance"
  },
  {
    "measurement_id": "measurement_1771863305973227_1",
    "parameters": {
      "calibration": {
        "overaspirate_vol": 0.0035
      },
      "hardware": {
        "parameters": {
          "aspirate_speed": 10,
          "dispense_speed": 5,
          "aspirate_wait_time": 1.3,
          "pre_asp_air_vol": 0.155
        }
      }
    },
    "target_volume_ml": 0.18,
    "measured_volume_ml": 0.17999999999999972,
    "duration_s": 15.733384600025602,
    "timestamp": 1771863305.9732277,
    "replicate_id": 1,
    "metadata": {
      "replicate": 1,
      "volume": 0.17999999999999972,
      "elapsed_s": 15.733384600025602,
      "start_time": "2026-02-23T11:14:50.248058",
      "end_time": "2026-02-23T11:15:05.973227",
      "target_volume_mL": 0.18,
      "measured_volume_uL": 179.99999999999972,
      "target_volume_uL": 180.0,
      "aspirate_speed": 10,
      "dispense_speed": 5,
      "aspirate_wait_time": 1.3,
      "dispense_wait_time": 1.5,
      "pre_asp_air_vol": 0.155,
      "retract_speed": 5.0,
      "blowout_vol": 0.0,
      "post_asp_air_vol": 0.0,
      "post_retract_wait_time": 0.0,
      "overaspirate_vol": 0.0035
    },
    "trial_score": 0.12184414216745629,
    "trial_quality": "within_tolerance"
  },
  {
    "measurement_id": "measurement_1771863321998700_1",
    "parameters": {
      "calibration": {
        "overaspirate_vol": 0.0035
      },
      "hardware": {
        "parameters": {
          "aspirate_speed": 10,
          "dispense_speed": 5,
          "aspirate_wait_time": 1.3,
          "pre_asp_air_vol": 0.155
        }
      }
    },
    "target_volume_ml": 0.18,
    "measured_volume_ml": 0.1803000000000008,
    "duration_s": 16.016313700005412,
    "timestamp": 1771863321.9987001,
    "replicate_id": 1,
    "metadata": {
      "replicate": 1,
      "volume": 0.1803000000000008,
      "elapsed_s": 16.016313700005412,
      "start_time": "2026-02-23T11:15:05.973227",
      "end_time": "2026-02-23T11:15:21.998700",
      "target_volume_mL": 0.18,
      "measured_volume_uL": 180.3000000000008,
      "target_volume_uL": 180.0,
      "aspirate_speed": 10,
      "dispense_speed": 5,
      "aspirate_wait_time": 1.3,
      "dispense_wait_time": 1.5,
      "pre_asp_air_vol": 0.155,
      "retract_speed": 5.0,
      "blowout_vol": 0.0,
      "post_asp_air_vol": 0.0,
      "post_retract_wait_time": 0.0,
      "overaspirate_vol": 0.0035
    },
    "trial_score": 0.12184414216745629,
    "trial_quality": "within_tolerance"
  },
  {
    "measurement_id": "measurement_1771863338028580_1",
    "parameters": {
      "calibration": {
        "overaspirate_vol": 0.0035
      },
      "hardware": {
        "parameters": {
          "aspirate_speed": 10,
          "dispense_speed": 5,
          "aspirate_wait_time": 1.3,
          "pre_asp_air_vol": 0.155
        }
      }
    },
    "target_volume_ml": 0.18,
    "measured_volume_ml": 0.18069999999999986,
    "duration_s": 16.028544699947815,
    "timestamp": 1771863338.0285807,
    "replicate_id": 1,
    "metadata": {
      "replicate": 1,
      "volume": 0.18069999999999986,
      "elapsed_s": 16.028544699947815,
      "start_time": "2026-02-23T11:15:21.998700",
      "end_time": "2026-02-23T11:15:38.028580",
      "target_volume_mL": 0.18,
      "measured_volume_uL": 180.69999999999987,
      "target_volume_uL": 180.0,
      "aspirate_speed": 10,
      "dispense_speed": 5,
      "aspirate_wait_time": 1.3,
      "dispense_wait_time": 1.5,
      "pre_asp_air_vol": 0.155,
      "retract_speed": 5.0,
      "blowout_vol": 0.0,
      "post_asp_air_vol": 0.0,
      "post_retract_wait_time": 0.0,
      "overaspirate_vol": 0.0035
    },
    "trial_score": 0.12184414216745629,
    "trial_quality": "within_tolerance"
  },
  {
    "measurement_id": "measurement_1771863353991117_1",
    "parameters": {
      "calibration": {
        "overaspirate_vol": 0.0035
      },
      "hardware": {
        "parameters": {
          "aspirate_speed": 10,
          "dispense_speed": 5,
          "aspirate_wait_time": 1.3,
          "pre_asp_air_vol": 0.155
        }
      }
    },
    "target_volume_ml": 0.18,
    "measured_volume_ml": 0.18020000000000103,
    "duration_s": 15.960237199964467,
    "timestamp": 1771863353.9911172,
    "replicate_id": 1,
    "metadata": {
      "replicate": 1,
      "volume": 0.18020000000000103,
      "elapsed_s": 15.960237199964467,
      "start_time": "2026-02-23T11:15:38.028580",
      "end_time": "2026-02-23T11:15:53.991117",
      "target_volume_mL": 0.18,
      "measured_volume_uL": 180.200000000001,
      "target_volume_uL": 180.0,
      "aspirate_speed": 10,
      "dispense_speed": 5,
      "aspirate_wait_time": 1.3,
      "dispense_wait_time": 1.5,
      "pre_asp_air_vol": 0.155,
      "retract_speed": 5.0,
      "blowout_vol": 0.0,
      "post_asp_air_vol": 0.0,
      "post_retract_wait_time": 0.0,
      "overaspirate_vol": 0.0035
    },
    "trial_score": 0.12184414216745629,
    "trial_quality": "within_tolerance"
  },
  {
    "measurement_id": "measurement_1771863369994401_1",
    "parameters": {
      "calibration": {
        "overaspirate_vol": 0.0035
      },
      "hardware": {
        "parameters": {
          "aspirate_speed": 10,
          "dispense_speed": 5,
          "aspirate_wait_time": 1.3,
          "pre_asp_air_vol": 0.155
        }
      }
    },
    "target_volume_ml": 0.18,
    "measured_volume_ml": 0.1803000000000008,
    "duration_s": 16.00132380001014,
    "timestamp": 1771863369.9944017,
    "replicate_id": 1,
    "metadata": {
      "replicate": 1,
      "volume": 0.1803000000000008,
      "elapsed_s": 16.00132380001014,
      "start_time": "2026-02-23T11:15:53.991117",
      "end_time": "2026-02-23T11:16:09.994401",
      "target_volume_mL": 0.18,
      "measured_volume_uL": 180.3000000000008,
      "target_volume_uL": 180.0,
      "aspirate_speed": 10,
      "dispense_speed": 5,
      "aspirate_wait_time": 1.3,
      "dispense_wait_time": 1.5,
      "pre_asp_air_vol": 0.155,
      "retract_speed": 5.0,
      "blowout_vol": 0.0,
      "post_asp_air_vol": 0.0,
      "post_retract_wait_time": 0.0,
      "overaspirate_vol": 0.0035
    },
    "trial_score": 0.12184414216745629,
    "trial_quality": "within_tolerance"
  },
  {
    "measurement_id": "measurement_1771863388799935_1",
    "parameters": {
      "calibration": {
        "overaspirate_vol": 0.0035
      },
      "hardware": {
        "parameters": {
          "aspirate_speed": 12,
          "dispense_speed": 5,
          "aspirate_wait_time": 0.4,
          "pre_asp_air_vol": 0.168
        }
      }
    },
    "target_volume_ml": 0.18,
    "measured_volume_ml": 0.17989999999999995,
    "duration_s": 15.147051300038584,
    "timestamp": 1771863388.7999356,
    "replicate_id": 1,
    "metadata": {
      "replicate": 1,
      "volume": 0.17989999999999995,
      "elapsed_s": 15.147051300038584,
      "start_time": "2026-02-23T11:16:13.663988",
      "end_time": "2026-02-23T11:16:28.799935",
      "target_volume_mL": 0.18,
      "measured_volume_uL": 179.89999999999995,
      "target_volume_uL": 180.0,
      "aspirate_speed": 12,
      "dispense_speed": 5,
      "aspirate_wait_time": 0.4,
      "dispense_wait_time": 1.5,
      "pre_asp_air_vol": 0.168,
      "retract_speed": 5.0,
      "blowout_vol": 0.0,
      "post_asp_air_vol": 0.0,
      "post_retract_wait_time": 0.0,
      "overaspirate_vol": 0.0035
    },
    "trial_score": 0.0803814011756079,
    "trial_quality": "within_tolerance"
  },
  {
    "measurement_id": "measurement_1771863403995598_1",
    "parameters": {
      "calibration": {
        "overaspirate_vol": 0.0035
      },
      "hardware": {
        "parameters": {
          "aspirate_speed": 12,
          "dispense_speed": 5,
          "aspirate_wait_time": 0.4,
          "pre_asp_air_vol": 0.168
        }
      }
    },
    "target_volume_ml": 0.18,
    "measured_volume_ml": 0.18010000000000126,
    "duration_s": 15.19561589998193,
    "timestamp": 1771863403.9955986,
    "replicate_id": 1,
    "metadata": {
      "replicate": 1,
      "volume": 0.18010000000000126,
      "elapsed_s": 15.19561589998193,
      "start_time": "2026-02-23T11:16:28.799935",
      "end_time": "2026-02-23T11:16:43.995598",
      "target_volume_mL": 0.18,
      "measured_volume_uL": 180.10000000000127,
      "target_volume_uL": 180.0,
      "aspirate_speed": 12,
      "dispense_speed": 5,
      "aspirate_wait_time": 0.4,
      "dispense_wait_time": 1.5,
      "pre_asp_air_vol": 0.168,
      "retract_speed": 5.0,
      "blowout_vol": 0.0,
      "post_asp_air_vol": 0.0,
      "post_retract_wait_time": 0.0,
      "overaspirate_vol": 0.0035
    },
    "trial_score": 0.0803814011756079,
    "trial_quality": "within_tolerance"
  },
  {
    "measurement_id": "measurement_1771863419605517_1",
    "parameters": {
      "calibration": {
        "overaspirate_vol": 0.0035
      },
      "hardware": {
        "parameters": {
          "aspirate_speed": 12,
          "dispense_speed": 5,
          "aspirate_wait_time": 0.4,
          "pre_asp_air_vol": 0.168
        }
      }
    },
    "target_volume_ml": 0.18,
    "measured_volume_ml": 0.17999999999999972,
    "duration_s": 15.596002999984194,
    "timestamp": 1771863419.6055179,
    "replicate_id": 1,
    "metadata": {
      "replicate": 1,
      "volume": 0.17999999999999972,
      "elapsed_s": 15.596002999984194,
      "start_time": "2026-02-23T11:16:43.995598",
      "end_time": "2026-02-23T11:16:59.605517",
      "target_volume_mL": 0.18,
      "measured_volume_uL": 179.99999999999972,
      "target_volume_uL": 180.0,
      "aspirate_speed": 12,
      "dispense_speed": 5,
      "aspirate_wait_time": 0.4,
      "dispense_wait_time": 1.5,
      "pre_asp_air_vol": 0.168,
      "retract_speed": 5.0,
      "blowout_vol": 0.0,
      "post_asp_air_vol": 0.0,
      "post_retract_wait_time": 0.0,
      "overaspirate_vol": 0.0035
    },
    "trial_score": 0.0803814011756079,
    "trial_quality": "within_tolerance"
  },
  {
    "measurement_id": "measurement_1771863434802440_1",
    "parameters": {
      "calibration": {
        "overaspirate_vol": 0.0035
      },
      "hardware": {
        "parameters": {
          "aspirate_speed": 12,
          "dispense_speed": 5,
          "aspirate_wait_time": 0.4,
          "pre_asp_air_vol": 0.168
        }
      }
    },
    "target_volume_ml": 0.18,
    "measured_volume_ml": 0.18010000000000304,
    "duration_s": 15.194308499980252,
    "timestamp": 1771863434.8024402,
    "replicate_id": 1,
    "metadata": {
      "replicate": 1,
      "volume": 0.18010000000000304,
      "elapsed_s": 15.194308499980252,
      "start_time": "2026-02-23T11:16:59.605517",
      "end_time": "2026-02-23T11:17:14.802440",
      "target_volume_mL": 0.18,
      "measured_volume_uL": 180.10000000000304,
      "target_volume_uL": 180.0,
      "aspirate_speed": 12,
      "dispense_speed": 5,
      "aspirate_wait_time": 0.4,
      "dispense_wait_time": 1.5,
      "pre_asp_air_vol": 0.168,
      "retract_speed": 5.0,
      "blowout_vol": 0.0,
      "post_asp_air_vol": 0.0,
      "post_retract_wait_time": 0.0,
      "overaspirate_vol": 0.0035
    },
    "trial_score": 0.0803814011756079,
    "trial_quality": "within_tolerance"
  },
  {
    "measurement_id": "measurement_1771863450011457_1",
    "parameters": {
      "calibration": {
        "overaspirate_vol": 0.0035
      },
      "hardware": {
        "parameters": {
          "aspirate_speed": 12,
          "dispense_speed": 5,
          "aspirate_wait_time": 0.4,
          "pre_asp_air_vol": 0.168
        }
      }
    },
    "target_volume_ml": 0.18,
    "measured_volume_ml": 0.1803000000000008,
    "duration_s": 15.218690300011076,
    "timestamp": 1771863450.0114574,
    "replicate_id": 1,
    "metadata": {
      "replicate": 1,
      "volume": 0.1803000000000008,
      "elapsed_s": 15.218690300011076,
      "start_time": "2026-02-23T11:17:14.802440",
      "end_time": "2026-02-23T11:17:30.011457",
      "target_volume_mL": 0.18,
      "measured_volume_uL": 180.3000000000008,
      "target_volume_uL": 180.0,
      "aspirate_speed": 12,
      "dispense_speed": 5,
      "aspirate_wait_time": 0.4,
      "dispense_wait_time": 1.5,
      "pre_asp_air_vol": 0.168,
      "retract_speed": 5.0,
      "blowout_vol": 0.0,
      "post_asp_air_vol": 0.0,
      "post_retract_wait_time": 0.0,
      "overaspirate_vol": 0.0035
    },
    "trial_score": 0.0803814011756079,
    "trial_quality": "within_tolerance"
  },
  {
    "measurement_id": "measurement_1771863465006122_1",
    "parameters": {
      "calibration": {
        "overaspirate_vol": 0.0035
      },
      "hardware": {
        "parameters": {
          "aspirate_speed": 12,
          "dispense_speed": 5,
          "aspirate_wait_time": 0.4,
          "pre_asp_air_vol": 0.168
        }
      }
    },
    "target_volume_ml": 0.13,
    "measured_volume_ml": 0.13049999999999962,
    "duration_s": 14.958921299956273,
    "timestamp": 1771863465.0061224,
    "replicate_id": 1,
    "metadata": {
      "replicate": 1,
      "volume": 0.13049999999999962,
      "elapsed_s": 14.958921299956273,
      "start_time": "2026-02-23T11:17:30.048028",
      "end_time": "2026-02-23T11:17:45.006122",
      "target_volume_mL": 0.13,
      "measured_volume_uL": 130.4999999999996,
      "target_volume_uL": 130.0,
      "aspirate_speed": 12,
      "dispense_speed": 5,
      "aspirate_wait_time": 0.4,
      "dispense_wait_time": 1.5,
      "pre_asp_air_vol": 0.168,
      "retract_speed": 5.0,
      "blowout_vol": 0.0,
      "post_asp_air_vol": 0.0,
      "post_retract_wait_time": 0.0,
      "overaspirate_vol": 0.0035
    },
    "trial_score": 0.6267861479228715,
    "trial_quality": "within_tolerance"
  },
  {
    "measurement_id": "measurement_1771863480022213_1",
    "parameters": {
      "calibration": {
        "overaspirate_vol": 0.0004000000000003883
      },
      "hardware": {
        "parameters": {
          "aspirate_speed": 12,
          "dispense_speed": 5,
          "aspirate_wait_time": 0.4,
          "pre_asp_air_vol": 0.168
        }
      }
    },
    "target_volume_ml": 0.13,
    "measured_volume_ml": 0.1272000000000002,
    "duration_s": 15.013422299991362,
    "timestamp": 1771863480.0222135,
    "replicate_id": 1,
    "metadata": {
      "replicate": 1,
      "volume": 0.1272000000000002,
      "elapsed_s": 15.013422299991362,
      "start_time": "2026-02-23T11:17:45.006122",
      "end_time": "2026-02-23T11:18:00.022213",
      "target_volume_mL": 0.13,
      "measured_volume_uL": 127.2000000000002,
      "target_volume_uL": 130.0,
      "aspirate_speed": 12,
      "dispense_speed": 5,
      "aspirate_wait_time": 0.4,
      "dispense_wait_time": 1.5,
      "pre_asp_air_vol": 0.168,
      "retract_speed": 5.0,
      "blowout_vol": 0.0,
      "post_asp_air_vol": 0.0,
      "post_retract_wait_time": 0.0,
      "overaspirate_vol": 0.0004000000000003883
    },
    "trial_score": 0.9513267922820212,
    "trial_quality": "partial_tolerance"
  },
  {
    "measurement_id": "measurement_1771863495210934_1",
    "parameters": {
      "calibration": {
        "overaspirate_vol": 0.0030303030303033664
      },
      "hardware": {
        "parameters": {
          "aspirate_speed": 12,
          "dispense_speed": 5,
          "aspirate_wait_time": 0.4,
          "pre_asp_air_vol": 0.168
        }
      }
    },
    "target_volume_ml": 0.13,
    "measured_volume_ml": 0.12979999999999947,
    "duration_s": 15.183948400022928,
    "timestamp": 1771863495.2109346,
    "replicate_id": 1,
    "metadata": {
      "replicate": 1,
      "volume": 0.12979999999999947,
      "elapsed_s": 15.183948400022928,
      "start_time": "2026-02-23T11:18:00.027616",
      "end_time": "2026-02-23T11:18:15.210934",
      "target_volume_mL": 0.13,
      "measured_volume_uL": 129.79999999999947,
      "target_volume_uL": 130.0,
      "aspirate_speed": 12,
      "dispense_speed": 5,
      "aspirate_wait_time": 0.4,
      "dispense_wait_time": 1.5,
      "pre_asp_air_vol": 0.168,
      "retract_speed": 5.0,
      "blowout_vol": 0.0,
      "post_asp_air_vol": 0.0,
      "post_retract_wait_time": 0.0,
      "overaspirate_vol": 0.0030303030303033664
    },
    "trial_score": 0.13468043767803506,
    "trial_quality": "within_tolerance"
  },
  {
    "measurement_id": "measurement_1771863510223700_1",
    "parameters": {
      "calibration": {
        "overaspirate_vol": 0.0030303030303033664
      },
      "hardware": {
        "parameters": {
          "aspirate_speed": 12,
          "dispense_speed": 5,
          "aspirate_wait_time": 0.4,
          "pre_asp_air_vol": 0.168
        }
      }
    },
    "target_volume_ml": 0.13,
    "measured_volume_ml": 0.12950000000000017,
    "duration_s": 15.01113139995141,
    "timestamp": 1771863510.2237005,
    "replicate_id": 1,
    "metadata": {
      "replicate": 1,
      "volume": 0.12950000000000017,
      "elapsed_s": 15.01113139995141,
      "start_time": "2026-02-23T11:18:15.210934",
      "end_time": "2026-02-23T11:18:30.223700",
      "target_volume_mL": 0.13,
      "measured_volume_uL": 129.50000000000017,
      "target_volume_uL": 130.0,
      "aspirate_speed": 12,
      "dispense_speed": 5,
      "aspirate_wait_time": 0.4,
      "dispense_wait_time": 1.5,
      "pre_asp_air_vol": 0.168,
      "retract_speed": 5.0,
      "blowout_vol": 0.0,
      "post_asp_air_vol": 0.0,
      "post_retract_wait_time": 0.0,
      "overaspirate_vol": 0.0030303030303033664
    },
    "trial_score": 0.13468043767803506,
    "trial_quality": "within_tolerance"
  },
  {
    "measurement_id": "measurement_1771863525458151_1",
    "parameters": {
      "calibration": {
        "overaspirate_vol": 0.0030303030303033664
      },
      "hardware": {
        "parameters": {
          "aspirate_speed": 12,
          "dispense_speed": 5,
          "aspirate_wait_time": 0.4,
          "pre_asp_air_vol": 0.168
        }
      }
    },
    "target_volume_ml": 0.13,
    "measured_volume_ml": 0.1296999999999997,
    "duration_s": 15.239531299972441,
    "timestamp": 1771863525.4581516,
    "replicate_id": 1,
    "metadata": {
      "replicate": 1,
      "volume": 0.1296999999999997,
      "elapsed_s": 15.239531299972441,
      "start_time": "2026-02-23T11:18:30.223700",
      "end_time": "2026-02-23T11:18:45.458151",
      "target_volume_mL": 0.13,
      "measured_volume_uL": 129.6999999999997,
      "target_volume_uL": 130.0,
      "aspirate_speed": 12,
      "dispense_speed": 5,
      "aspirate_wait_time": 0.4,
      "dispense_wait_time": 1.5,
      "pre_asp_air_vol": 0.168,
      "retract_speed": 5.0,
      "blowout_vol": 0.0,
      "post_asp_air_vol": 0.0,
      "post_retract_wait_time": 0.0,
      "overaspirate_vol": 0.0030303030303033664
    },
    "trial_score": 0.13468043767803506,
    "trial_quality": "within_tolerance"
  },
  {
    "measurement_id": "measurement_1771863540416886_1",
    "parameters": {
      "calibration": {
        "overaspirate_vol": 0.0030303030303033664
      },
      "hardware": {
        "parameters": {
          "aspirate_speed": 12,
          "dispense_speed": 5,
          "aspirate_wait_time": 0.4,
          "pre_asp_air_vol": 0.168
        }
      }
    },
    "target_volume_ml": 0.13,
    "measured_volume_ml": 0.13039999999999985,
    "duration_s": 14.952303399972152,
    "timestamp": 1771863540.416886,
    "replicate_id": 1,
    "metadata": {
      "replicate": 1,
      "volume": 0.13039999999999985,
      "elapsed_s": 14.952303399972152,
      "start_time": "2026-02-23T11:18:45.458151",
      "end_time": "2026-02-23T11:19:00.416886",
      "target_volume_mL": 0.13,
      "measured_volume_uL": 130.39999999999986,
      "target_volume_uL": 130.0,
      "aspirate_speed": 12,
      "dispense_speed": 5,
      "aspirate_wait_time": 0.4,
      "dispense_wait_time": 1.5,
      "pre_asp_air_vol": 0.168,
      "retract_speed": 5.0,
      "blowout_vol": 0.0,
      "post_asp_air_vol": 0.0,
      "post_retract_wait_time": 0.0,
      "overaspirate_vol": 0.0030303030303033664
    },
    "trial_score": 0.13468043767803506,
    "trial_quality": "within_tolerance"
  },
  {
    "measurement_id": "measurement_1771863555600852_1",
    "parameters": {
      "calibration": {
        "overaspirate_vol": 0.0030303030303033664
      },
      "hardware": {
        "parameters": {
          "aspirate_speed": 12,
          "dispense_speed": 5,
          "aspirate_wait_time": 0.4,
          "pre_asp_air_vol": 0.168
        }
      }
    },
    "target_volume_ml": 0.13,
    "measured_volume_ml": 0.129999999999999,
    "duration_s": 15.181243900035042,
    "timestamp": 1771863555.6008523,
    "replicate_id": 1,
    "metadata": {
      "replicate": 1,
      "volume": 0.129999999999999,
      "elapsed_s": 15.181243900035042,
      "start_time": "2026-02-23T11:19:00.416886",
      "end_time": "2026-02-23T11:19:15.600852",
      "target_volume_mL": 0.13,
      "measured_volume_uL": 129.999999999999,
      "target_volume_uL": 130.0,
      "aspirate_speed": 12,
      "dispense_speed": 5,
      "aspirate_wait_time": 0.4,
      "dispense_wait_time": 1.5,
      "pre_asp_air_vol": 0.168,
      "retract_speed": 5.0,
      "blowout_vol": 0.0,
      "post_asp_air_vol": 0.0,
      "post_retract_wait_time": 0.0,
      "overaspirate_vol": 0.0030303030303033664
    },
    "trial_score": 0.13468043767803506,
    "trial_quality": "within_tolerance"
  },
  {
    "measurement_id": "measurement_1771863570178320_1",
    "parameters": {
      "calibration": {
        "overaspirate_vol": 0.0035
      },
      "hardware": {
        "parameters": {
          "aspirate_speed": 12,
          "dispense_speed": 5,
          "aspirate_wait_time": 0.4,
          "pre_asp_air_vol": 0.168
        }
      }
    },
    "target_volume_ml": 0.08,
    "measured_volume_ml": 0.08079999999999998,
    "duration_s": 14.583608699962497,
    "timestamp": 1771863570.1783202,
    "replicate_id": 1,
    "metadata": {
      "replicate": 1,
      "volume": 0.08079999999999998,
      "elapsed_s": 14.583608699962497,
      "start_time": "2026-02-23T11:19:15.609176",
      "end_time": "2026-02-23T11:19:30.178320",
      "target_volume_mL": 0.08,
      "measured_volume_uL": 80.79999999999998,
      "target_volume_uL": 80.0,
      "aspirate_speed": 12,
      "dispense_speed": 5,
      "aspirate_wait_time": 0.4,
      "dispense_wait_time": 1.5,
      "pre_asp_air_vol": 0.168,
      "retract_speed": 5.0,
      "blowout_vol": 0.0,
      "post_asp_air_vol": 0.0,
      "post_retract_wait_time": 0.0,
      "overaspirate_vol": 0.0035
    },
    "trial_score": 0.7486120289998703,
    "trial_quality": "within_tolerance"
  },
  {
    "measurement_id": "measurement_1771863585193671_1",
    "parameters": {
      "calibration": {
        "overaspirate_vol": 0.001100000000000019
      },
      "hardware": {
        "parameters": {
          "aspirate_speed": 12,
          "dispense_speed": 5,
          "aspirate_wait_time": 0.4,
          "pre_asp_air_vol": 0.168
        }
      }
    },
    "target_volume_ml": 0.08,
    "measured_volume_ml": 0.07849999999999824,
    "duration_s": 14.997446599998511,
    "timestamp": 1771863585.1936715,
    "replicate_id": 1,
    "metadata": {
      "replicate": 1,
      "volume": 0.07849999999999824,
      "elapsed_s": 14.997446599998511,
      "start_time": "2026-02-23T11:19:30.193953",
      "end_time": "2026-02-23T11:19:45.193552",
      "target_volume_mL": 0.08,
      "measured_volume_uL": 78.49999999999824,
      "target_volume_uL": 80.0,
      "aspirate_speed": 12,
      "dispense_speed": 5,
      "aspirate_wait_time": 0.4,
      "dispense_wait_time": 1.5,
      "pre_asp_air_vol": 0.168,
      "retract_speed": 5.0,
      "blowout_vol": 0.0,
      "post_asp_air_vol": 0.0,
      "post_retract_wait_time": 0.0,
      "overaspirate_vol": 0.001100000000000019
    },
    "trial_score": 0.9249914886671027,
    "trial_quality": "within_tolerance"
  },
  {
    "measurement_id": "measurement_1771863600188815_1",
    "parameters": {
      "calibration": {
        "overaspirate_vol": 0.002665217391305006
      },
      "hardware": {
        "parameters": {
          "aspirate_speed": 12,
          "dispense_speed": 5,
          "aspirate_wait_time": 0.4,
          "pre_asp_air_vol": 0.168
        }
      }
    },
    "target_volume_ml": 0.08,
    "measured_volume_ml": 0.079699999999999,
    "duration_s": 14.993608099990524,
    "timestamp": 1771863600.188815,
    "replicate_id": 1,
    "metadata": {
      "replicate": 1,
      "volume": 0.079699999999999,
      "elapsed_s": 14.993608099990524,
      "start_time": "2026-02-23T11:19:45.194922",
      "end_time": "2026-02-23T11:20:00.188815",
      "target_volume_mL": 0.08,
      "measured_volume_uL": 79.699999999999,
      "target_volume_uL": 80.0,
      "aspirate_speed": 12,
      "dispense_speed": 5,
      "aspirate_wait_time": 0.4,
      "dispense_wait_time": 1.5,
      "pre_asp_air_vol": 0.168,
      "retract_speed": 5.0,
      "blowout_vol": 0.0,
      "post_asp_air_vol": 0.0,
      "post_retract_wait_time": 0.0,
      "overaspirate_vol": 0.002665217391305006
    },
    "trial_score": 0.19579726529186892,
    "trial_quality": "within_tolerance"
  },
  {
    "measurement_id": "measurement_1771863614786544_1",
    "parameters": {
      "calibration": {
        "overaspirate_vol": 0.002665217391305006
      },
      "hardware": {
        "parameters": {
          "aspirate_speed": 12,
          "dispense_speed": 5,
          "aspirate_wait_time": 0.4,
          "pre_asp_air_vol": 0.168
        }
      }
    },
    "target_volume_ml": 0.08,
    "measured_volume_ml": 0.07939999999999969,
    "duration_s": 14.596595300012268,
    "timestamp": 1771863614.7865443,
    "replicate_id": 1,
    "metadata": {
      "replicate": 1,
      "volume": 0.07939999999999969,
      "elapsed_s": 14.596595300012268,
      "start_time": "2026-02-23T11:20:00.188815",
      "end_time": "2026-02-23T11:20:14.786544",
      "target_volume_mL": 0.08,
      "measured_volume_uL": 79.3999999999997,
      "target_volume_uL": 80.0,
      "aspirate_speed": 12,
      "dispense_speed": 5,
      "aspirate_wait_time": 0.4,
      "dispense_wait_time": 1.5,
      "pre_asp_air_vol": 0.168,
      "retract_speed": 5.0,
      "blowout_vol": 0.0,
      "post_asp_air_vol": 0.0,
      "post_retract_wait_time": 0.0,
      "overaspirate_vol": 0.002665217391305006
    },
    "trial_score": 0.19579726529186892,
    "trial_quality": "within_tolerance"
  },
  {
    "measurement_id": "measurement_1771863629390430_1",
    "parameters": {
      "calibration": {
        "overaspirate_vol": 0.002665217391305006
      },
      "hardware": {
        "parameters": {
          "aspirate_speed": 12,
          "dispense_speed": 5,
          "aspirate_wait_time": 0.4,
          "pre_asp_air_vol": 0.168
        }
      }
    },
    "target_volume_ml": 0.08,
    "measured_volume_ml": 0.07979999999999876,
    "duration_s": 14.60066299996106,
    "timestamp": 1771863629.3904302,
    "replicate_id": 1,
    "metadata": {
      "replicate": 1,
      "volume": 0.07979999999999876,
      "elapsed_s": 14.60066299996106,
      "start_time": "2026-02-23T11:20:14.786544",
      "end_time": "2026-02-23T11:20:29.390430",
      "target_volume_mL": 0.08,
      "measured_volume_uL": 79.79999999999876,
      "target_volume_uL": 80.0,
      "aspirate_speed": 12,
      "dispense_speed": 5,
      "aspirate_wait_time": 0.4,
      "dispense_wait_time": 1.5,
      "pre_asp_air_vol": 0.168,
      "retract_speed": 5.0,
      "blowout_vol": 0.0,
      "post_asp_air_vol": 0.0,
      "post_retract_wait_time": 0.0,
      "overaspirate_vol": 0.002665217391305006
    },
    "trial_score": 0.19579726529186892,
    "trial_quality": "within_tolerance"
  },
  {
    "measurement_id": "measurement_1771863644384472_1",
    "parameters": {
      "calibration": {
        "overaspirate_vol": 0.002665217391305006
      },
      "hardware": {
        "parameters": {
          "aspirate_speed": 12,
          "dispense_speed": 5,
          "aspirate_wait_time": 0.4,
          "pre_asp_air_vol": 0.168
        }
      }
    },
    "target_volume_ml": 0.08,
    "measured_volume_ml": 0.07949999999999946,
    "duration_s": 14.992898500000592,
    "timestamp": 1771863644.3844726,
    "replicate_id": 1,
    "metadata": {
      "replicate": 1,
      "volume": 0.07949999999999946,
      "elapsed_s": 14.992898500000592,
      "start_time": "2026-02-23T11:20:29.390430",
      "end_time": "2026-02-23T11:20:44.384472",
      "target_volume_mL": 0.08,
      "measured_volume_uL": 79.49999999999946,
      "target_volume_uL": 80.0,
      "aspirate_speed": 12,
      "dispense_speed": 5,
      "aspirate_wait_time": 0.4,
      "dispense_wait_time": 1.5,
      "pre_asp_air_vol": 0.168,
      "retract_speed": 5.0,
      "blowout_vol": 0.0,
      "post_asp_air_vol": 0.0,
      "post_retract_wait_time": 0.0,
      "overaspirate_vol": 0.002665217391305006
    },
    "trial_score": 0.19579726529186892,
    "trial_quality": "within_tolerance"
  },
  {
    "measurement_id": "measurement_1771863659006289_1",
    "parameters": {
      "calibration": {
        "overaspirate_vol": 0.002665217391305006
      },
      "hardware": {
        "parameters": {
          "aspirate_speed": 12,
          "dispense_speed": 5,
          "aspirate_wait_time": 0.4,
          "pre_asp_air_vol": 0.168
        }
      }
    },
    "target_volume_ml": 0.08,
    "measured_volume_ml": 0.07970000000000255,
    "duration_s": 14.621040700003505,
    "timestamp": 1771863659.0062892,
    "replicate_id": 1,
    "metadata": {
      "replicate": 1,
      "volume": 0.07970000000000255,
      "elapsed_s": 14.621040700003505,
      "start_time": "2026-02-23T11:20:44.384472",
      "end_time": "2026-02-23T11:20:59.006289",
      "target_volume_mL": 0.08,
      "measured_volume_uL": 79.70000000000255,
      "target_volume_uL": 80.0,
      "aspirate_speed": 12,
      "dispense_speed": 5,
      "aspirate_wait_time": 0.4,
      "dispense_wait_time": 1.5,
      "pre_asp_air_vol": 0.168,
      "retract_speed": 5.0,
      "blowout_vol": 0.0,
      "post_asp_air_vol": 0.0,
      "post_retract_wait_time": 0.0,
      "overaspirate_vol": 0.002665217391305006
    },
    "trial_score": 0.19579726529186892,
    "trial_quality": "within_tolerance"
  }
]