[
  {
    "measurement_id": "measurement_1763749248499068_1",
    "parameters": {
      "calibration": {
        "overaspirate_vol": 0.005132929980754852
      },
      "hardware": {
        "parameters": {
          "aspirate_speed": 16,
          "dispense_speed": 14,
          "aspirate_wait_time": 0.9100431799888611,
          "dispense_wait_time": 0.26149865984916687,
          "retract_speed": 14.323761224746704,
          "blowout_vol": 0.03655060231685638,
          "post_asp_air_vol": 0.020392718911170962
        }
      }
    },
    "target_volume_ml": 0.05,
    "measured_volume_ml": 0.045558378576907706,
    "duration_s": 26.200120700057596,
    "timestamp": 1763749248.4990685,
    "replicate_id": 1,
    "metadata": {
      "replicate": 1,
      "volume": 0.045558378576907706,
      "elapsed_s": 26.200120700057596,
      "start_time": "2025-11-21T13:20:22.299839",
      "end_time": "2025-11-21T13:20:48.499068",
      "target_volume_mL": 0.05,
      "measured_volume_uL": 45.55837857690771,
      "target_volume_uL": 50.0,
      "aspirate_speed": 20,
      "dispense_speed": 15,
      "aspirate_wait_time": 2.0,
      "dispense_wait_time": 1.0,
      "retract_speed": 5.0,
      "blowout_vol": 0.02,
      "post_asp_air_vol": 0.01,
      "overaspirate_vol": 0.005132929980754852
    },
    "trial_score": 1.452421929168955,
    "trial_quality": "outside_tolerance"
  },
  {
    "measurement_id": "measurement_1763749270701726_1",
    "parameters": {
      "calibration": {
        "overaspirate_vol": 0.005132929980754852
      },
      "hardware": {
        "parameters": {
          "aspirate_speed": 16,
          "dispense_speed": 14,
          "aspirate_wait_time": 0.9100431799888611,
          "dispense_wait_time": 0.26149865984916687,
          "retract_speed": 14.323761224746704,
          "blowout_vol": 0.03655060231685638,
          "post_asp_air_vol": 0.020392718911170962
        }
      }
    },
    "target_volume_ml": 0.05,
    "measured_volume_ml": 0.04517073685942712,
    "duration_s": 22.199392599985003,
    "timestamp": 1763749270.7017267,
    "replicate_id": 1,
    "metadata": {
      "replicate": 1,
      "volume": 0.04517073685942712,
      "elapsed_s": 22.199392599985003,
      "start_time": "2025-11-21T13:20:48.499068",
      "end_time": "2025-11-21T13:21:10.701514",
      "target_volume_mL": 0.05,
      "measured_volume_uL": 45.17073685942712,
      "target_volume_uL": 50.0,
      "aspirate_speed": 20,
      "dispense_speed": 15,
      "aspirate_wait_time": 2.0,
      "dispense_wait_time": 1.0,
      "retract_speed": 5.0,
      "blowout_vol": 0.02,
      "post_asp_air_vol": 0.01,
      "overaspirate_vol": 0.005132929980754852
    },
    "trial_score": 1.452421929168955,
    "trial_quality": "outside_tolerance"
  },
  {
    "measurement_id": "measurement_1763749292295128_1",
    "parameters": {
      "calibration": {
        "overaspirate_vol": 0.005132929980754852
      },
      "hardware": {
        "parameters": {
          "aspirate_speed": 16,
          "dispense_speed": 14,
          "aspirate_wait_time": 0.9100431799888611,
          "dispense_wait_time": 0.26149865984916687,
          "retract_speed": 14.323761224746704,
          "blowout_vol": 0.03655060231685638,
          "post_asp_air_vol": 0.020392718911170962
        }
      }
    },
    "target_volume_ml": 0.05,
    "measured_volume_ml": 0.04424476494718761,
    "duration_s": 21.592225400032476,
    "timestamp": 1763749292.295128,
    "replicate_id": 1,
    "metadata": {
      "replicate": 1,
      "volume": 0.04424476494718761,
      "elapsed_s": 21.592225400032476,
      "start_time": "2025-11-21T13:21:10.702757",
      "end_time": "2025-11-21T13:21:32.294913",
      "target_volume_mL": 0.05,
      "measured_volume_uL": 44.24476494718761,
      "target_volume_uL": 50.0,
      "aspirate_speed": 20,
      "dispense_speed": 15,
      "aspirate_wait_time": 2.0,
      "dispense_wait_time": 1.0,
      "retract_speed": 5.0,
      "blowout_vol": 0.02,
      "post_asp_air_vol": 0.01,
      "overaspirate_vol": 0.005132929980754852
    },
    "trial_score": 1.452421929168955,
    "trial_quality": "outside_tolerance"
  },
  {
    "measurement_id": "measurement_1763749315503907_1",
    "parameters": {
      "calibration": {
        "overaspirate_vol": 0.003289668986108154
      },
      "hardware": {
        "parameters": {
          "aspirate_speed": 11,
          "dispense_speed": 10,
          "aspirate_wait_time": 1.2166957687586546,
          "dispense_wait_time": 1.5025681629776955,
          "retract_speed": 5.057724988088012,
          "blowout_vol": 0.18795699384063483,
          "post_asp_air_vol": 0.07706798538565636
        }
      }
    },
    "target_volume_ml": 0.05,
    "measured_volume_ml": 0.044083704510765376,
    "duration_s": 23.196729699964635,
    "timestamp": 1763749315.5039077,
    "replicate_id": 1,
    "metadata": {
      "replicate": 1,
      "volume": 0.044083704510765376,
      "elapsed_s": 23.196729699964635,
      "start_time": "2025-11-21T13:21:32.307013",
      "end_time": "2025-11-21T13:21:55.503710",
      "target_volume_mL": 0.05,
      "measured_volume_uL": 44.08370451076537,
      "target_volume_uL": 50.0,
      "aspirate_speed": 20,
      "dispense_speed": 15,
      "aspirate_wait_time": 2.0,
      "dispense_wait_time": 1.0,
      "retract_speed": 5.0,
      "blowout_vol": 0.02,
      "post_asp_air_vol": 0.01,
      "overaspirate_vol": 0.003289668986108154
    },
    "trial_score": 1.8712861661467182,
    "trial_quality": "outside_tolerance"
  },
  {
    "measurement_id": "measurement_1763749337496551_1",
    "parameters": {
      "calibration": {
        "overaspirate_vol": 0.0009555800934322178
      },
      "hardware": {
        "parameters": {
          "aspirate_speed": 19,
          "dispense_speed": 17,
          "aspirate_wait_time": 0.0036186370998620987,
          "dispense_wait_time": 1.4066540338099003,
          "retract_speed": 1.8598279654979706,
          "blowout_vol": 0.05513205546885729,
          "post_asp_air_vol": 0.052993999607861046
        }
      }
    },
    "target_volume_ml": 0.05,
    "measured_volume_ml": 0.04103315671705208,
    "duration_s": 21.980090799974278,
    "timestamp": 1763749337.4965518,
    "replicate_id": 1,
    "metadata": {
      "replicate": 1,
      "volume": 0.04103315671705208,
      "elapsed_s": 21.980090799974278,
      "start_time": "2025-11-21T13:21:55.515984",
      "end_time": "2025-11-21T13:22:17.495498",
      "target_volume_mL": 0.05,
      "measured_volume_uL": 41.03315671705208,
      "target_volume_uL": 50.0,
      "aspirate_speed": 20,
      "dispense_speed": 15,
      "aspirate_wait_time": 2.0,
      "dispense_wait_time": 1.0,
      "retract_speed": 5.0,
      "blowout_vol": 0.02,
      "post_asp_air_vol": 0.01,
      "overaspirate_vol": 0.0009555800934322178
    },
    "trial_score": 1.9321359753534164,
    "trial_quality": "outside_tolerance"
  },
  {
    "measurement_id": "measurement_1763749356688352_1",
    "parameters": {
      "calibration": {
        "overaspirate_vol": 0.007496376349590718
      },
      "hardware": {
        "parameters": {
          "aspirate_speed": 8,
          "dispense_speed": 5,
          "aspirate_wait_time": 1.8727559987455606,
          "dispense_wait_time": 0.6650948170572519,
          "retract_speed": 10.961748152971268,
          "blowout_vol": 0.11937548741698266,
          "post_asp_air_vol": 0.046420203149318696
        }
      }
    },
    "target_volume_ml": 0.05,
    "measured_volume_ml": 0.04819565413036934,
    "duration_s": 19.18125520006288,
    "timestamp": 1763749356.6883528,
    "replicate_id": 1,
    "metadata": {
      "replicate": 1,
      "volume": 0.04819565413036934,
      "elapsed_s": 19.18125520006288,
      "start_time": "2025-11-21T13:22:17.509087",
      "end_time": "2025-11-21T13:22:36.688352",
      "target_volume_mL": 0.05,
      "measured_volume_uL": 48.19565413036934,
      "target_volume_uL": 50.0,
      "aspirate_speed": 20,
      "dispense_speed": 15,
      "aspirate_wait_time": 2.0,
      "dispense_wait_time": 1.0,
      "retract_speed": 5.0,
      "blowout_vol": 0.02,
      "post_asp_air_vol": 0.01,
      "overaspirate_vol": 0.007496376349590718
    },
    "trial_score": 0.7952855464742216,
    "trial_quality": "partial_tolerance"
  },
  {
    "measurement_id": "measurement_1763749378882043_1",
    "parameters": {
      "calibration": {
        "overaspirate_vol": 0.007496376349590718
      },
      "hardware": {
        "parameters": {
          "aspirate_speed": 8,
          "dispense_speed": 5,
          "aspirate_wait_time": 1.8727559987455606,
          "dispense_wait_time": 0.6650948170572519,
          "retract_speed": 10.961748152971268,
          "blowout_vol": 0.11937548741698266,
          "post_asp_air_vol": 0.046420203149318696
        }
      }
    },
    "target_volume_ml": 0.05,
    "measured_volume_ml": 0.046766177570946296,
    "duration_s": 22.19981210003607,
    "timestamp": 1763749378.8820434,
    "replicate_id": 1,
    "metadata": {
      "replicate": 1,
      "volume": 0.046766177570946296,
      "elapsed_s": 22.19981210003607,
      "start_time": "2025-11-21T13:22:36.688352",
      "end_time": "2025-11-21T13:22:58.882043",
      "target_volume_mL": 0.05,
      "measured_volume_uL": 46.7661775709463,
      "target_volume_uL": 50.0,
      "aspirate_speed": 20,
      "dispense_speed": 15,
      "aspirate_wait_time": 2.0,
      "dispense_wait_time": 1.0,
      "retract_speed": 5.0,
      "blowout_vol": 0.02,
      "post_asp_air_vol": 0.01,
      "overaspirate_vol": 0.007496376349590718
    },
    "trial_score": 0.7952855464742216,
    "trial_quality": "partial_tolerance"
  },
  {
    "measurement_id": "measurement_1763749400692316_1",
    "parameters": {
      "calibration": {
        "overaspirate_vol": 0.007496376349590718
      },
      "hardware": {
        "parameters": {
          "aspirate_speed": 8,
          "dispense_speed": 5,
          "aspirate_wait_time": 1.8727559987455606,
          "dispense_wait_time": 0.6650948170572519,
          "retract_speed": 10.961748152971268,
          "blowout_vol": 0.11937548741698266,
          "post_asp_air_vol": 0.046420203149318696
        }
      }
    },
    "target_volume_ml": 0.05,
    "measured_volume_ml": 0.04733276675549967,
    "duration_s": 21.79957909998484,
    "timestamp": 1763749400.692316,
    "replicate_id": 1,
    "metadata": {
      "replicate": 1,
      "volume": 0.04733276675549967,
      "elapsed_s": 21.79957909998484,
      "start_time": "2025-11-21T13:22:58.882043",
      "end_time": "2025-11-21T13:23:20.692316",
      "target_volume_mL": 0.05,
      "measured_volume_uL": 47.33276675549967,
      "target_volume_uL": 50.0,
      "aspirate_speed": 20,
      "dispense_speed": 15,
      "aspirate_wait_time": 2.0,
      "dispense_wait_time": 1.0,
      "retract_speed": 5.0,
      "blowout_vol": 0.02,
      "post_asp_air_vol": 0.01,
      "overaspirate_vol": 0.007496376349590718
    },
    "trial_score": 0.7952855464742216,
    "trial_quality": "partial_tolerance"
  },
  {
    "measurement_id": "measurement_1763749422489108_1",
    "parameters": {
      "calibration": {
        "overaspirate_vol": 0.006057524154894054
      },
      "hardware": {
        "parameters": {
          "aspirate_speed": 17,
          "dispense_speed": 11,
          "aspirate_wait_time": 1.6443808116018772,
          "dispense_wait_time": 0.9889514353126287,
          "retract_speed": 11.954907761886716,
          "blowout_vol": 0.08586102034896613,
          "post_asp_air_vol": 0.06974538145586849
        }
      }
    },
    "target_volume_ml": 0.05,
    "measured_volume_ml": 0.04702525753763717,
    "duration_s": 21.789349500089884,
    "timestamp": 1763749422.4891083,
    "replicate_id": 1,
    "metadata": {
      "replicate": 1,
      "volume": 0.04702525753763717,
      "elapsed_s": 21.789349500089884,
      "start_time": "2025-11-21T13:23:20.704041",
      "end_time": "2025-11-21T13:23:42.489108",
      "target_volume_mL": 0.05,
      "measured_volume_uL": 47.025257537637174,
      "target_volume_uL": 50.0,
      "aspirate_speed": 20,
      "dispense_speed": 15,
      "aspirate_wait_time": 2.0,
      "dispense_wait_time": 1.0,
      "retract_speed": 5.0,
      "blowout_vol": 0.02,
      "post_asp_air_vol": 0.01,
      "overaspirate_vol": 0.006057524154894054
    },
    "trial_score": 0.8456459509080329,
    "trial_quality": "partial_tolerance"
  },
  {
    "measurement_id": "measurement_1763749445091874_1",
    "parameters": {
      "calibration": {
        "overaspirate_vol": 0.006057524154894054
      },
      "hardware": {
        "parameters": {
          "aspirate_speed": 17,
          "dispense_speed": 11,
          "aspirate_wait_time": 1.6443808116018772,
          "dispense_wait_time": 0.9889514353126287,
          "retract_speed": 11.954907761886716,
          "blowout_vol": 0.08586102034896613,
          "post_asp_air_vol": 0.06974538145586849
        }
      }
    },
    "target_volume_ml": 0.05,
    "measured_volume_ml": 0.046981916599369594,
    "duration_s": 22.599483800004236,
    "timestamp": 1763749445.0918746,
    "replicate_id": 1,
    "metadata": {
      "replicate": 1,
      "volume": 0.046981916599369594,
      "elapsed_s": 22.599483800004236,
      "start_time": "2025-11-21T13:23:42.489108",
      "end_time": "2025-11-21T13:24:05.091874",
      "target_volume_mL": 0.05,
      "measured_volume_uL": 46.9819165993696,
      "target_volume_uL": 50.0,
      "aspirate_speed": 20,
      "dispense_speed": 15,
      "aspirate_wait_time": 2.0,
      "dispense_wait_time": 1.0,
      "retract_speed": 5.0,
      "blowout_vol": 0.02,
      "post_asp_air_vol": 0.01,
      "overaspirate_vol": 0.006057524154894054
    },
    "trial_score": 0.8456459509080329,
    "trial_quality": "partial_tolerance"
  },
  {
    "measurement_id": "measurement_1763749467103374_1",
    "parameters": {
      "calibration": {
        "overaspirate_vol": 0.006057524154894054
      },
      "hardware": {
        "parameters": {
          "aspirate_speed": 17,
          "dispense_speed": 11,
          "aspirate_wait_time": 1.6443808116018772,
          "dispense_wait_time": 0.9889514353126287,
          "retract_speed": 11.954907761886716,
          "blowout_vol": 0.08586102034896613,
          "post_asp_air_vol": 0.06974538145586849
        }
      }
    },
    "target_volume_ml": 0.05,
    "measured_volume_ml": 0.04561256126468711,
    "duration_s": 22.007317200070247,
    "timestamp": 1763749467.1033745,
    "replicate_id": 1,
    "metadata": {
      "replicate": 1,
      "volume": 0.04561256126468711,
      "elapsed_s": 22.007317200070247,
      "start_time": "2025-11-21T13:24:05.091874",
      "end_time": "2025-11-21T13:24:27.103032",
      "target_volume_mL": 0.05,
      "measured_volume_uL": 45.61256126468711,
      "target_volume_uL": 50.0,
      "aspirate_speed": 20,
      "dispense_speed": 15,
      "aspirate_wait_time": 2.0,
      "dispense_wait_time": 1.0,
      "retract_speed": 5.0,
      "blowout_vol": 0.02,
      "post_asp_air_vol": 0.01,
      "overaspirate_vol": 0.006057524154894054
    },
    "trial_score": 0.8456459509080329,
    "trial_quality": "partial_tolerance"
  },
  {
    "measurement_id": "measurement_1763749487889121_1",
    "parameters": {
      "calibration": {
        "overaspirate_vol": 0.007496376349590718
      },
      "hardware": {
        "parameters": {
          "aspirate_speed": 8,
          "dispense_speed": 5,
          "aspirate_wait_time": 1.8727559987455606,
          "dispense_wait_time": 0.6650948170572519,
          "retract_speed": 10.961748152971268,
          "blowout_vol": 0.11937548741698266,
          "post_asp_air_vol": 0.046420203149318696
        }
      }
    },
    "target_volume_ml": 0.05,
    "measured_volume_ml": 0.04705865919410293,
    "duration_s": 20.790958199999295,
    "timestamp": 1763749487.8891218,
    "replicate_id": 1,
    "metadata": {
      "replicate": 1,
      "volume": 0.04705865919410293,
      "elapsed_s": 20.790958199999295,
      "start_time": "2025-11-21T13:24:27.105804",
      "end_time": "2025-11-21T13:24:47.889121",
      "target_volume_mL": 0.05,
      "measured_volume_uL": 47.05865919410293,
      "target_volume_uL": 50.0,
      "aspirate_speed": 20,
      "dispense_speed": 15,
      "aspirate_wait_time": 2.0,
      "dispense_wait_time": 1.0,
      "retract_speed": 5.0,
      "blowout_vol": 0.02,
      "post_asp_air_vol": 0.01,
      "overaspirate_vol": 0.007496376349590718
    },
    "trial_score": 0.9999700196573822,
    "trial_quality": "partial_tolerance"
  },
  {
    "measurement_id": "measurement_1763749510497638_1",
    "parameters": {
      "calibration": {
        "overaspirate_vol": 0.01193771715548779
      },
      "hardware": {
        "parameters": {
          "aspirate_speed": 8,
          "dispense_speed": 5,
          "aspirate_wait_time": 1.8727559987455606,
          "dispense_wait_time": 0.6650948170572519,
          "retract_speed": 10.961748152971268,
          "blowout_vol": 0.11937548741698266,
          "post_asp_air_vol": 0.046420203149318696
        }
      }
    },
    "target_volume_ml": 0.05,
    "measured_volume_ml": 0.051393643128886474,
    "duration_s": 22.599157399963588,
    "timestamp": 1763749510.497638,
    "replicate_id": 1,
    "metadata": {
      "replicate": 1,
      "volume": 0.051393643128886474,
      "elapsed_s": 22.599157399963588,
      "start_time": "2025-11-21T13:24:47.889121",
      "end_time": "2025-11-21T13:25:10.497638",
      "target_volume_mL": 0.05,
      "measured_volume_uL": 51.393643128886474,
      "target_volume_uL": 50.0,
      "aspirate_speed": 20,
      "dispense_speed": 15,
      "aspirate_wait_time": 2.0,
      "dispense_wait_time": 1.0,
      "retract_speed": 5.0,
      "blowout_vol": 0.02,
      "post_asp_air_vol": 0.01,
      "overaspirate_vol": 0.01193771715548779
    },
    "trial_score": 0.9398782342953689,
    "trial_quality": "within_tolerance"
  },
  {
    "measurement_id": "measurement_1763749539704738_1",
    "parameters": {
      "calibration": {
        "overaspirate_vol": 0.008581012392483246
      },
      "hardware": {
        "parameters": {
          "aspirate_speed": 10,
          "dispense_speed": 5,
          "aspirate_wait_time": 2.0,
          "dispense_wait_time": 0.8611735963446009,
          "retract_speed": 12.370788566781052,
          "blowout_vol": 0.09387715233890781,
          "post_asp_air_vol": 0.06344314041623374
        }
      }
    },
    "target_volume_ml": 0.05,
    "measured_volume_ml": 0.04810952597515182,
    "duration_s": 20.914418799919076,
    "timestamp": 1763749539.704738,
    "replicate_id": 1,
    "metadata": {
      "replicate": 1,
      "volume": 0.04810952597515182,
      "elapsed_s": 20.914418799919076,
      "start_time": "2025-11-21T13:25:18.787625",
      "end_time": "2025-11-21T13:25:39.704550",
      "target_volume_mL": 0.05,
      "measured_volume_uL": 48.10952597515182,
      "target_volume_uL": 50.0,
      "aspirate_speed": 20,
      "dispense_speed": 15,
      "aspirate_wait_time": 2.0,
      "dispense_wait_time": 1.0,
      "retract_speed": 5.0,
      "blowout_vol": 0.02,
      "post_asp_air_vol": 0.01,
      "overaspirate_vol": 0.008581012392483246
    },
    "trial_score": 0.6583801399300604,
    "trial_quality": "within_tolerance"
  },
  {
    "measurement_id": "measurement_1763749562896881_1",
    "parameters": {
      "calibration": {
        "overaspirate_vol": 0.008581012392483246
      },
      "hardware": {
        "parameters": {
          "aspirate_speed": 10,
          "dispense_speed": 5,
          "aspirate_wait_time": 2.0,
          "dispense_wait_time": 0.8611735963446009,
          "retract_speed": 12.370788566781052,
          "blowout_vol": 0.09387715233890781,
          "post_asp_air_vol": 0.06344314041623374
        }
      }
    },
    "target_volume_ml": 0.05,
    "measured_volume_ml": 0.04894203533093474,
    "duration_s": 23.191090999986045,
    "timestamp": 1763749562.8968816,
    "replicate_id": 1,
    "metadata": {
      "replicate": 1,
      "volume": 0.04894203533093474,
      "elapsed_s": 23.191090999986045,
      "start_time": "2025-11-21T13:25:39.704737",
      "end_time": "2025-11-21T13:26:02.896881",
      "target_volume_mL": 0.05,
      "measured_volume_uL": 48.942035330934736,
      "target_volume_uL": 50.0,
      "aspirate_speed": 20,
      "dispense_speed": 15,
      "aspirate_wait_time": 2.0,
      "dispense_wait_time": 1.0,
      "retract_speed": 5.0,
      "blowout_vol": 0.02,
      "post_asp_air_vol": 0.01,
      "overaspirate_vol": 0.008581012392483246
    },
    "trial_score": 0.6583801399300604,
    "trial_quality": "within_tolerance"
  },
  {
    "measurement_id": "measurement_1763749584488781_1",
    "parameters": {
      "calibration": {
        "overaspirate_vol": 0.008581012392483246
      },
      "hardware": {
        "parameters": {
          "aspirate_speed": 10,
          "dispense_speed": 5,
          "aspirate_wait_time": 2.0,
          "dispense_wait_time": 0.8611735963446009,
          "retract_speed": 12.370788566781052,
          "blowout_vol": 0.09387715233890781,
          "post_asp_air_vol": 0.06344314041623374
        }
      }
    },
    "target_volume_ml": 0.05,
    "measured_volume_ml": 0.04876101421949409,
    "duration_s": 21.59230319992639,
    "timestamp": 1763749584.4887812,
    "replicate_id": 1,
    "metadata": {
      "replicate": 1,
      "volume": 0.04876101421949409,
      "elapsed_s": 21.59230319992639,
      "start_time": "2025-11-21T13:26:02.897970",
      "end_time": "2025-11-21T13:26:24.488781",
      "target_volume_mL": 0.05,
      "measured_volume_uL": 48.761014219494086,
      "target_volume_uL": 50.0,
      "aspirate_speed": 20,
      "dispense_speed": 15,
      "aspirate_wait_time": 2.0,
      "dispense_wait_time": 1.0,
      "retract_speed": 5.0,
      "blowout_vol": 0.02,
      "post_asp_air_vol": 0.01,
      "overaspirate_vol": 0.008581012392483246
    },
    "trial_score": 0.6583801399300604,
    "trial_quality": "within_tolerance"
  },
  {
    "measurement_id": "measurement_1763749613105018_1",
    "parameters": {
      "calibration": {
        "overaspirate_vol": 0.010840512638442087
      },
      "hardware": {
        "parameters": {
          "aspirate_speed": 13,
          "dispense_speed": 7,
          "aspirate_wait_time": 1.8506858004966864,
          "dispense_wait_time": 0.7297565859815737,
          "retract_speed": 11.719261323461268,
          "blowout_vol": 0.12799315161723798,
          "post_asp_air_vol": 0.057406367242529524
        }
      }
    },
    "target_volume_ml": 0.05,
    "measured_volume_ml": 0.04984532280284566,
    "duration_s": 19.804161700070836,
    "timestamp": 1763749613.1050186,
    "replicate_id": 1,
    "metadata": {
      "replicate": 1,
      "volume": 0.04984532280284566,
      "elapsed_s": 19.804161700070836,
      "start_time": "2025-11-21T13:26:33.292980",
      "end_time": "2025-11-21T13:26:53.105018",
      "target_volume_mL": 0.05,
      "measured_volume_uL": 49.845322802845665,
      "target_volume_uL": 50.0,
      "aspirate_speed": 20,
      "dispense_speed": 15,
      "aspirate_wait_time": 2.0,
      "dispense_wait_time": 1.0,
      "retract_speed": 5.0,
      "blowout_vol": 0.02,
      "post_asp_air_vol": 0.01,
      "overaspirate_vol": 0.010840512638442087
    },
    "trial_score": 0.4740184101593583,
    "trial_quality": "within_tolerance"
  },
  {
    "measurement_id": "measurement_1763749636496706_1",
    "parameters": {
      "calibration": {
        "overaspirate_vol": 0.010840512638442087
      },
      "hardware": {
        "parameters": {
          "aspirate_speed": 13,
          "dispense_speed": 7,
          "aspirate_wait_time": 1.8506858004966864,
          "dispense_wait_time": 0.7297565859815737,
          "retract_speed": 11.719261323461268,
          "blowout_vol": 0.12799315161723798,
          "post_asp_air_vol": 0.057406367242529524
        }
      }
    },
    "target_volume_ml": 0.05,
    "measured_volume_ml": 0.051217397092890284,
    "duration_s": 23.399452900048345,
    "timestamp": 1763749636.496706,
    "replicate_id": 1,
    "metadata": {
      "replicate": 1,
      "volume": 0.051217397092890284,
      "elapsed_s": 23.399452900048345,
      "start_time": "2025-11-21T13:26:53.105018",
      "end_time": "2025-11-21T13:27:16.496706",
      "target_volume_mL": 0.05,
      "measured_volume_uL": 51.21739709289028,
      "target_volume_uL": 50.0,
      "aspirate_speed": 20,
      "dispense_speed": 15,
      "aspirate_wait_time": 2.0,
      "dispense_wait_time": 1.0,
      "retract_speed": 5.0,
      "blowout_vol": 0.02,
      "post_asp_air_vol": 0.01,
      "overaspirate_vol": 0.010840512638442087
    },
    "trial_score": 0.4740184101593583,
    "trial_quality": "within_tolerance"
  },
  {
    "measurement_id": "measurement_1763749657299732_1",
    "parameters": {
      "calibration": {
        "overaspirate_vol": 0.010840512638442087
      },
      "hardware": {
        "parameters": {
          "aspirate_speed": 13,
          "dispense_speed": 7,
          "aspirate_wait_time": 1.8506858004966864,
          "dispense_wait_time": 0.7297565859815737,
          "retract_speed": 11.719261323461268,
          "blowout_vol": 0.12799315161723798,
          "post_asp_air_vol": 0.057406367242529524
        }
      }
    },
    "target_volume_ml": 0.05,
    "measured_volume_ml": 0.05087235313216173,
    "duration_s": 20.79288980003912,
    "timestamp": 1763749657.299732,
    "replicate_id": 1,
    "metadata": {
      "replicate": 1,
      "volume": 0.05087235313216173,
      "elapsed_s": 20.79288980003912,
      "start_time": "2025-11-21T13:27:16.496706",
      "end_time": "2025-11-21T13:27:37.299732",
      "target_volume_mL": 0.05,
      "measured_volume_uL": 50.87235313216173,
      "target_volume_uL": 50.0,
      "aspirate_speed": 20,
      "dispense_speed": 15,
      "aspirate_wait_time": 2.0,
      "dispense_wait_time": 1.0,
      "retract_speed": 5.0,
      "blowout_vol": 0.02,
      "post_asp_air_vol": 0.01,
      "overaspirate_vol": 0.010840512638442087
    },
    "trial_score": 0.4740184101593583,
    "trial_quality": "within_tolerance"
  },
  {
    "measurement_id": "measurement_1763749685690078_1",
    "parameters": {
      "calibration": {
        "overaspirate_vol": 0.01251426903195028
      },
      "hardware": {
        "parameters": {
          "aspirate_speed": 9,
          "dispense_speed": 5,
          "aspirate_wait_time": 2.0,
          "dispense_wait_time": 0.8814226685736588,
          "retract_speed": 10.621937078283064,
          "blowout_vol": 0.13366493138805796,
          "post_asp_air_vol": 0.06385579280255901
        }
      }
    },
    "target_volume_ml": 0.05,
    "measured_volume_ml": 0.0532271926643505,
    "duration_s": 19.720464800018817,
    "timestamp": 1763749685.6900783,
    "replicate_id": 1,
    "metadata": {
      "replicate": 1,
      "volume": 0.0532271926643505,
      "elapsed_s": 19.720464800018817,
      "start_time": "2025-11-21T13:27:45.964305",
      "end_time": "2025-11-21T13:28:05.690078",
      "target_volume_mL": 0.05,
      "measured_volume_uL": 53.2271926643505,
      "target_volume_uL": 50.0,
      "aspirate_speed": 20,
      "dispense_speed": 15,
      "aspirate_wait_time": 2.0,
      "dispense_wait_time": 1.0,
      "retract_speed": 5.0,
      "blowout_vol": 0.02,
      "post_asp_air_vol": 0.01,
      "overaspirate_vol": 0.01251426903195028
    },
    "trial_score": 0.8622084296061068,
    "trial_quality": "partial_tolerance"
  },
  {
    "measurement_id": "measurement_1763749707299939_1",
    "parameters": {
      "calibration": {
        "overaspirate_vol": 0.01251426903195028
      },
      "hardware": {
        "parameters": {
          "aspirate_speed": 9,
          "dispense_speed": 5,
          "aspirate_wait_time": 2.0,
          "dispense_wait_time": 0.8814226685736588,
          "retract_speed": 10.621937078283064,
          "blowout_vol": 0.13366493138805796,
          "post_asp_air_vol": 0.06385579280255901
        }
      }
    },
    "target_volume_ml": 0.05,
    "measured_volume_ml": 0.051556513035262,
    "duration_s": 21.608165400102735,
    "timestamp": 1763749707.2999396,
    "replicate_id": 1,
    "metadata": {
      "replicate": 1,
      "volume": 0.051556513035262,
      "elapsed_s": 21.608165400102735,
      "start_time": "2025-11-21T13:28:05.690078",
      "end_time": "2025-11-21T13:28:27.299939",
      "target_volume_mL": 0.05,
      "measured_volume_uL": 51.556513035262,
      "target_volume_uL": 50.0,
      "aspirate_speed": 20,
      "dispense_speed": 15,
      "aspirate_wait_time": 2.0,
      "dispense_wait_time": 1.0,
      "retract_speed": 5.0,
      "blowout_vol": 0.02,
      "post_asp_air_vol": 0.01,
      "overaspirate_vol": 0.01251426903195028
    },
    "trial_score": 0.8622084296061068,
    "trial_quality": "partial_tolerance"
  },
  {
    "measurement_id": "measurement_1763749728301524_1",
    "parameters": {
      "calibration": {
        "overaspirate_vol": 0.01251426903195028
      },
      "hardware": {
        "parameters": {
          "aspirate_speed": 9,
          "dispense_speed": 5,
          "aspirate_wait_time": 2.0,
          "dispense_wait_time": 0.8814226685736588,
          "retract_speed": 10.621937078283064,
          "blowout_vol": 0.13366493138805796,
          "post_asp_air_vol": 0.06385579280255901
        }
      }
    },
    "target_volume_ml": 0.05,
    "measured_volume_ml": 0.05350232155588434,
    "duration_s": 20.99902770004701,
    "timestamp": 1763749728.3015244,
    "replicate_id": 1,
    "metadata": {
      "replicate": 1,
      "volume": 0.05350232155588434,
      "elapsed_s": 20.99902770004701,
      "start_time": "2025-11-21T13:28:27.301848",
      "end_time": "2025-11-21T13:28:48.301293",
      "target_volume_mL": 0.05,
      "measured_volume_uL": 53.502321555884336,
      "target_volume_uL": 50.0,
      "aspirate_speed": 20,
      "dispense_speed": 15,
      "aspirate_wait_time": 2.0,
      "dispense_wait_time": 1.0,
      "retract_speed": 5.0,
      "blowout_vol": 0.02,
      "post_asp_air_vol": 0.01,
      "overaspirate_vol": 0.01251426903195028
    },
    "trial_score": 0.8622084296061068,
    "trial_quality": "partial_tolerance"
  },
  {
    "measurement_id": "measurement_1763749758094509_1",
    "parameters": {
      "calibration": {
        "overaspirate_vol": 0.010153601931094618
      },
      "hardware": {
        "parameters": {
          "aspirate_speed": 15,
          "dispense_speed": 6,
          "aspirate_wait_time": 1.9265432335730461,
          "dispense_wait_time": 0.9067512805470627,
          "retract_speed": 10.228824742182422,
          "blowout_vol": 0.14052901601010084,
          "post_asp_air_vol": 0.06784537525023156
        }
      }
    },
    "target_volume_ml": 0.05,
    "measured_volume_ml": 0.0507665231475082,
    "duration_s": 20.66200040001422,
    "timestamp": 1763749758.094509,
    "replicate_id": 1,
    "metadata": {
      "replicate": 1,
      "volume": 0.0507665231475082,
      "elapsed_s": 20.66200040001422,
      "start_time": "2025-11-21T13:28:57.431556",
      "end_time": "2025-11-21T13:29:18.094508",
      "target_volume_mL": 0.05,
      "measured_volume_uL": 50.7665231475082,
      "target_volume_uL": 50.0,
      "aspirate_speed": 20,
      "dispense_speed": 15,
      "aspirate_wait_time": 2.0,
      "dispense_wait_time": 1.0,
      "retract_speed": 5.0,
      "blowout_vol": 0.02,
      "post_asp_air_vol": 0.01,
      "overaspirate_vol": 0.010153601931094618
    },
    "trial_score": 0.35352604450524794,
    "trial_quality": "within_tolerance"
  },
  {
    "measurement_id": "measurement_1763749779693429_1",
    "parameters": {
      "calibration": {
        "overaspirate_vol": 0.010153601931094618
      },
      "hardware": {
        "parameters": {
          "aspirate_speed": 15,
          "dispense_speed": 6,
          "aspirate_wait_time": 1.9265432335730461,
          "dispense_wait_time": 0.9067512805470627,
          "retract_speed": 10.228824742182422,
          "blowout_vol": 0.14052901601010084,
          "post_asp_air_vol": 0.06784537525023156
        }
      }
    },
    "target_volume_ml": 0.05,
    "measured_volume_ml": 0.05022872043708148,
    "duration_s": 21.592358900001273,
    "timestamp": 1763749779.6934297,
    "replicate_id": 1,
    "metadata": {
      "replicate": 1,
      "volume": 0.05022872043708148,
      "elapsed_s": 21.592358900001273,
      "start_time": "2025-11-21T13:29:18.094508",
      "end_time": "2025-11-21T13:29:39.692840",
      "target_volume_mL": 0.05,
      "measured_volume_uL": 50.22872043708148,
      "target_volume_uL": 50.0,
      "aspirate_speed": 20,
      "dispense_speed": 15,
      "aspirate_wait_time": 2.0,
      "dispense_wait_time": 1.0,
      "retract_speed": 5.0,
      "blowout_vol": 0.02,
      "post_asp_air_vol": 0.01,
      "overaspirate_vol": 0.010153601931094618
    },
    "trial_score": 0.35352604450524794,
    "trial_quality": "within_tolerance"
  },
  {
    "measurement_id": "measurement_1763749803294019_1",
    "parameters": {
      "calibration": {
        "overaspirate_vol": 0.010153601931094618
      },
      "hardware": {
        "parameters": {
          "aspirate_speed": 15,
          "dispense_speed": 6,
          "aspirate_wait_time": 1.9265432335730461,
          "dispense_wait_time": 0.9067512805470627,
          "retract_speed": 10.228824742182422,
          "blowout_vol": 0.14052901601010084,
          "post_asp_air_vol": 0.06784537525023156
        }
      }
    },
    "target_volume_ml": 0.05,
    "measured_volume_ml": 0.05078116874437669,
    "duration_s": 23.60690799995791,
    "timestamp": 1763749803.294019,
    "replicate_id": 1,
    "metadata": {
      "replicate": 1,
      "volume": 0.05078116874437669,
      "elapsed_s": 23.60690799995791,
      "start_time": "2025-11-21T13:29:39.694114",
      "end_time": "2025-11-21T13:30:03.294019",
      "target_volume_mL": 0.05,
      "measured_volume_uL": 50.781168744376686,
      "target_volume_uL": 50.0,
      "aspirate_speed": 20,
      "dispense_speed": 15,
      "aspirate_wait_time": 2.0,
      "dispense_wait_time": 1.0,
      "retract_speed": 5.0,
      "blowout_vol": 0.02,
      "post_asp_air_vol": 0.01,
      "overaspirate_vol": 0.010153601931094618
    },
    "trial_score": 0.35352604450524794,
    "trial_quality": "within_tolerance"
  },
  {
    "measurement_id": "measurement_1763749824493509_1",
    "parameters": {
      "calibration": {
        "overaspirate_vol": 0.010153601931094618
      },
      "hardware": {
        "parameters": {
          "aspirate_speed": 15,
          "dispense_speed": 6,
          "aspirate_wait_time": 1.9265432335730461,
          "dispense_wait_time": 0.9067512805470627,
          "retract_speed": 10.228824742182422,
          "blowout_vol": 0.14052901601010084,
          "post_asp_air_vol": 0.06784537525023156
        }
      }
    },
    "target_volume_ml": 0.025,
    "measured_volume_ml": 0.029850084893956536,
    "duration_s": 21.17235280002933,
    "timestamp": 1763749824.493509,
    "replicate_id": 1,
    "metadata": {
      "replicate": 1,
      "volume": 0.029850084893956536,
      "elapsed_s": 21.17235280002933,
      "start_time": "2025-11-21T13:30:03.322213",
      "end_time": "2025-11-21T13:30:24.493509",
      "target_volume_mL": 0.025,
      "measured_volume_uL": 29.850084893956538,
      "target_volume_uL": 25.0,
      "aspirate_speed": 20,
      "dispense_speed": 15,
      "aspirate_wait_time": 2.0,
      "dispense_wait_time": 1.0,
      "retract_speed": 5.0,
      "blowout_vol": 0.02,
      "post_asp_air_vol": 0.01,
      "overaspirate_vol": 0.010153601931094618
    },
    "trial_score": 1.9450462069486028,
    "trial_quality": "outside_tolerance"
  },
  {
    "measurement_id": "measurement_1763749843896769_1",
    "parameters": {
      "calibration": {
        "overaspirate_vol": 0.004553517037138083
      },
      "hardware": {
        "parameters": {
          "aspirate_speed": 15,
          "dispense_speed": 6,
          "aspirate_wait_time": 1.9265432335730461,
          "dispense_wait_time": 0.9067512805470627,
          "retract_speed": 10.228824742182422,
          "blowout_vol": 0.14052901601010084,
          "post_asp_air_vol": 0.06784537525023156
        }
      }
    },
    "target_volume_ml": 0.025,
    "measured_volume_ml": 0.024059365518806945,
    "duration_s": 19.400708099943586,
    "timestamp": 1763749843.8967693,
    "replicate_id": 1,
    "metadata": {
      "replicate": 1,
      "volume": 0.024059365518806945,
      "elapsed_s": 19.400708099943586,
      "start_time": "2025-11-21T13:30:24.493509",
      "end_time": "2025-11-21T13:30:43.896769",
      "target_volume_mL": 0.025,
      "measured_volume_uL": 24.059365518806946,
      "target_volume_uL": 25.0,
      "aspirate_speed": 20,
      "dispense_speed": 15,
      "aspirate_wait_time": 2.0,
      "dispense_wait_time": 1.0,
      "retract_speed": 5.0,
      "blowout_vol": 0.02,
      "post_asp_air_vol": 0.01,
      "overaspirate_vol": 0.004553517037138083
    },
    "trial_score": 0.9727811325824952,
    "trial_quality": "partial_tolerance"
  },
  {
    "measurement_id": "measurement_1763749865903490_1",
    "parameters": {
      "calibration": {
        "overaspirate_vol": 0.005463185181560604
      },
      "hardware": {
        "parameters": {
          "aspirate_speed": 15,
          "dispense_speed": 6,
          "aspirate_wait_time": 1.9265432335730461,
          "dispense_wait_time": 0.9067512805470627,
          "retract_speed": 10.228824742182422,
          "blowout_vol": 0.14052901601010084,
          "post_asp_air_vol": 0.06784537525023156
        }
      }
    },
    "target_volume_ml": 0.025,
    "measured_volume_ml": 0.0254441626225559,
    "duration_s": 22.003651799983345,
    "timestamp": 1763749865.90349,
    "replicate_id": 1,
    "metadata": {
      "replicate": 1,
      "volume": 0.0254441626225559,
      "elapsed_s": 22.003651799983345,
      "start_time": "2025-11-21T13:30:43.896769",
      "end_time": "2025-11-21T13:31:05.903490",
      "target_volume_mL": 0.025,
      "measured_volume_uL": 25.444162622555897,
      "target_volume_uL": 25.0,
      "aspirate_speed": 20,
      "dispense_speed": 15,
      "aspirate_wait_time": 2.0,
      "dispense_wait_time": 1.0,
      "retract_speed": 5.0,
      "blowout_vol": 0.02,
      "post_asp_air_vol": 0.01,
      "overaspirate_vol": 0.005463185181560604
    },
    "trial_score": 0.5436417008201696,
    "trial_quality": "within_tolerance"
  },
  {
    "measurement_id": "measurement_1763749886490958_1",
    "parameters": {
      "calibration": {
        "overaspirate_vol": 0.005463185181560604
      },
      "hardware": {
        "parameters": {
          "aspirate_speed": 15,
          "dispense_speed": 6,
          "aspirate_wait_time": 1.9265432335730461,
          "dispense_wait_time": 0.9067512805470627,
          "retract_speed": 10.228824742182422,
          "blowout_vol": 0.14052901601010084,
          "post_asp_air_vol": 0.06784537525023156
        }
      }
    },
    "target_volume_ml": 0.025,
    "measured_volume_ml": 0.02511414234727753,
    "duration_s": 20.58420800010208,
    "timestamp": 1763749886.4909587,
    "replicate_id": 1,
    "metadata": {
      "replicate": 1,
      "volume": 0.02511414234727753,
      "elapsed_s": 20.58420800010208,
      "start_time": "2025-11-21T13:31:05.903490",
      "end_time": "2025-11-21T13:31:26.490958",
      "target_volume_mL": 0.025,
      "measured_volume_uL": 25.11414234727753,
      "target_volume_uL": 25.0,
      "aspirate_speed": 20,
      "dispense_speed": 15,
      "aspirate_wait_time": 2.0,
      "dispense_wait_time": 1.0,
      "retract_speed": 5.0,
      "blowout_vol": 0.02,
      "post_asp_air_vol": 0.01,
      "overaspirate_vol": 0.005463185181560604
    },
    "trial_score": 0.5436417008201696,
    "trial_quality": "within_tolerance"
  },
  {
    "measurement_id": "measurement_1763749905892779_1",
    "parameters": {
      "calibration": {
        "overaspirate_vol": 0.005463185181560604
      },
      "hardware": {
        "parameters": {
          "aspirate_speed": 15,
          "dispense_speed": 6,
          "aspirate_wait_time": 1.9265432335730461,
          "dispense_wait_time": 0.9067512805470627,
          "retract_speed": 10.228824742182422,
          "blowout_vol": 0.14052901601010084,
          "post_asp_air_vol": 0.06784537525023156
        }
      }
    },
    "target_volume_ml": 0.025,
    "measured_volume_ml": 0.025786030218249323,
    "duration_s": 19.400815399945714,
    "timestamp": 1763749905.8927794,
    "replicate_id": 1,
    "metadata": {
      "replicate": 1,
      "volume": 0.025786030218249323,
      "elapsed_s": 19.400815399945714,
      "start_time": "2025-11-21T13:31:26.490958",
      "end_time": "2025-11-21T13:31:45.892779",
      "target_volume_mL": 0.025,
      "measured_volume_uL": 25.786030218249323,
      "target_volume_uL": 25.0,
      "aspirate_speed": 20,
      "dispense_speed": 15,
      "aspirate_wait_time": 2.0,
      "dispense_wait_time": 1.0,
      "retract_speed": 5.0,
      "blowout_vol": 0.02,
      "post_asp_air_vol": 0.01,
      "overaspirate_vol": 0.005463185181560604
    },
    "trial_score": 0.5436417008201696,
    "trial_quality": "within_tolerance"
  },
  {
    "measurement_id": "measurement_1763749926494595_1",
    "parameters": {
      "calibration": {
        "overaspirate_vol": 0.010153601931094618
      },
      "hardware": {
        "parameters": {
          "aspirate_speed": 15,
          "dispense_speed": 6,
          "aspirate_wait_time": 1.9265432335730461,
          "dispense_wait_time": 0.9067512805470627,
          "retract_speed": 10.228824742182422,
          "blowout_vol": 0.14052901601010084,
          "post_asp_air_vol": 0.06784537525023156
        }
      }
    },
    "target_volume_ml": 0.01,
    "measured_volume_ml": 0.018244333381658682,
    "duration_s": 20.5944002000615,
    "timestamp": 1763749926.494595,
    "replicate_id": 1,
    "metadata": {
      "replicate": 1,
      "volume": 0.018244333381658682,
      "elapsed_s": 20.5944002000615,
      "start_time": "2025-11-21T13:31:45.900048",
      "end_time": "2025-11-21T13:32:06.494595",
      "target_volume_mL": 0.01,
      "measured_volume_uL": 18.24433338165868,
      "target_volume_uL": 10.0,
      "aspirate_speed": 20,
      "dispense_speed": 15,
      "aspirate_wait_time": 2.0,
      "dispense_wait_time": 1.0,
      "retract_speed": 5.0,
      "blowout_vol": 0.02,
      "post_asp_air_vol": 0.01,
      "overaspirate_vol": 0.010153601931094618
    },
    "trial_score": 2.2686480006668717,
    "trial_quality": "outside_tolerance"
  },
  {
    "measurement_id": "measurement_1763749948489468_1",
    "parameters": {
      "calibration": {
        "overaspirate_vol": 0.0014092685494359377
      },
      "hardware": {
        "parameters": {
          "aspirate_speed": 15,
          "dispense_speed": 6,
          "aspirate_wait_time": 1.9265432335730461,
          "dispense_wait_time": 0.9067512805470627,
          "retract_speed": 10.228824742182422,
          "blowout_vol": 0.14052901601010084,
          "post_asp_air_vol": 0.06784537525023156
        }
      }
    },
    "target_volume_ml": 0.01,
    "measured_volume_ml": 0.009489273854838373,
    "duration_s": 22.00623119994998,
    "timestamp": 1763749948.489468,
    "replicate_id": 1,
    "metadata": {
      "replicate": 1,
      "volume": 0.009489273854838373,
      "elapsed_s": 22.00623119994998,
      "start_time": "2025-11-21T13:32:06.496840",
      "end_time": "2025-11-21T13:32:28.489468",
      "target_volume_mL": 0.01,
      "measured_volume_uL": 9.489273854838373,
      "target_volume_uL": 10.0,
      "aspirate_speed": 20,
      "dispense_speed": 15,
      "aspirate_wait_time": 2.0,
      "dispense_wait_time": 1.0,
      "retract_speed": 5.0,
      "blowout_vol": 0.02,
      "post_asp_air_vol": 0.01,
      "overaspirate_vol": 0.0014092685494359377
    },
    "trial_score": 0.9745458979066807,
    "trial_quality": "partial_tolerance"
  },
  {
    "measurement_id": "measurement_1763749969104256_1",
    "parameters": {
      "calibration": {
        "overaspirate_vol": 0.0019193689852287062
      },
      "hardware": {
        "parameters": {
          "aspirate_speed": 15,
          "dispense_speed": 6,
          "aspirate_wait_time": 1.9265432335730461,
          "dispense_wait_time": 0.9067512805470627,
          "retract_speed": 10.228824742182422,
          "blowout_vol": 0.14052901601010084,
          "post_asp_air_vol": 0.06784537525023156
        }
      }
    },
    "target_volume_ml": 0.01,
    "measured_volume_ml": 0.00983602274373492,
    "duration_s": 20.595820300048217,
    "timestamp": 1763749969.1042562,
    "replicate_id": 1,
    "metadata": {
      "replicate": 1,
      "volume": 0.00983602274373492,
      "elapsed_s": 20.595820300048217,
      "start_time": "2025-11-21T13:32:28.505099",
      "end_time": "2025-11-21T13:32:49.104256",
      "target_volume_mL": 0.01,
      "measured_volume_uL": 9.83602274373492,
      "target_volume_uL": 10.0,
      "aspirate_speed": 20,
      "dispense_speed": 15,
      "aspirate_wait_time": 2.0,
      "dispense_wait_time": 1.0,
      "retract_speed": 5.0,
      "blowout_vol": 0.02,
      "post_asp_air_vol": 0.01,
      "overaspirate_vol": 0.0019193689852287062
    },
    "trial_score": 0.18561901174744067,
    "trial_quality": "within_tolerance"
  },
  {
    "measurement_id": "measurement_1763749988298656_1",
    "parameters": {
      "calibration": {
        "overaspirate_vol": 0.0019193689852287062
      },
      "hardware": {
        "parameters": {
          "aspirate_speed": 15,
          "dispense_speed": 6,
          "aspirate_wait_time": 1.9265432335730461,
          "dispense_wait_time": 0.9067512805470627,
          "retract_speed": 10.228824742182422,
          "blowout_vol": 0.14052901601010084,
          "post_asp_air_vol": 0.06784537525023156
        }
      }
    },
    "target_volume_ml": 0.01,
    "measured_volume_ml": 0.010029422562589162,
    "duration_s": 19.193158600013703,
    "timestamp": 1763749988.298656,
    "replicate_id": 1,
    "metadata": {
      "replicate": 1,
      "volume": 0.010029422562589162,
      "elapsed_s": 19.193158600013703,
      "start_time": "2025-11-21T13:32:49.105374",
      "end_time": "2025-11-21T13:33:08.298656",
      "target_volume_mL": 0.01,
      "measured_volume_uL": 10.029422562589163,
      "target_volume_uL": 10.0,
      "aspirate_speed": 20,
      "dispense_speed": 15,
      "aspirate_wait_time": 2.0,
      "dispense_wait_time": 1.0,
      "retract_speed": 5.0,
      "blowout_vol": 0.02,
      "post_asp_air_vol": 0.01,
      "overaspirate_vol": 0.0019193689852287062
    },
    "trial_score": 0.18561901174744067,
    "trial_quality": "within_tolerance"
  },
  {
    "measurement_id": "measurement_1763750006688156_1",
    "parameters": {
      "calibration": {
        "overaspirate_vol": 0.0019193689852287062
      },
      "hardware": {
        "parameters": {
          "aspirate_speed": 15,
          "dispense_speed": 6,
          "aspirate_wait_time": 1.9265432335730461,
          "dispense_wait_time": 0.9067512805470627,
          "retract_speed": 10.228824742182422,
          "blowout_vol": 0.14052901601010084,
          "post_asp_air_vol": 0.06784537525023156
        }
      }
    },
    "target_volume_ml": 0.01,
    "measured_volume_ml": 0.010100605295190752,
    "duration_s": 18.392787899938412,
    "timestamp": 1763750006.6881568,
    "replicate_id": 1,
    "metadata": {
      "replicate": 1,
      "volume": 0.010100605295190752,
      "elapsed_s": 18.392787899938412,
      "start_time": "2025-11-21T13:33:08.298656",
      "end_time": "2025-11-21T13:33:26.688157",
      "target_volume_mL": 0.01,
      "measured_volume_uL": 10.100605295190752,
      "target_volume_uL": 10.0,
      "aspirate_speed": 20,
      "dispense_speed": 15,
      "aspirate_wait_time": 2.0,
      "dispense_wait_time": 1.0,
      "retract_speed": 5.0,
      "blowout_vol": 0.02,
      "post_asp_air_vol": 0.01,
      "overaspirate_vol": 0.0019193689852287062
    },
    "trial_score": 0.18561901174744067,
    "trial_quality": "within_tolerance"
  }
]