{
  "experiment_name": "multi_volume_calibration_test",
  "simulation_mode": false,
  "total_measurements": 99,
  "total_duration_s": 2020.4871199131012,
  "overall_statistics": {
    "num_trials": 26,
    "mean_score": 0.7544653706211141,
    "median_score": 0.6791788867452212,
    "min_score": 0.11929681877904275,
    "max_score": 2.0388442332224987,
    "stdev_score": 0.48256658942163333,
    "within_tolerance_count": 11,
    "partial_tolerance_count": 12,
    "outside_tolerance_count": 3,
    "success_rate": 0.4230769230769231
  },
  "volume_count": 3
}