{
  "experiment_name": "multi_volume_calibration_test",
  "simulation_mode": false,
  "total_measurements": 61,
  "total_duration_s": 1325.609014749527,
  "overall_statistics": {
    "num_trials": 17,
    "mean_score": 0.5031346693918867,
    "median_score": 0.527644598692699,
    "min_score": 0.10162991540515348,
    "max_score": 0.9575274808910954,
    "stdev_score": 0.32292929213536536,
    "within_tolerance_count": 13,
    "partial_tolerance_count": 4,
    "outside_tolerance_count": 0,
    "success_rate": 0.7647058823529411
  },
  "volume_count": 3
}