[
  {
    "measurement_id": "measurement_1770761601556092_1",
    "parameters": {
      "calibration": {
        "overaspirate_vol": 0.0041
      },
      "hardware": {
        "parameters": {
          "aspirate_speed": 12,
          "dispense_speed": 12,
          "aspirate_wait_time": 4.3,
          "pre_asp_air_vol": 0.019
        }
      }
    },
    "target_volume_ml": 0.18,
    "measured_volume_ml": 0.17520000000000202,
    "duration_s": 21.56150020007044,
    "timestamp": 1770761601.5560923,
    "replicate_id": 1,
    "metadata": {
      "replicate": 1,
      "volume": 0.17520000000000202,
      "elapsed_s": 21.56150020007044,
      "start_time": "2026-02-10T17:12:59.993483",
      "end_time": "2026-02-10T17:13:21.554517",
      "target_volume_mL": 0.18,
      "measured_volume_uL": 175.20000000000203,
      "target_volume_uL": 180.0,
      "aspirate_speed": 12,
      "dispense_speed": 12,
      "aspirate_wait_time": 4.3,
      "dispense_wait_time": 1.5,
      "pre_asp_air_vol": 0.019,
      "retract_speed": 5.0,
      "blowout_vol": 0.0,
      "post_asp_air_vol": 0.0,
      "post_retract_wait_time": 0.0,
      "overaspirate_vol": 0.0041
    },
    "trial_score": 0.527644598692699,
    "trial_quality": "within_tolerance"
  },
  {
    "measurement_id": "measurement_1770761620820971_1",
    "parameters": {
      "calibration": {
        "overaspirate_vol": 0.0041
      },
      "hardware": {
        "parameters": {
          "aspirate_speed": 12,
          "dispense_speed": 12,
          "aspirate_wait_time": 4.3,
          "pre_asp_air_vol": 0.019
        }
      }
    },
    "target_volume_ml": 0.18,
    "measured_volume_ml": 0.1778000000000013,
    "duration_s": 19.2632510997355,
    "timestamp": 1770761620.820971,
    "replicate_id": 1,
    "metadata": {
      "replicate": 1,
      "volume": 0.1778000000000013,
      "elapsed_s": 19.2632510997355,
      "start_time": "2026-02-10T17:13:21.556092",
      "end_time": "2026-02-10T17:13:40.805241",
      "target_volume_mL": 0.18,
      "measured_volume_uL": 177.8000000000013,
      "target_volume_uL": 180.0,
      "aspirate_speed": 12,
      "dispense_speed": 12,
      "aspirate_wait_time": 4.3,
      "dispense_wait_time": 1.5,
      "pre_asp_air_vol": 0.019,
      "retract_speed": 5.0,
      "blowout_vol": 0.0,
      "post_asp_air_vol": 0.0,
      "post_retract_wait_time": 0.0,
      "overaspirate_vol": 0.0041
    },
    "trial_score": 0.527644598692699,
    "trial_quality": "within_tolerance"
  },
  {
    "measurement_id": "measurement_1770761640434920_1",
    "parameters": {
      "calibration": {
        "overaspirate_vol": 0.0041
      },
      "hardware": {
        "parameters": {
          "aspirate_speed": 12,
          "dispense_speed": 12,
          "aspirate_wait_time": 4.3,
          "pre_asp_air_vol": 0.019
        }
      }
    },
    "target_volume_ml": 0.18,
    "measured_volume_ml": 0.17800000000000082,
    "duration_s": 19.61285380087793,
    "timestamp": 1770761640.4349203,
    "replicate_id": 1,
    "metadata": {
      "replicate": 1,
      "volume": 0.17800000000000082,
      "elapsed_s": 19.61285380087793,
      "start_time": "2026-02-10T17:13:40.821923",
      "end_time": "2026-02-10T17:14:00.434920",
      "target_volume_mL": 0.18,
      "measured_volume_uL": 178.00000000000082,
      "target_volume_uL": 180.0,
      "aspirate_speed": 12,
      "dispense_speed": 12,
      "aspirate_wait_time": 4.3,
      "dispense_wait_time": 1.5,
      "pre_asp_air_vol": 0.019,
      "retract_speed": 5.0,
      "blowout_vol": 0.0,
      "post_asp_air_vol": 0.0,
      "post_retract_wait_time": 0.0,
      "overaspirate_vol": 0.0041
    },
    "trial_score": 0.527644598692699,
    "trial_quality": "within_tolerance"
  },
  {
    "measurement_id": "measurement_1770761659829734_1",
    "parameters": {
      "calibration": {
        "overaspirate_vol": 0.0041
      },
      "hardware": {
        "parameters": {
          "aspirate_speed": 12,
          "dispense_speed": 12,
          "aspirate_wait_time": 4.3,
          "pre_asp_air_vol": 0.019
        }
      }
    },
    "target_volume_ml": 0.18,
    "measured_volume_ml": 0.17880000000000074,
    "duration_s": 19.404848100617528,
    "timestamp": 1770761659.8297346,
    "replicate_id": 1,
    "metadata": {
      "replicate": 1,
      "volume": 0.17880000000000074,
      "elapsed_s": 19.404848100617528,
      "start_time": "2026-02-10T17:14:00.435950",
      "end_time": "2026-02-10T17:14:19.829734",
      "target_volume_mL": 0.18,
      "measured_volume_uL": 178.80000000000075,
      "target_volume_uL": 180.0,
      "aspirate_speed": 12,
      "dispense_speed": 12,
      "aspirate_wait_time": 4.3,
      "dispense_wait_time": 1.5,
      "pre_asp_air_vol": 0.019,
      "retract_speed": 5.0,
      "blowout_vol": 0.0,
      "post_asp_air_vol": 0.0,
      "post_retract_wait_time": 0.0,
      "overaspirate_vol": 0.0041
    },
    "trial_score": 0.527644598692699,
    "trial_quality": "within_tolerance"
  },
  {
    "measurement_id": "measurement_1770761679423291_1",
    "parameters": {
      "calibration": {
        "overaspirate_vol": 0.0041
      },
      "hardware": {
        "parameters": {
          "aspirate_speed": 12,
          "dispense_speed": 12,
          "aspirate_wait_time": 4.3,
          "pre_asp_air_vol": 0.019
        }
      }
    },
    "target_volume_ml": 0.18,
    "measured_volume_ml": 0.17870000000000097,
    "duration_s": 19.581090999767184,
    "timestamp": 1770761679.4232917,
    "replicate_id": 1,
    "metadata": {
      "replicate": 1,
      "volume": 0.17870000000000097,
      "elapsed_s": 19.581090999767184,
      "start_time": "2026-02-10T17:14:19.829734",
      "end_time": "2026-02-10T17:14:39.423291",
      "target_volume_mL": 0.18,
      "measured_volume_uL": 178.70000000000095,
      "target_volume_uL": 180.0,
      "aspirate_speed": 12,
      "dispense_speed": 12,
      "aspirate_wait_time": 4.3,
      "dispense_wait_time": 1.5,
      "pre_asp_air_vol": 0.019,
      "retract_speed": 5.0,
      "blowout_vol": 0.0,
      "post_asp_air_vol": 0.0,
      "post_retract_wait_time": 0.0,
      "overaspirate_vol": 0.0041
    },
    "trial_score": 0.527644598692699,
    "trial_quality": "within_tolerance"
  },
  {
    "measurement_id": "measurement_1770761714628734_1",
    "parameters": {
      "calibration": {
        "overaspirate_vol": 0.0023
      },
      "hardware": {
        "parameters": {
          "aspirate_speed": 20,
          "dispense_speed": 17,
          "aspirate_wait_time": 1.6,
          "pre_asp_air_vol": 0.245
        }
      }
    },
    "target_volume_ml": 0.18,
    "measured_volume_ml": 0.17380000000000173,
    "duration_s": 35.19289110042155,
    "timestamp": 1770761714.628734,
    "replicate_id": 1,
    "metadata": {
      "replicate": 1,
      "volume": 0.17380000000000173,
      "elapsed_s": 35.19289110042155,
      "start_time": "2026-02-10T17:14:39.436231",
      "end_time": "2026-02-10T17:15:14.628734",
      "target_volume_mL": 0.18,
      "measured_volume_uL": 173.80000000000172,
      "target_volume_uL": 180.0,
      "aspirate_speed": 20,
      "dispense_speed": 17,
      "aspirate_wait_time": 1.6,
      "dispense_wait_time": 1.5,
      "pre_asp_air_vol": 0.245,
      "retract_speed": 5.0,
      "blowout_vol": 0.0,
      "post_asp_air_vol": 0.0,
      "post_retract_wait_time": 0.0,
      "overaspirate_vol": 0.0023
    },
    "trial_score": 0.576174066537352,
    "trial_quality": "partial_tolerance"
  },
  {
    "measurement_id": "measurement_1770761749959822_1",
    "parameters": {
      "calibration": {
        "overaspirate_vol": 0.0023
      },
      "hardware": {
        "parameters": {
          "aspirate_speed": 20,
          "dispense_speed": 17,
          "aspirate_wait_time": 1.6,
          "pre_asp_air_vol": 0.245
        }
      }
    },
    "target_volume_ml": 0.18,
    "measured_volume_ml": 0.17410000000000103,
    "duration_s": 35.331065899692476,
    "timestamp": 1770761749.9598222,
    "replicate_id": 1,
    "metadata": {
      "replicate": 1,
      "volume": 0.17410000000000103,
      "elapsed_s": 35.331065899692476,
      "start_time": "2026-02-10T17:15:14.630735",
      "end_time": "2026-02-10T17:15:49.959822",
      "target_volume_mL": 0.18,
      "measured_volume_uL": 174.10000000000105,
      "target_volume_uL": 180.0,
      "aspirate_speed": 20,
      "dispense_speed": 17,
      "aspirate_wait_time": 1.6,
      "dispense_wait_time": 1.5,
      "pre_asp_air_vol": 0.245,
      "retract_speed": 5.0,
      "blowout_vol": 0.0,
      "post_asp_air_vol": 0.0,
      "post_retract_wait_time": 0.0,
      "overaspirate_vol": 0.0023
    },
    "trial_score": 0.576174066537352,
    "trial_quality": "partial_tolerance"
  },
  {
    "measurement_id": "measurement_1770761785218854_1",
    "parameters": {
      "calibration": {
        "overaspirate_vol": 0.0023
      },
      "hardware": {
        "parameters": {
          "aspirate_speed": 20,
          "dispense_speed": 17,
          "aspirate_wait_time": 1.6,
          "pre_asp_air_vol": 0.245
        }
      }
    },
    "target_volume_ml": 0.18,
    "measured_volume_ml": 0.17360000000000042,
    "duration_s": 35.26899669971317,
    "timestamp": 1770761785.2188547,
    "replicate_id": 1,
    "metadata": {
      "replicate": 1,
      "volume": 0.17360000000000042,
      "elapsed_s": 35.26899669971317,
      "start_time": "2026-02-10T17:15:49.959822",
      "end_time": "2026-02-10T17:16:25.218854",
      "target_volume_mL": 0.18,
      "measured_volume_uL": 173.60000000000042,
      "target_volume_uL": 180.0,
      "aspirate_speed": 20,
      "dispense_speed": 17,
      "aspirate_wait_time": 1.6,
      "dispense_wait_time": 1.5,
      "pre_asp_air_vol": 0.245,
      "retract_speed": 5.0,
      "blowout_vol": 0.0,
      "post_asp_air_vol": 0.0,
      "post_retract_wait_time": 0.0,
      "overaspirate_vol": 0.0023
    },
    "trial_score": 0.576174066537352,
    "trial_quality": "partial_tolerance"
  },
  {
    "measurement_id": "measurement_1770761820422099_1",
    "parameters": {
      "calibration": {
        "overaspirate_vol": 0.0023
      },
      "hardware": {
        "parameters": {
          "aspirate_speed": 20,
          "dispense_speed": 17,
          "aspirate_wait_time": 1.6,
          "pre_asp_air_vol": 0.245
        }
      }
    },
    "target_volume_ml": 0.18,
    "measured_volume_ml": 0.17329999999999934,
    "duration_s": 35.18868669960648,
    "timestamp": 1770761820.4220994,
    "replicate_id": 1,
    "metadata": {
      "replicate": 1,
      "volume": 0.17329999999999934,
      "elapsed_s": 35.18868669960648,
      "start_time": "2026-02-10T17:16:25.218854",
      "end_time": "2026-02-10T17:17:00.422099",
      "target_volume_mL": 0.18,
      "measured_volume_uL": 173.29999999999933,
      "target_volume_uL": 180.0,
      "aspirate_speed": 20,
      "dispense_speed": 17,
      "aspirate_wait_time": 1.6,
      "dispense_wait_time": 1.5,
      "pre_asp_air_vol": 0.245,
      "retract_speed": 5.0,
      "blowout_vol": 0.0,
      "post_asp_air_vol": 0.0,
      "post_retract_wait_time": 0.0,
      "overaspirate_vol": 0.0023
    },
    "trial_score": 0.576174066537352,
    "trial_quality": "partial_tolerance"
  },
  {
    "measurement_id": "measurement_1770761855223225_1",
    "parameters": {
      "calibration": {
        "overaspirate_vol": 0.0023
      },
      "hardware": {
        "parameters": {
          "aspirate_speed": 20,
          "dispense_speed": 17,
          "aspirate_wait_time": 1.6,
          "pre_asp_air_vol": 0.245
        }
      }
    },
    "target_volume_ml": 0.18,
    "measured_volume_ml": 0.1733999999999991,
    "duration_s": 34.802121800370514,
    "timestamp": 1770761855.2232254,
    "replicate_id": 1,
    "metadata": {
      "replicate": 1,
      "volume": 0.1733999999999991,
      "elapsed_s": 34.802121800370514,
      "start_time": "2026-02-10T17:17:00.423101",
      "end_time": "2026-02-10T17:17:35.223225",
      "target_volume_mL": 0.18,
      "measured_volume_uL": 173.39999999999912,
      "target_volume_uL": 180.0,
      "aspirate_speed": 20,
      "dispense_speed": 17,
      "aspirate_wait_time": 1.6,
      "dispense_wait_time": 1.5,
      "pre_asp_air_vol": 0.245,
      "retract_speed": 5.0,
      "blowout_vol": 0.0,
      "post_asp_air_vol": 0.0,
      "post_retract_wait_time": 0.0,
      "overaspirate_vol": 0.0023
    },
    "trial_score": 0.576174066537352,
    "trial_quality": "partial_tolerance"
  },
  {
    "measurement_id": "measurement_1770761873851855_1",
    "parameters": {
      "calibration": {
        "overaspirate_vol": 0.0004
      },
      "hardware": {
        "parameters": {
          "aspirate_speed": 14,
          "dispense_speed": 5,
          "aspirate_wait_time": 2.6,
          "pre_asp_air_vol": 0.156
        }
      }
    },
    "target_volume_ml": 0.18,
    "measured_volume_ml": 0.17290000000000205,
    "duration_s": 18.614615499973297,
    "timestamp": 1770761873.8518558,
    "replicate_id": 1,
    "metadata": {
      "replicate": 1,
      "volume": 0.17290000000000205,
      "elapsed_s": 18.614615499973297,
      "start_time": "2026-02-10T17:17:35.237827",
      "end_time": "2026-02-10T17:17:53.851856",
      "target_volume_mL": 0.18,
      "measured_volume_uL": 172.90000000000205,
      "target_volume_uL": 180.0,
      "aspirate_speed": 14,
      "dispense_speed": 5,
      "aspirate_wait_time": 2.6,
      "dispense_wait_time": 1.5,
      "pre_asp_air_vol": 0.156,
      "retract_speed": 5.0,
      "blowout_vol": 0.0,
      "post_asp_air_vol": 0.0,
      "post_retract_wait_time": 0.0,
      "overaspirate_vol": 0.0004
    },
    "trial_score": 0.5030643684500011,
    "trial_quality": "partial_tolerance"
  },
  {
    "measurement_id": "measurement_1770761892418226_1",
    "parameters": {
      "calibration": {
        "overaspirate_vol": 0.0004
      },
      "hardware": {
        "parameters": {
          "aspirate_speed": 14,
          "dispense_speed": 5,
          "aspirate_wait_time": 2.6,
          "pre_asp_air_vol": 0.156
        }
      }
    },
    "target_volume_ml": 0.18,
    "measured_volume_ml": 0.17325999999999908,
    "duration_s": 18.56447140034288,
    "timestamp": 1770761892.418226,
    "replicate_id": 1,
    "metadata": {
      "replicate": 1,
      "volume": 0.17325999999999908,
      "elapsed_s": 18.56447140034288,
      "start_time": "2026-02-10T17:17:53.853596",
      "end_time": "2026-02-10T17:18:12.417510",
      "target_volume_mL": 0.18,
      "measured_volume_uL": 173.25999999999908,
      "target_volume_uL": 180.0,
      "aspirate_speed": 14,
      "dispense_speed": 5,
      "aspirate_wait_time": 2.6,
      "dispense_wait_time": 1.5,
      "pre_asp_air_vol": 0.156,
      "retract_speed": 5.0,
      "blowout_vol": 0.0,
      "post_asp_air_vol": 0.0,
      "post_retract_wait_time": 0.0,
      "overaspirate_vol": 0.0004
    },
    "trial_score": 0.5030643684500011,
    "trial_quality": "partial_tolerance"
  },
  {
    "measurement_id": "measurement_1770761910606075_1",
    "parameters": {
      "calibration": {
        "overaspirate_vol": 0.0004
      },
      "hardware": {
        "parameters": {
          "aspirate_speed": 14,
          "dispense_speed": 5,
          "aspirate_wait_time": 2.6,
          "pre_asp_air_vol": 0.156
        }
      }
    },
    "target_volume_ml": 0.18,
    "measured_volume_ml": 0.1728000000000005,
    "duration_s": 18.186629100702703,
    "timestamp": 1770761910.606075,
    "replicate_id": 1,
    "metadata": {
      "replicate": 1,
      "volume": 0.1728000000000005,
      "elapsed_s": 18.186629100702703,
      "start_time": "2026-02-10T17:18:12.419267",
      "end_time": "2026-02-10T17:18:30.606075",
      "target_volume_mL": 0.18,
      "measured_volume_uL": 172.80000000000052,
      "target_volume_uL": 180.0,
      "aspirate_speed": 14,
      "dispense_speed": 5,
      "aspirate_wait_time": 2.6,
      "dispense_wait_time": 1.5,
      "pre_asp_air_vol": 0.156,
      "retract_speed": 5.0,
      "blowout_vol": 0.0,
      "post_asp_air_vol": 0.0,
      "post_retract_wait_time": 0.0,
      "overaspirate_vol": 0.0004
    },
    "trial_score": 0.5030643684500011,
    "trial_quality": "partial_tolerance"
  },
  {
    "measurement_id": "measurement_1770761928812597_1",
    "parameters": {
      "calibration": {
        "overaspirate_vol": 0.0004
      },
      "hardware": {
        "parameters": {
          "aspirate_speed": 14,
          "dispense_speed": 5,
          "aspirate_wait_time": 2.6,
          "pre_asp_air_vol": 0.156
        }
      }
    },
    "target_volume_ml": 0.18,
    "measured_volume_ml": 0.17304000000000208,
    "duration_s": 18.220901200547814,
    "timestamp": 1770761928.8125975,
    "replicate_id": 1,
    "metadata": {
      "replicate": 1,
      "volume": 0.17304000000000208,
      "elapsed_s": 18.220901200547814,
      "start_time": "2026-02-10T17:18:30.606075",
      "end_time": "2026-02-10T17:18:48.812597",
      "target_volume_mL": 0.18,
      "measured_volume_uL": 173.04000000000207,
      "target_volume_uL": 180.0,
      "aspirate_speed": 14,
      "dispense_speed": 5,
      "aspirate_wait_time": 2.6,
      "dispense_wait_time": 1.5,
      "pre_asp_air_vol": 0.156,
      "retract_speed": 5.0,
      "blowout_vol": 0.0,
      "post_asp_air_vol": 0.0,
      "post_retract_wait_time": 0.0,
      "overaspirate_vol": 0.0004
    },
    "trial_score": 0.5030643684500011,
    "trial_quality": "partial_tolerance"
  },
  {
    "measurement_id": "measurement_1770761947430648_1",
    "parameters": {
      "calibration": {
        "overaspirate_vol": 0.0004
      },
      "hardware": {
        "parameters": {
          "aspirate_speed": 14,
          "dispense_speed": 5,
          "aspirate_wait_time": 2.6,
          "pre_asp_air_vol": 0.156
        }
      }
    },
    "target_volume_ml": 0.18,
    "measured_volume_ml": 0.17289999999999672,
    "duration_s": 18.601085100322962,
    "timestamp": 1770761947.4306483,
    "replicate_id": 1,
    "metadata": {
      "replicate": 1,
      "volume": 0.17289999999999672,
      "elapsed_s": 18.601085100322962,
      "start_time": "2026-02-10T17:18:48.828523",
      "end_time": "2026-02-10T17:19:07.430561",
      "target_volume_mL": 0.18,
      "measured_volume_uL": 172.89999999999674,
      "target_volume_uL": 180.0,
      "aspirate_speed": 14,
      "dispense_speed": 5,
      "aspirate_wait_time": 2.6,
      "dispense_wait_time": 1.5,
      "pre_asp_air_vol": 0.156,
      "retract_speed": 5.0,
      "blowout_vol": 0.0,
      "post_asp_air_vol": 0.0,
      "post_retract_wait_time": 0.0,
      "overaspirate_vol": 0.0004
    },
    "trial_score": 0.5030643684500011,
    "trial_quality": "partial_tolerance"
  },
  {
    "measurement_id": "measurement_1770761968212623_1",
    "parameters": {
      "calibration": {
        "overaspirate_vol": 0.006
      },
      "hardware": {
        "parameters": {
          "aspirate_speed": 16,
          "dispense_speed": 16,
          "aspirate_wait_time": 0.30000000000000004,
          "pre_asp_air_vol": 0.081
        }
      }
    },
    "target_volume_ml": 0.18,
    "measured_volume_ml": 0.17960000000000065,
    "duration_s": 20.778840700164437,
    "timestamp": 1770761968.2126236,
    "replicate_id": 1,
    "metadata": {
      "replicate": 1,
      "volume": 0.17960000000000065,
      "elapsed_s": 20.778840700164437,
      "start_time": "2026-02-10T17:19:07.443423",
      "end_time": "2026-02-10T17:19:28.212623",
      "target_volume_mL": 0.18,
      "measured_volume_uL": 179.60000000000065,
      "target_volume_uL": 180.0,
      "aspirate_speed": 16,
      "dispense_speed": 16,
      "aspirate_wait_time": 0.30000000000000004,
      "dispense_wait_time": 1.5,
      "pre_asp_air_vol": 0.081,
      "retract_speed": 5.0,
      "blowout_vol": 0.0,
      "post_asp_air_vol": 0.0,
      "post_retract_wait_time": 0.0,
      "overaspirate_vol": 0.006
    },
    "trial_score": 0.154844426791509,
    "trial_quality": "within_tolerance"
  },
  {
    "measurement_id": "measurement_1770761988815874_1",
    "parameters": {
      "calibration": {
        "overaspirate_vol": 0.006
      },
      "hardware": {
        "parameters": {
          "aspirate_speed": 16,
          "dispense_speed": 16,
          "aspirate_wait_time": 0.30000000000000004,
          "pre_asp_air_vol": 0.081
        }
      }
    },
    "target_volume_ml": 0.18,
    "measured_volume_ml": 0.18029999999999902,
    "duration_s": 20.59247270040214,
    "timestamp": 1770761988.8158746,
    "replicate_id": 1,
    "metadata": {
      "replicate": 1,
      "volume": 0.18029999999999902,
      "elapsed_s": 20.59247270040214,
      "start_time": "2026-02-10T17:19:28.212623",
      "end_time": "2026-02-10T17:19:48.815874",
      "target_volume_mL": 0.18,
      "measured_volume_uL": 180.29999999999902,
      "target_volume_uL": 180.0,
      "aspirate_speed": 16,
      "dispense_speed": 16,
      "aspirate_wait_time": 0.30000000000000004,
      "dispense_wait_time": 1.5,
      "pre_asp_air_vol": 0.081,
      "retract_speed": 5.0,
      "blowout_vol": 0.0,
      "post_asp_air_vol": 0.0,
      "post_retract_wait_time": 0.0,
      "overaspirate_vol": 0.006
    },
    "trial_score": 0.154844426791509,
    "trial_quality": "within_tolerance"
  },
  {
    "measurement_id": "measurement_1770762009435367_1",
    "parameters": {
      "calibration": {
        "overaspirate_vol": 0.006
      },
      "hardware": {
        "parameters": {
          "aspirate_speed": 16,
          "dispense_speed": 16,
          "aspirate_wait_time": 0.30000000000000004,
          "pre_asp_air_vol": 0.081
        }
      }
    },
    "target_volume_ml": 0.18,
    "measured_volume_ml": 0.18039999999999878,
    "duration_s": 20.618183200247586,
    "timestamp": 1770762009.4353678,
    "replicate_id": 1,
    "metadata": {
      "replicate": 1,
      "volume": 0.18039999999999878,
      "elapsed_s": 20.618183200247586,
      "start_time": "2026-02-10T17:19:48.815874",
      "end_time": "2026-02-10T17:20:09.435367",
      "target_volume_mL": 0.18,
      "measured_volume_uL": 180.39999999999878,
      "target_volume_uL": 180.0,
      "aspirate_speed": 16,
      "dispense_speed": 16,
      "aspirate_wait_time": 0.30000000000000004,
      "dispense_wait_time": 1.5,
      "pre_asp_air_vol": 0.081,
      "retract_speed": 5.0,
      "blowout_vol": 0.0,
      "post_asp_air_vol": 0.0,
      "post_retract_wait_time": 0.0,
      "overaspirate_vol": 0.006
    },
    "trial_score": 0.154844426791509,
    "trial_quality": "within_tolerance"
  },
  {
    "measurement_id": "measurement_1770762030031086_1",
    "parameters": {
      "calibration": {
        "overaspirate_vol": 0.006
      },
      "hardware": {
        "parameters": {
          "aspirate_speed": 16,
          "dispense_speed": 16,
          "aspirate_wait_time": 0.30000000000000004,
          "pre_asp_air_vol": 0.081
        }
      }
    },
    "target_volume_ml": 0.18,
    "measured_volume_ml": 0.1805000000000021,
    "duration_s": 20.596192499622703,
    "timestamp": 1770762030.0310864,
    "replicate_id": 1,
    "metadata": {
      "replicate": 1,
      "volume": 0.1805000000000021,
      "elapsed_s": 20.596192499622703,
      "start_time": "2026-02-10T17:20:09.435367",
      "end_time": "2026-02-10T17:20:30.031086",
      "target_volume_mL": 0.18,
      "measured_volume_uL": 180.5000000000021,
      "target_volume_uL": 180.0,
      "aspirate_speed": 16,
      "dispense_speed": 16,
      "aspirate_wait_time": 0.30000000000000004,
      "dispense_wait_time": 1.5,
      "pre_asp_air_vol": 0.081,
      "retract_speed": 5.0,
      "blowout_vol": 0.0,
      "post_asp_air_vol": 0.0,
      "post_retract_wait_time": 0.0,
      "overaspirate_vol": 0.006
    },
    "trial_score": 0.154844426791509,
    "trial_quality": "within_tolerance"
  },
  {
    "measurement_id": "measurement_1770762050628126_1",
    "parameters": {
      "calibration": {
        "overaspirate_vol": 0.006
      },
      "hardware": {
        "parameters": {
          "aspirate_speed": 16,
          "dispense_speed": 16,
          "aspirate_wait_time": 0.30000000000000004,
          "pre_asp_air_vol": 0.081
        }
      }
    },
    "target_volume_ml": 0.18,
    "measured_volume_ml": 0.18060000000000187,
    "duration_s": 20.594107100740075,
    "timestamp": 1770762050.6281269,
    "replicate_id": 1,
    "metadata": {
      "replicate": 1,
      "volume": 0.18060000000000187,
      "elapsed_s": 20.594107100740075,
      "start_time": "2026-02-10T17:20:30.031086",
      "end_time": "2026-02-10T17:20:50.628127",
      "target_volume_mL": 0.18,
      "measured_volume_uL": 180.60000000000187,
      "target_volume_uL": 180.0,
      "aspirate_speed": 16,
      "dispense_speed": 16,
      "aspirate_wait_time": 0.30000000000000004,
      "dispense_wait_time": 1.5,
      "pre_asp_air_vol": 0.081,
      "retract_speed": 5.0,
      "blowout_vol": 0.0,
      "post_asp_air_vol": 0.0,
      "post_retract_wait_time": 0.0,
      "overaspirate_vol": 0.006
    },
    "trial_score": 0.154844426791509,
    "trial_quality": "within_tolerance"
  },
  {
    "measurement_id": "measurement_1770762077630274_1",
    "parameters": {
      "calibration": {
        "overaspirate_vol": 0.007
      },
      "hardware": {
        "parameters": {
          "aspirate_speed": 13,
          "dispense_speed": 19,
          "aspirate_wait_time": 0.7000000000000001,
          "pre_asp_air_vol": 0.15
        }
      }
    },
    "target_volume_ml": 0.18,
    "measured_volume_ml": 0.17960000000000065,
    "duration_s": 26.987656199373305,
    "timestamp": 1770762077.6302748,
    "replicate_id": 1,
    "metadata": {
      "replicate": 1,
      "volume": 0.17960000000000065,
      "elapsed_s": 26.987656199373305,
      "start_time": "2026-02-10T17:20:50.642277",
      "end_time": "2026-02-10T17:21:17.624432",
      "target_volume_mL": 0.18,
      "measured_volume_uL": 179.60000000000065,
      "target_volume_uL": 180.0,
      "aspirate_speed": 13,
      "dispense_speed": 19,
      "aspirate_wait_time": 0.7000000000000001,
      "dispense_wait_time": 1.5,
      "pre_asp_air_vol": 0.15,
      "retract_speed": 5.0,
      "blowout_vol": 0.0,
      "post_asp_air_vol": 0.0,
      "post_retract_wait_time": 0.0,
      "overaspirate_vol": 0.007
    },
    "trial_score": 0.16720624088422176,
    "trial_quality": "within_tolerance"
  },
  {
    "measurement_id": "measurement_1770762104443085_1",
    "parameters": {
      "calibration": {
        "overaspirate_vol": 0.007
      },
      "hardware": {
        "parameters": {
          "aspirate_speed": 13,
          "dispense_speed": 19,
          "aspirate_wait_time": 0.7000000000000001,
          "pre_asp_air_vol": 0.15
        }
      }
    },
    "target_volume_ml": 0.18,
    "measured_volume_ml": 0.18023333333333547,
    "duration_s": 26.825142200104892,
    "timestamp": 1770762104.443085,
    "replicate_id": 1,
    "metadata": {
      "replicate": 1,
      "volume": 0.18023333333333547,
      "elapsed_s": 26.825142200104892,
      "start_time": "2026-02-10T17:21:17.631222",
      "end_time": "2026-02-10T17:21:44.443085",
      "target_volume_mL": 0.18,
      "measured_volume_uL": 180.23333333333545,
      "target_volume_uL": 180.0,
      "aspirate_speed": 13,
      "dispense_speed": 19,
      "aspirate_wait_time": 0.7000000000000001,
      "dispense_wait_time": 1.5,
      "pre_asp_air_vol": 0.15,
      "retract_speed": 5.0,
      "blowout_vol": 0.0,
      "post_asp_air_vol": 0.0,
      "post_retract_wait_time": 0.0,
      "overaspirate_vol": 0.007
    },
    "trial_score": 0.16720624088422176,
    "trial_quality": "within_tolerance"
  },
  {
    "measurement_id": "measurement_1770762131230897_1",
    "parameters": {
      "calibration": {
        "overaspirate_vol": 0.007
      },
      "hardware": {
        "parameters": {
          "aspirate_speed": 13,
          "dispense_speed": 19,
          "aspirate_wait_time": 0.7000000000000001,
          "pre_asp_air_vol": 0.15
        }
      }
    },
    "target_volume_ml": 0.18,
    "measured_volume_ml": 0.18060000000000187,
    "duration_s": 26.78275729995221,
    "timestamp": 1770762131.230897,
    "replicate_id": 1,
    "metadata": {
      "replicate": 1,
      "volume": 0.18060000000000187,
      "elapsed_s": 26.78275729995221,
      "start_time": "2026-02-10T17:21:44.443085",
      "end_time": "2026-02-10T17:22:11.230897",
      "target_volume_mL": 0.18,
      "measured_volume_uL": 180.60000000000187,
      "target_volume_uL": 180.0,
      "aspirate_speed": 13,
      "dispense_speed": 19,
      "aspirate_wait_time": 0.7000000000000001,
      "dispense_wait_time": 1.5,
      "pre_asp_air_vol": 0.15,
      "retract_speed": 5.0,
      "blowout_vol": 0.0,
      "post_asp_air_vol": 0.0,
      "post_retract_wait_time": 0.0,
      "overaspirate_vol": 0.007
    },
    "trial_score": 0.16720624088422176,
    "trial_quality": "within_tolerance"
  },
  {
    "measurement_id": "measurement_1770762158015057_1",
    "parameters": {
      "calibration": {
        "overaspirate_vol": 0.007
      },
      "hardware": {
        "parameters": {
          "aspirate_speed": 13,
          "dispense_speed": 19,
          "aspirate_wait_time": 0.7000000000000001,
          "pre_asp_air_vol": 0.15
        }
      }
    },
    "target_volume_ml": 0.18,
    "measured_volume_ml": 0.18010000000000126,
    "duration_s": 26.779690600000322,
    "timestamp": 1770762158.0150578,
    "replicate_id": 1,
    "metadata": {
      "replicate": 1,
      "volume": 0.18010000000000126,
      "elapsed_s": 26.779690600000322,
      "start_time": "2026-02-10T17:22:11.230897",
      "end_time": "2026-02-10T17:22:38.015057",
      "target_volume_mL": 0.18,
      "measured_volume_uL": 180.10000000000127,
      "target_volume_uL": 180.0,
      "aspirate_speed": 13,
      "dispense_speed": 19,
      "aspirate_wait_time": 0.7000000000000001,
      "dispense_wait_time": 1.5,
      "pre_asp_air_vol": 0.15,
      "retract_speed": 5.0,
      "blowout_vol": 0.0,
      "post_asp_air_vol": 0.0,
      "post_retract_wait_time": 0.0,
      "overaspirate_vol": 0.007
    },
    "trial_score": 0.16720624088422176,
    "trial_quality": "within_tolerance"
  },
  {
    "measurement_id": "measurement_1770762185013689_1",
    "parameters": {
      "calibration": {
        "overaspirate_vol": 0.007
      },
      "hardware": {
        "parameters": {
          "aspirate_speed": 13,
          "dispense_speed": 19,
          "aspirate_wait_time": 0.7000000000000001,
          "pre_asp_air_vol": 0.15
        }
      }
    },
    "target_volume_ml": 0.18,
    "measured_volume_ml": 0.18050000000000033,
    "duration_s": 27.004111499525607,
    "timestamp": 1770762185.0136893,
    "replicate_id": 1,
    "metadata": {
      "replicate": 1,
      "volume": 0.18050000000000033,
      "elapsed_s": 27.004111499525607,
      "start_time": "2026-02-10T17:22:38.015057",
      "end_time": "2026-02-10T17:23:05.013689",
      "target_volume_mL": 0.18,
      "measured_volume_uL": 180.50000000000034,
      "target_volume_uL": 180.0,
      "aspirate_speed": 13,
      "dispense_speed": 19,
      "aspirate_wait_time": 0.7000000000000001,
      "dispense_wait_time": 1.5,
      "pre_asp_air_vol": 0.15,
      "retract_speed": 5.0,
      "blowout_vol": 0.0,
      "post_asp_air_vol": 0.0,
      "post_retract_wait_time": 0.0,
      "overaspirate_vol": 0.007
    },
    "trial_score": 0.16720624088422176,
    "trial_quality": "within_tolerance"
  },
  {
    "measurement_id": "measurement_1770762205800248_1",
    "parameters": {
      "calibration": {
        "overaspirate_vol": 0.0014
      },
      "hardware": {
        "parameters": {
          "aspirate_speed": 15,
          "dispense_speed": 10,
          "aspirate_wait_time": 3.3000000000000003,
          "pre_asp_air_vol": 0.224
        }
      }
    },
    "target_volume_ml": 0.18,
    "measured_volume_ml": 0.17329999999999934,
    "duration_s": 20.75823020003736,
    "timestamp": 1770762205.800248,
    "replicate_id": 1,
    "metadata": {
      "replicate": 1,
      "volume": 0.17329999999999934,
      "elapsed_s": 20.75823020003736,
      "start_time": "2026-02-10T17:23:05.041541",
      "end_time": "2026-02-10T17:23:25.799727",
      "target_volume_mL": 0.18,
      "measured_volume_uL": 173.29999999999933,
      "target_volume_uL": 180.0,
      "aspirate_speed": 15,
      "dispense_speed": 10,
      "aspirate_wait_time": 3.3000000000000003,
      "dispense_wait_time": 1.5,
      "pre_asp_air_vol": 0.224,
      "retract_speed": 5.0,
      "blowout_vol": 0.0,
      "post_asp_air_vol": 0.0,
      "post_retract_wait_time": 0.0,
      "overaspirate_vol": 0.0014
    },
    "trial_score": 0.5319666239219988,
    "trial_quality": "partial_tolerance"
  },
  {
    "measurement_id": "measurement_1770762226416310_1",
    "parameters": {
      "calibration": {
        "overaspirate_vol": 0.0014
      },
      "hardware": {
        "parameters": {
          "aspirate_speed": 15,
          "dispense_speed": 10,
          "aspirate_wait_time": 3.3000000000000003,
          "pre_asp_air_vol": 0.224
        }
      }
    },
    "target_volume_ml": 0.18,
    "measured_volume_ml": 0.17380000000000173,
    "duration_s": 20.61492899991572,
    "timestamp": 1770762226.4163103,
    "replicate_id": 1,
    "metadata": {
      "replicate": 1,
      "volume": 0.17380000000000173,
      "elapsed_s": 20.61492899991572,
      "start_time": "2026-02-10T17:23:25.800247",
      "end_time": "2026-02-10T17:23:46.415897",
      "target_volume_mL": 0.18,
      "measured_volume_uL": 173.80000000000172,
      "target_volume_uL": 180.0,
      "aspirate_speed": 15,
      "dispense_speed": 10,
      "aspirate_wait_time": 3.3000000000000003,
      "dispense_wait_time": 1.5,
      "pre_asp_air_vol": 0.224,
      "retract_speed": 5.0,
      "blowout_vol": 0.0,
      "post_asp_air_vol": 0.0,
      "post_retract_wait_time": 0.0,
      "overaspirate_vol": 0.0014
    },
    "trial_score": 0.5319666239219988,
    "trial_quality": "partial_tolerance"
  },
  {
    "measurement_id": "measurement_1770762247213351_1",
    "parameters": {
      "calibration": {
        "overaspirate_vol": 0.0014
      },
      "hardware": {
        "parameters": {
          "aspirate_speed": 15,
          "dispense_speed": 10,
          "aspirate_wait_time": 3.3000000000000003,
          "pre_asp_air_vol": 0.224
        }
      }
    },
    "target_volume_ml": 0.18,
    "measured_volume_ml": 0.17400000000000126,
    "duration_s": 20.81100120022893,
    "timestamp": 1770762247.213351,
    "replicate_id": 1,
    "metadata": {
      "replicate": 1,
      "volume": 0.17400000000000126,
      "elapsed_s": 20.81100120022893,
      "start_time": "2026-02-10T17:23:46.417320",
      "end_time": "2026-02-10T17:24:07.213351",
      "target_volume_mL": 0.18,
      "measured_volume_uL": 174.00000000000125,
      "target_volume_uL": 180.0,
      "aspirate_speed": 15,
      "dispense_speed": 10,
      "aspirate_wait_time": 3.3000000000000003,
      "dispense_wait_time": 1.5,
      "pre_asp_air_vol": 0.224,
      "retract_speed": 5.0,
      "blowout_vol": 0.0,
      "post_asp_air_vol": 0.0,
      "post_retract_wait_time": 0.0,
      "overaspirate_vol": 0.0014
    },
    "trial_score": 0.5319666239219988,
    "trial_quality": "partial_tolerance"
  },
  {
    "measurement_id": "measurement_1770762268020412_1",
    "parameters": {
      "calibration": {
        "overaspirate_vol": 0.0014
      },
      "hardware": {
        "parameters": {
          "aspirate_speed": 15,
          "dispense_speed": 10,
          "aspirate_wait_time": 3.3000000000000003,
          "pre_asp_air_vol": 0.224
        }
      }
    },
    "target_volume_ml": 0.18,
    "measured_volume_ml": 0.17410000000000103,
    "duration_s": 20.790856500156224,
    "timestamp": 1770762268.0204122,
    "replicate_id": 1,
    "metadata": {
      "replicate": 1,
      "volume": 0.17410000000000103,
      "elapsed_s": 20.790856500156224,
      "start_time": "2026-02-10T17:24:07.229610",
      "end_time": "2026-02-10T17:24:28.020412",
      "target_volume_mL": 0.18,
      "measured_volume_uL": 174.10000000000105,
      "target_volume_uL": 180.0,
      "aspirate_speed": 15,
      "dispense_speed": 10,
      "aspirate_wait_time": 3.3000000000000003,
      "dispense_wait_time": 1.5,
      "pre_asp_air_vol": 0.224,
      "retract_speed": 5.0,
      "blowout_vol": 0.0,
      "post_asp_air_vol": 0.0,
      "post_retract_wait_time": 0.0,
      "overaspirate_vol": 0.0014
    },
    "trial_score": 0.5319666239219988,
    "trial_quality": "partial_tolerance"
  },
  {
    "measurement_id": "measurement_1770762288632962_1",
    "parameters": {
      "calibration": {
        "overaspirate_vol": 0.0014
      },
      "hardware": {
        "parameters": {
          "aspirate_speed": 15,
          "dispense_speed": 10,
          "aspirate_wait_time": 3.3000000000000003,
          "pre_asp_air_vol": 0.224
        }
      }
    },
    "target_volume_ml": 0.18,
    "measured_volume_ml": 0.17419999999999902,
    "duration_s": 20.61790690012276,
    "timestamp": 1770762288.6329627,
    "replicate_id": 1,
    "metadata": {
      "replicate": 1,
      "volume": 0.17419999999999902,
      "elapsed_s": 20.61790690012276,
      "start_time": "2026-02-10T17:24:28.020412",
      "end_time": "2026-02-10T17:24:48.632962",
      "target_volume_mL": 0.18,
      "measured_volume_uL": 174.19999999999902,
      "target_volume_uL": 180.0,
      "aspirate_speed": 15,
      "dispense_speed": 10,
      "aspirate_wait_time": 3.3000000000000003,
      "dispense_wait_time": 1.5,
      "pre_asp_air_vol": 0.224,
      "retract_speed": 5.0,
      "blowout_vol": 0.0,
      "post_asp_air_vol": 0.0,
      "post_retract_wait_time": 0.0,
      "overaspirate_vol": 0.0014
    },
    "trial_score": 0.5319666239219988,
    "trial_quality": "partial_tolerance"
  },
  {
    "measurement_id": "measurement_1770762309010556_1",
    "parameters": {
      "calibration": {
        "overaspirate_vol": 0.006
      },
      "hardware": {
        "parameters": {
          "aspirate_speed": 16,
          "dispense_speed": 16,
          "aspirate_wait_time": 0.30000000000000004,
          "pre_asp_air_vol": 0.081
        }
      }
    },
    "target_volume_ml": 0.18,
    "measured_volume_ml": 0.18069999999999986,
    "duration_s": 20.378296799957752,
    "timestamp": 1770762309.0105567,
    "replicate_id": 1,
    "metadata": {
      "replicate": 1,
      "volume": 0.18069999999999986,
      "elapsed_s": 20.378296799957752,
      "start_time": "2026-02-10T17:24:48.632962",
      "end_time": "2026-02-10T17:25:09.010556",
      "target_volume_mL": 0.18,
      "measured_volume_uL": 180.69999999999987,
      "target_volume_uL": 180.0,
      "aspirate_speed": 16,
      "dispense_speed": 16,
      "aspirate_wait_time": 0.30000000000000004,
      "dispense_wait_time": 1.5,
      "pre_asp_air_vol": 0.081,
      "retract_speed": 5.0,
      "blowout_vol": 0.0,
      "post_asp_air_vol": 0.0,
      "post_retract_wait_time": 0.0,
      "overaspirate_vol": 0.006
    },
    "trial_score": 0.6457054337776222,
    "trial_quality": "within_tolerance"
  },
  {
    "measurement_id": "measurement_1770762329614865_1",
    "parameters": {
      "calibration": {
        "overaspirate_vol": 0.0017000000000001328
      },
      "hardware": {
        "parameters": {
          "aspirate_speed": 16,
          "dispense_speed": 16,
          "aspirate_wait_time": 0.30000000000000004,
          "pre_asp_air_vol": 0.081
        }
      }
    },
    "target_volume_ml": 0.18,
    "measured_volume_ml": 0.17650000000000077,
    "duration_s": 20.591577600687742,
    "timestamp": 1770762329.6148653,
    "replicate_id": 1,
    "metadata": {
      "replicate": 1,
      "volume": 0.17650000000000077,
      "elapsed_s": 20.591577600687742,
      "start_time": "2026-02-10T17:25:09.010556",
      "end_time": "2026-02-10T17:25:29.614865",
      "target_volume_mL": 0.18,
      "measured_volume_uL": 176.50000000000077,
      "target_volume_uL": 180.0,
      "aspirate_speed": 16,
      "dispense_speed": 16,
      "aspirate_wait_time": 0.30000000000000004,
      "dispense_wait_time": 1.5,
      "pre_asp_air_vol": 0.081,
      "retract_speed": 5.0,
      "blowout_vol": 0.0,
      "post_asp_air_vol": 0.0,
      "post_retract_wait_time": 0.0,
      "overaspirate_vol": 0.0017000000000001328
    },
    "trial_score": 0.9575274808910954,
    "trial_quality": "within_tolerance"
  },
  {
    "measurement_id": "measurement_1770762348404555_1",
    "parameters": {
      "calibration": {
        "overaspirate_vol": 0.0071
      },
      "hardware": {
        "parameters": {
          "aspirate_speed": 15,
          "dispense_speed": 6,
          "aspirate_wait_time": 0.30000000000000004,
          "pre_asp_air_vol": 0.044
        }
      }
    },
    "target_volume_ml": 0.18,
    "measured_volume_ml": 0.18210000000000193,
    "duration_s": 16.03236240055412,
    "timestamp": 1770762348.404555,
    "replicate_id": 1,
    "metadata": {
      "replicate": 1,
      "volume": 0.18210000000000193,
      "elapsed_s": 16.03236240055412,
      "start_time": "2026-02-10T17:25:32.372132",
      "end_time": "2026-02-10T17:25:48.404555",
      "target_volume_mL": 0.18,
      "measured_volume_uL": 182.10000000000193,
      "target_volume_uL": 180.0,
      "aspirate_speed": 15,
      "dispense_speed": 6,
      "aspirate_wait_time": 0.30000000000000004,
      "dispense_wait_time": 1.5,
      "pre_asp_air_vol": 0.044,
      "retract_speed": 5.0,
      "blowout_vol": 0.0,
      "post_asp_air_vol": 0.0,
      "post_retract_wait_time": 0.0,
      "overaspirate_vol": 0.0071
    },
    "trial_score": 0.3236282853125371,
    "trial_quality": "within_tolerance"
  },
  {
    "measurement_id": "measurement_1770762364997975_1",
    "parameters": {
      "calibration": {
        "overaspirate_vol": 0.0071
      },
      "hardware": {
        "parameters": {
          "aspirate_speed": 15,
          "dispense_speed": 6,
          "aspirate_wait_time": 0.30000000000000004,
          "pre_asp_air_vol": 0.044
        }
      }
    },
    "target_volume_ml": 0.18,
    "measured_volume_ml": 0.1822000000000017,
    "duration_s": 16.591977399773896,
    "timestamp": 1770762364.9979753,
    "replicate_id": 1,
    "metadata": {
      "replicate": 1,
      "volume": 0.1822000000000017,
      "elapsed_s": 16.591977399773896,
      "start_time": "2026-02-10T17:25:48.405650",
      "end_time": "2026-02-10T17:26:04.997975",
      "target_volume_mL": 0.18,
      "measured_volume_uL": 182.2000000000017,
      "target_volume_uL": 180.0,
      "aspirate_speed": 15,
      "dispense_speed": 6,
      "aspirate_wait_time": 0.30000000000000004,
      "dispense_wait_time": 1.5,
      "pre_asp_air_vol": 0.044,
      "retract_speed": 5.0,
      "blowout_vol": 0.0,
      "post_asp_air_vol": 0.0,
      "post_retract_wait_time": 0.0,
      "overaspirate_vol": 0.0071
    },
    "trial_score": 0.3236282853125371,
    "trial_quality": "within_tolerance"
  },
  {
    "measurement_id": "measurement_1770762381611700_1",
    "parameters": {
      "calibration": {
        "overaspirate_vol": 0.0071
      },
      "hardware": {
        "parameters": {
          "aspirate_speed": 15,
          "dispense_speed": 6,
          "aspirate_wait_time": 0.30000000000000004,
          "pre_asp_air_vol": 0.044
        }
      }
    },
    "target_volume_ml": 0.18,
    "measured_volume_ml": 0.18249999999999922,
    "duration_s": 16.620432399213314,
    "timestamp": 1770762381.6117003,
    "replicate_id": 1,
    "metadata": {
      "replicate": 1,
      "volume": 0.18249999999999922,
      "elapsed_s": 16.620432399213314,
      "start_time": "2026-02-10T17:26:04.997975",
      "end_time": "2026-02-10T17:26:21.611700",
      "target_volume_mL": 0.18,
      "measured_volume_uL": 182.4999999999992,
      "target_volume_uL": 180.0,
      "aspirate_speed": 15,
      "dispense_speed": 6,
      "aspirate_wait_time": 0.30000000000000004,
      "dispense_wait_time": 1.5,
      "pre_asp_air_vol": 0.044,
      "retract_speed": 5.0,
      "blowout_vol": 0.0,
      "post_asp_air_vol": 0.0,
      "post_retract_wait_time": 0.0,
      "overaspirate_vol": 0.0071
    },
    "trial_score": 0.3236282853125371,
    "trial_quality": "within_tolerance"
  },
  {
    "measurement_id": "measurement_1770762397622431_1",
    "parameters": {
      "calibration": {
        "overaspirate_vol": 0.0071
      },
      "hardware": {
        "parameters": {
          "aspirate_speed": 15,
          "dispense_speed": 6,
          "aspirate_wait_time": 0.30000000000000004,
          "pre_asp_air_vol": 0.044
        }
      }
    },
    "target_volume_ml": 0.18,
    "measured_volume_ml": 0.1822000000000017,
    "duration_s": 16.00289330072701,
    "timestamp": 1770762397.6224313,
    "replicate_id": 1,
    "metadata": {
      "replicate": 1,
      "volume": 0.1822000000000017,
      "elapsed_s": 16.00289330072701,
      "start_time": "2026-02-10T17:26:21.611700",
      "end_time": "2026-02-10T17:26:37.622431",
      "target_volume_mL": 0.18,
      "measured_volume_uL": 182.2000000000017,
      "target_volume_uL": 180.0,
      "aspirate_speed": 15,
      "dispense_speed": 6,
      "aspirate_wait_time": 0.30000000000000004,
      "dispense_wait_time": 1.5,
      "pre_asp_air_vol": 0.044,
      "retract_speed": 5.0,
      "blowout_vol": 0.0,
      "post_asp_air_vol": 0.0,
      "post_retract_wait_time": 0.0,
      "overaspirate_vol": 0.0071
    },
    "trial_score": 0.3236282853125371,
    "trial_quality": "within_tolerance"
  },
  {
    "measurement_id": "measurement_1770762413996277_1",
    "parameters": {
      "calibration": {
        "overaspirate_vol": 0.0071
      },
      "hardware": {
        "parameters": {
          "aspirate_speed": 15,
          "dispense_speed": 6,
          "aspirate_wait_time": 0.30000000000000004,
          "pre_asp_air_vol": 0.044
        }
      }
    },
    "target_volume_ml": 0.18,
    "measured_volume_ml": 0.18209999999999837,
    "duration_s": 16.379161700606346,
    "timestamp": 1770762413.9962776,
    "replicate_id": 1,
    "metadata": {
      "replicate": 1,
      "volume": 0.18209999999999837,
      "elapsed_s": 16.379161700606346,
      "start_time": "2026-02-10T17:26:37.622431",
      "end_time": "2026-02-10T17:26:53.996277",
      "target_volume_mL": 0.18,
      "measured_volume_uL": 182.09999999999837,
      "target_volume_uL": 180.0,
      "aspirate_speed": 15,
      "dispense_speed": 6,
      "aspirate_wait_time": 0.30000000000000004,
      "dispense_wait_time": 1.5,
      "pre_asp_air_vol": 0.044,
      "retract_speed": 5.0,
      "blowout_vol": 0.0,
      "post_asp_air_vol": 0.0,
      "post_retract_wait_time": 0.0,
      "overaspirate_vol": 0.0071
    },
    "trial_score": 0.3236282853125371,
    "trial_quality": "within_tolerance"
  },
  {
    "measurement_id": "measurement_1770762433641820_1",
    "parameters": {
      "calibration": {
        "overaspirate_vol": 0.0059
      },
      "hardware": {
        "parameters": {
          "aspirate_speed": 15,
          "dispense_speed": 7,
          "aspirate_wait_time": 1.3,
          "pre_asp_air_vol": 0.065
        }
      }
    },
    "target_volume_ml": 0.18,
    "measured_volume_ml": 0.17999999999999972,
    "duration_s": 17.221604200080037,
    "timestamp": 1770762433.64182,
    "replicate_id": 1,
    "metadata": {
      "replicate": 1,
      "volume": 0.17999999999999972,
      "elapsed_s": 17.221604200080037,
      "start_time": "2026-02-10T17:26:56.419461",
      "end_time": "2026-02-10T17:27:13.641820",
      "target_volume_mL": 0.18,
      "measured_volume_uL": 179.99999999999972,
      "target_volume_uL": 180.0,
      "aspirate_speed": 15,
      "dispense_speed": 7,
      "aspirate_wait_time": 1.3,
      "dispense_wait_time": 1.5,
      "pre_asp_air_vol": 0.065,
      "retract_speed": 5.0,
      "blowout_vol": 0.0,
      "post_asp_air_vol": 0.0,
      "post_retract_wait_time": 0.0,
      "overaspirate_vol": 0.0059
    },
    "trial_score": 0.11651617659748673,
    "trial_quality": "within_tolerance"
  },
  {
    "measurement_id": "measurement_1770762450819137_1",
    "parameters": {
      "calibration": {
        "overaspirate_vol": 0.0059
      },
      "hardware": {
        "parameters": {
          "aspirate_speed": 15,
          "dispense_speed": 7,
          "aspirate_wait_time": 1.3,
          "pre_asp_air_vol": 0.065
        }
      }
    },
    "target_volume_ml": 0.18,
    "measured_volume_ml": 0.1803000000000008,
    "duration_s": 17.176717299968004,
    "timestamp": 1770762450.819137,
    "replicate_id": 1,
    "metadata": {
      "replicate": 1,
      "volume": 0.1803000000000008,
      "elapsed_s": 17.176717299968004,
      "start_time": "2026-02-10T17:27:13.641820",
      "end_time": "2026-02-10T17:27:30.819137",
      "target_volume_mL": 0.18,
      "measured_volume_uL": 180.3000000000008,
      "target_volume_uL": 180.0,
      "aspirate_speed": 15,
      "dispense_speed": 7,
      "aspirate_wait_time": 1.3,
      "dispense_wait_time": 1.5,
      "pre_asp_air_vol": 0.065,
      "retract_speed": 5.0,
      "blowout_vol": 0.0,
      "post_asp_air_vol": 0.0,
      "post_retract_wait_time": 0.0,
      "overaspirate_vol": 0.0059
    },
    "trial_score": 0.11651617659748673,
    "trial_quality": "within_tolerance"
  },
  {
    "measurement_id": "measurement_1770762468418990_1",
    "parameters": {
      "calibration": {
        "overaspirate_vol": 0.0059
      },
      "hardware": {
        "parameters": {
          "aspirate_speed": 15,
          "dispense_speed": 7,
          "aspirate_wait_time": 1.3,
          "pre_asp_air_vol": 0.065
        }
      }
    },
    "target_volume_ml": 0.18,
    "measured_volume_ml": 0.1801200000000005,
    "duration_s": 17.59704769961536,
    "timestamp": 1770762468.4189906,
    "replicate_id": 1,
    "metadata": {
      "replicate": 1,
      "volume": 0.1801200000000005,
      "elapsed_s": 17.59704769961536,
      "start_time": "2026-02-10T17:27:30.819137",
      "end_time": "2026-02-10T17:27:48.418990",
      "target_volume_mL": 0.18,
      "measured_volume_uL": 180.12000000000052,
      "target_volume_uL": 180.0,
      "aspirate_speed": 15,
      "dispense_speed": 7,
      "aspirate_wait_time": 1.3,
      "dispense_wait_time": 1.5,
      "pre_asp_air_vol": 0.065,
      "retract_speed": 5.0,
      "blowout_vol": 0.0,
      "post_asp_air_vol": 0.0,
      "post_retract_wait_time": 0.0,
      "overaspirate_vol": 0.0059
    },
    "trial_score": 0.11651617659748673,
    "trial_quality": "within_tolerance"
  },
  {
    "measurement_id": "measurement_1770762485813142_1",
    "parameters": {
      "calibration": {
        "overaspirate_vol": 0.0059
      },
      "hardware": {
        "parameters": {
          "aspirate_speed": 15,
          "dispense_speed": 7,
          "aspirate_wait_time": 1.3,
          "pre_asp_air_vol": 0.065
        }
      }
    },
    "target_volume_ml": 0.18,
    "measured_volume_ml": 0.18019999999999925,
    "duration_s": 17.399241600185633,
    "timestamp": 1770762485.8131423,
    "replicate_id": 1,
    "metadata": {
      "replicate": 1,
      "volume": 0.18019999999999925,
      "elapsed_s": 17.399241600185633,
      "start_time": "2026-02-10T17:27:48.420464",
      "end_time": "2026-02-10T17:28:05.813142",
      "target_volume_mL": 0.18,
      "measured_volume_uL": 180.19999999999925,
      "target_volume_uL": 180.0,
      "aspirate_speed": 15,
      "dispense_speed": 7,
      "aspirate_wait_time": 1.3,
      "dispense_wait_time": 1.5,
      "pre_asp_air_vol": 0.065,
      "retract_speed": 5.0,
      "blowout_vol": 0.0,
      "post_asp_air_vol": 0.0,
      "post_retract_wait_time": 0.0,
      "overaspirate_vol": 0.0059
    },
    "trial_score": 0.11651617659748673,
    "trial_quality": "within_tolerance"
  },
  {
    "measurement_id": "measurement_1770762503235662_1",
    "parameters": {
      "calibration": {
        "overaspirate_vol": 0.0059
      },
      "hardware": {
        "parameters": {
          "aspirate_speed": 15,
          "dispense_speed": 7,
          "aspirate_wait_time": 1.3,
          "pre_asp_air_vol": 0.065
        }
      }
    },
    "target_volume_ml": 0.18,
    "measured_volume_ml": 0.18059999999999832,
    "duration_s": 17.416193400509655,
    "timestamp": 1770762503.2356622,
    "replicate_id": 1,
    "metadata": {
      "replicate": 1,
      "volume": 0.18059999999999832,
      "elapsed_s": 17.416193400509655,
      "start_time": "2026-02-10T17:28:05.813142",
      "end_time": "2026-02-10T17:28:23.235662",
      "target_volume_mL": 0.18,
      "measured_volume_uL": 180.59999999999832,
      "target_volume_uL": 180.0,
      "aspirate_speed": 15,
      "dispense_speed": 7,
      "aspirate_wait_time": 1.3,
      "dispense_wait_time": 1.5,
      "pre_asp_air_vol": 0.065,
      "retract_speed": 5.0,
      "blowout_vol": 0.0,
      "post_asp_air_vol": 0.0,
      "post_retract_wait_time": 0.0,
      "overaspirate_vol": 0.0059
    },
    "trial_score": 0.11651617659748673,
    "trial_quality": "within_tolerance"
  },
  {
    "measurement_id": "measurement_1770762522594001_1",
    "parameters": {
      "calibration": {
        "overaspirate_vol": 0.0058000000000000005
      },
      "hardware": {
        "parameters": {
          "aspirate_speed": 15,
          "dispense_speed": 5,
          "aspirate_wait_time": 0.9,
          "pre_asp_air_vol": 0.154
        }
      }
    },
    "target_volume_ml": 0.18,
    "measured_volume_ml": 0.1788000000000025,
    "duration_s": 17.036911799572408,
    "timestamp": 1770762522.5940013,
    "replicate_id": 1,
    "metadata": {
      "replicate": 1,
      "volume": 0.1788000000000025,
      "elapsed_s": 17.036911799572408,
      "start_time": "2026-02-10T17:28:25.555564",
      "end_time": "2026-02-10T17:28:42.594001",
      "target_volume_mL": 0.18,
      "measured_volume_uL": 178.8000000000025,
      "target_volume_uL": 180.0,
      "aspirate_speed": 15,
      "dispense_speed": 5,
      "aspirate_wait_time": 0.9,
      "dispense_wait_time": 1.5,
      "pre_asp_air_vol": 0.154,
      "retract_speed": 5.0,
      "blowout_vol": 0.0,
      "post_asp_air_vol": 0.0,
      "post_retract_wait_time": 0.0,
      "overaspirate_vol": 0.0058000000000000005
    },
    "trial_score": 0.1956797790252606,
    "trial_quality": "within_tolerance"
  },
  {
    "measurement_id": "measurement_1770762539995527_1",
    "parameters": {
      "calibration": {
        "overaspirate_vol": 0.0058000000000000005
      },
      "hardware": {
        "parameters": {
          "aspirate_speed": 15,
          "dispense_speed": 5,
          "aspirate_wait_time": 0.9,
          "pre_asp_air_vol": 0.154
        }
      }
    },
    "target_volume_ml": 0.18,
    "measured_volume_ml": 0.1791000000000018,
    "duration_s": 17.414222599938512,
    "timestamp": 1770762539.9955275,
    "replicate_id": 1,
    "metadata": {
      "replicate": 1,
      "volume": 0.1791000000000018,
      "elapsed_s": 17.414222599938512,
      "start_time": "2026-02-10T17:28:42.595007",
      "end_time": "2026-02-10T17:28:59.995527",
      "target_volume_mL": 0.18,
      "measured_volume_uL": 179.1000000000018,
      "target_volume_uL": 180.0,
      "aspirate_speed": 15,
      "dispense_speed": 5,
      "aspirate_wait_time": 0.9,
      "dispense_wait_time": 1.5,
      "pre_asp_air_vol": 0.154,
      "retract_speed": 5.0,
      "blowout_vol": 0.0,
      "post_asp_air_vol": 0.0,
      "post_retract_wait_time": 0.0,
      "overaspirate_vol": 0.0058000000000000005
    },
    "trial_score": 0.1956797790252606,
    "trial_quality": "within_tolerance"
  },
  {
    "measurement_id": "measurement_1770762557396550_1",
    "parameters": {
      "calibration": {
        "overaspirate_vol": 0.0058000000000000005
      },
      "hardware": {
        "parameters": {
          "aspirate_speed": 15,
          "dispense_speed": 5,
          "aspirate_wait_time": 0.9,
          "pre_asp_air_vol": 0.154
        }
      }
    },
    "target_volume_ml": 0.18,
    "measured_volume_ml": 0.1789000000000005,
    "duration_s": 17.387885499745607,
    "timestamp": 1770762557.39655,
    "replicate_id": 1,
    "metadata": {
      "replicate": 1,
      "volume": 0.1789000000000005,
      "elapsed_s": 17.387885499745607,
      "start_time": "2026-02-10T17:28:59.995527",
      "end_time": "2026-02-10T17:29:17.396549",
      "target_volume_mL": 0.18,
      "measured_volume_uL": 178.9000000000005,
      "target_volume_uL": 180.0,
      "aspirate_speed": 15,
      "dispense_speed": 5,
      "aspirate_wait_time": 0.9,
      "dispense_wait_time": 1.5,
      "pre_asp_air_vol": 0.154,
      "retract_speed": 5.0,
      "blowout_vol": 0.0,
      "post_asp_air_vol": 0.0,
      "post_retract_wait_time": 0.0,
      "overaspirate_vol": 0.0058000000000000005
    },
    "trial_score": 0.1956797790252606,
    "trial_quality": "within_tolerance"
  },
  {
    "measurement_id": "measurement_1770762574413139_1",
    "parameters": {
      "calibration": {
        "overaspirate_vol": 0.0058000000000000005
      },
      "hardware": {
        "parameters": {
          "aspirate_speed": 15,
          "dispense_speed": 5,
          "aspirate_wait_time": 0.9,
          "pre_asp_air_vol": 0.154
        }
      }
    },
    "target_volume_ml": 0.18,
    "measured_volume_ml": 0.17879999999999896,
    "duration_s": 17.01439760066569,
    "timestamp": 1770762574.413139,
    "replicate_id": 1,
    "metadata": {
      "replicate": 1,
      "volume": 0.17879999999999896,
      "elapsed_s": 17.01439760066569,
      "start_time": "2026-02-10T17:29:17.396549",
      "end_time": "2026-02-10T17:29:34.413139",
      "target_volume_mL": 0.18,
      "measured_volume_uL": 178.79999999999896,
      "target_volume_uL": 180.0,
      "aspirate_speed": 15,
      "dispense_speed": 5,
      "aspirate_wait_time": 0.9,
      "dispense_wait_time": 1.5,
      "pre_asp_air_vol": 0.154,
      "retract_speed": 5.0,
      "blowout_vol": 0.0,
      "post_asp_air_vol": 0.0,
      "post_retract_wait_time": 0.0,
      "overaspirate_vol": 0.0058000000000000005
    },
    "trial_score": 0.1956797790252606,
    "trial_quality": "within_tolerance"
  },
  {
    "measurement_id": "measurement_1770762591581201_1",
    "parameters": {
      "calibration": {
        "overaspirate_vol": 0.0058000000000000005
      },
      "hardware": {
        "parameters": {
          "aspirate_speed": 15,
          "dispense_speed": 5,
          "aspirate_wait_time": 0.9,
          "pre_asp_air_vol": 0.154
        }
      }
    },
    "target_volume_ml": 0.18,
    "measured_volume_ml": 0.17904000000000053,
    "duration_s": 17.171649899333715,
    "timestamp": 1770762591.581201,
    "replicate_id": 1,
    "metadata": {
      "replicate": 1,
      "volume": 0.17904000000000053,
      "elapsed_s": 17.171649899333715,
      "start_time": "2026-02-10T17:29:34.413139",
      "end_time": "2026-02-10T17:29:51.581201",
      "target_volume_mL": 0.18,
      "measured_volume_uL": 179.04000000000053,
      "target_volume_uL": 180.0,
      "aspirate_speed": 15,
      "dispense_speed": 5,
      "aspirate_wait_time": 0.9,
      "dispense_wait_time": 1.5,
      "pre_asp_air_vol": 0.154,
      "retract_speed": 5.0,
      "blowout_vol": 0.0,
      "post_asp_air_vol": 0.0,
      "post_retract_wait_time": 0.0,
      "overaspirate_vol": 0.0058000000000000005
    },
    "trial_score": 0.1956797790252606,
    "trial_quality": "within_tolerance"
  },
  {
    "measurement_id": "measurement_1770762607827467_1",
    "parameters": {
      "calibration": {
        "overaspirate_vol": 0.0059
      },
      "hardware": {
        "parameters": {
          "aspirate_speed": 15,
          "dispense_speed": 7,
          "aspirate_wait_time": 1.3,
          "pre_asp_air_vol": 0.065
        }
      }
    },
    "target_volume_ml": 0.1,
    "measured_volume_ml": 0.10143333333333437,
    "duration_s": 16.21951869968325,
    "timestamp": 1770762607.8274677,
    "replicate_id": 1,
    "metadata": {
      "replicate": 1,
      "volume": 0.10143333333333437,
      "elapsed_s": 16.21951869968325,
      "start_time": "2026-02-10T17:29:51.607587",
      "end_time": "2026-02-10T17:30:07.827467",
      "target_volume_mL": 0.1,
      "measured_volume_uL": 101.43333333333437,
      "target_volume_uL": 100.0,
      "aspirate_speed": 15,
      "dispense_speed": 7,
      "aspirate_wait_time": 1.3,
      "dispense_wait_time": 1.5,
      "pre_asp_air_vol": 0.065,
      "retract_speed": 5.0,
      "blowout_vol": 0.0,
      "post_asp_air_vol": 0.0,
      "post_retract_wait_time": 0.0,
      "overaspirate_vol": 0.0059
    },
    "trial_score": 0.8407317289991513,
    "trial_quality": "within_tolerance"
  },
  {
    "measurement_id": "measurement_1770762623997858_1",
    "parameters": {
      "calibration": {
        "overaspirate_vol": 0.002466666666665631
      },
      "hardware": {
        "parameters": {
          "aspirate_speed": 15,
          "dispense_speed": 7,
          "aspirate_wait_time": 1.3,
          "pre_asp_air_vol": 0.065
        }
      }
    },
    "target_volume_ml": 0.1,
    "measured_volume_ml": 0.09829999999999828,
    "duration_s": 16.17016199976206,
    "timestamp": 1770762623.9978583,
    "replicate_id": 1,
    "metadata": {
      "replicate": 1,
      "volume": 0.09829999999999828,
      "elapsed_s": 16.17016199976206,
      "start_time": "2026-02-10T17:30:07.829480",
      "end_time": "2026-02-10T17:30:23.997858",
      "target_volume_mL": 0.1,
      "measured_volume_uL": 98.29999999999828,
      "target_volume_uL": 100.0,
      "aspirate_speed": 15,
      "dispense_speed": 7,
      "aspirate_wait_time": 1.3,
      "dispense_wait_time": 1.5,
      "pre_asp_air_vol": 0.065,
      "retract_speed": 5.0,
      "blowout_vol": 0.0,
      "post_asp_air_vol": 0.0,
      "post_retract_wait_time": 0.0,
      "overaspirate_vol": 0.002466666666665631
    },
    "trial_score": 0.8939005399995524,
    "trial_quality": "within_tolerance"
  },
  {
    "measurement_id": "measurement_1770762640210690_1",
    "parameters": {
      "calibration": {
        "overaspirate_vol": 0.004329432624113245
      },
      "hardware": {
        "parameters": {
          "aspirate_speed": 15,
          "dispense_speed": 7,
          "aspirate_wait_time": 1.3,
          "pre_asp_air_vol": 0.065
        }
      }
    },
    "target_volume_ml": 0.1,
    "measured_volume_ml": 0.09980000000000011,
    "duration_s": 16.206673700362444,
    "timestamp": 1770762640.2106907,
    "replicate_id": 1,
    "metadata": {
      "replicate": 1,
      "volume": 0.09980000000000011,
      "elapsed_s": 16.206673700362444,
      "start_time": "2026-02-10T17:30:23.997858",
      "end_time": "2026-02-10T17:30:40.210690",
      "target_volume_mL": 0.1,
      "measured_volume_uL": 99.80000000000011,
      "target_volume_uL": 100.0,
      "aspirate_speed": 15,
      "dispense_speed": 7,
      "aspirate_wait_time": 1.3,
      "dispense_wait_time": 1.5,
      "pre_asp_air_vol": 0.065,
      "retract_speed": 5.0,
      "blowout_vol": 0.0,
      "post_asp_air_vol": 0.0,
      "post_retract_wait_time": 0.0,
      "overaspirate_vol": 0.004329432624113245
    },
    "trial_score": 0.14970204671313508,
    "trial_quality": "within_tolerance"
  },
  {
    "measurement_id": "measurement_1770762656786647_1",
    "parameters": {
      "calibration": {
        "overaspirate_vol": 0.004329432624113245
      },
      "hardware": {
        "parameters": {
          "aspirate_speed": 15,
          "dispense_speed": 7,
          "aspirate_wait_time": 1.3,
          "pre_asp_air_vol": 0.065
        }
      }
    },
    "target_volume_ml": 0.1,
    "measured_volume_ml": 0.09970000000000212,
    "duration_s": 16.58939339965582,
    "timestamp": 1770762656.7866476,
    "replicate_id": 1,
    "metadata": {
      "replicate": 1,
      "volume": 0.09970000000000212,
      "elapsed_s": 16.58939339965582,
      "start_time": "2026-02-10T17:30:40.210690",
      "end_time": "2026-02-10T17:30:56.786647",
      "target_volume_mL": 0.1,
      "measured_volume_uL": 99.70000000000212,
      "target_volume_uL": 100.0,
      "aspirate_speed": 15,
      "dispense_speed": 7,
      "aspirate_wait_time": 1.3,
      "dispense_wait_time": 1.5,
      "pre_asp_air_vol": 0.065,
      "retract_speed": 5.0,
      "blowout_vol": 0.0,
      "post_asp_air_vol": 0.0,
      "post_retract_wait_time": 0.0,
      "overaspirate_vol": 0.004329432624113245
    },
    "trial_score": 0.14970204671313508,
    "trial_quality": "within_tolerance"
  },
  {
    "measurement_id": "measurement_1770762673005613_1",
    "parameters": {
      "calibration": {
        "overaspirate_vol": 0.004329432624113245
      },
      "hardware": {
        "parameters": {
          "aspirate_speed": 15,
          "dispense_speed": 7,
          "aspirate_wait_time": 1.3,
          "pre_asp_air_vol": 0.065
        }
      }
    },
    "target_volume_ml": 0.1,
    "measured_volume_ml": 0.09960000000000058,
    "duration_s": 16.2049991004169,
    "timestamp": 1770762673.005613,
    "replicate_id": 1,
    "metadata": {
      "replicate": 1,
      "volume": 0.09960000000000058,
      "elapsed_s": 16.2049991004169,
      "start_time": "2026-02-10T17:30:56.802563",
      "end_time": "2026-02-10T17:31:13.005613",
      "target_volume_mL": 0.1,
      "measured_volume_uL": 99.60000000000058,
      "target_volume_uL": 100.0,
      "aspirate_speed": 15,
      "dispense_speed": 7,
      "aspirate_wait_time": 1.3,
      "dispense_wait_time": 1.5,
      "pre_asp_air_vol": 0.065,
      "retract_speed": 5.0,
      "blowout_vol": 0.0,
      "post_asp_air_vol": 0.0,
      "post_retract_wait_time": 0.0,
      "overaspirate_vol": 0.004329432624113245
    },
    "trial_score": 0.14970204671313508,
    "trial_quality": "within_tolerance"
  },
  {
    "measurement_id": "measurement_1770762689202887_1",
    "parameters": {
      "calibration": {
        "overaspirate_vol": 0.004329432624113245
      },
      "hardware": {
        "parameters": {
          "aspirate_speed": 15,
          "dispense_speed": 7,
          "aspirate_wait_time": 1.3,
          "pre_asp_air_vol": 0.065
        }
      }
    },
    "target_volume_ml": 0.1,
    "measured_volume_ml": 0.1001499999999993,
    "duration_s": 16.195028300397098,
    "timestamp": 1770762689.2028875,
    "replicate_id": 1,
    "metadata": {
      "replicate": 1,
      "volume": 0.1001499999999993,
      "elapsed_s": 16.195028300397098,
      "start_time": "2026-02-10T17:31:13.005613",
      "end_time": "2026-02-10T17:31:29.202887",
      "target_volume_mL": 0.1,
      "measured_volume_uL": 100.1499999999993,
      "target_volume_uL": 100.0,
      "aspirate_speed": 15,
      "dispense_speed": 7,
      "aspirate_wait_time": 1.3,
      "dispense_wait_time": 1.5,
      "pre_asp_air_vol": 0.065,
      "retract_speed": 5.0,
      "blowout_vol": 0.0,
      "post_asp_air_vol": 0.0,
      "post_retract_wait_time": 0.0,
      "overaspirate_vol": 0.004329432624113245
    },
    "trial_score": 0.14970204671313508,
    "trial_quality": "within_tolerance"
  },
  {
    "measurement_id": "measurement_1770762705392571_1",
    "parameters": {
      "calibration": {
        "overaspirate_vol": 0.004329432624113245
      },
      "hardware": {
        "parameters": {
          "aspirate_speed": 15,
          "dispense_speed": 7,
          "aspirate_wait_time": 1.3,
          "pre_asp_air_vol": 0.065
        }
      }
    },
    "target_volume_ml": 0.1,
    "measured_volume_ml": 0.09970000000000034,
    "duration_s": 16.198408800177276,
    "timestamp": 1770762705.3925714,
    "replicate_id": 1,
    "metadata": {
      "replicate": 1,
      "volume": 0.09970000000000034,
      "elapsed_s": 16.198408800177276,
      "start_time": "2026-02-10T17:31:29.202887",
      "end_time": "2026-02-10T17:31:45.392571",
      "target_volume_mL": 0.1,
      "measured_volume_uL": 99.70000000000034,
      "target_volume_uL": 100.0,
      "aspirate_speed": 15,
      "dispense_speed": 7,
      "aspirate_wait_time": 1.3,
      "dispense_wait_time": 1.5,
      "pre_asp_air_vol": 0.065,
      "retract_speed": 5.0,
      "blowout_vol": 0.0,
      "post_asp_air_vol": 0.0,
      "post_retract_wait_time": 0.0,
      "overaspirate_vol": 0.004329432624113245
    },
    "trial_score": 0.14970204671313508,
    "trial_quality": "within_tolerance"
  },
  {
    "measurement_id": "measurement_1770762721397584_1",
    "parameters": {
      "calibration": {
        "overaspirate_vol": 0.0059
      },
      "hardware": {
        "parameters": {
          "aspirate_speed": 15,
          "dispense_speed": 7,
          "aspirate_wait_time": 1.3,
          "pre_asp_air_vol": 0.065
        }
      }
    },
    "target_volume_ml": 0.075,
    "measured_volume_ml": 0.07680000000000042,
    "duration_s": 15.987883699126542,
    "timestamp": 1770762721.3975842,
    "replicate_id": 1,
    "metadata": {
      "replicate": 1,
      "volume": 0.07680000000000042,
      "elapsed_s": 15.987883699126542,
      "start_time": "2026-02-10T17:31:45.411152",
      "end_time": "2026-02-10T17:32:01.397584",
      "target_volume_mL": 0.075,
      "measured_volume_uL": 76.80000000000042,
      "target_volume_uL": 75.0,
      "aspirate_speed": 15,
      "dispense_speed": 7,
      "aspirate_wait_time": 1.3,
      "dispense_wait_time": 1.5,
      "pre_asp_air_vol": 0.065,
      "retract_speed": 5.0,
      "blowout_vol": 0.0,
      "post_asp_air_vol": 0.0,
      "post_retract_wait_time": 0.0,
      "overaspirate_vol": 0.0059
    },
    "trial_score": 0.9566262789970932,
    "trial_quality": "partial_tolerance"
  },
  {
    "measurement_id": "measurement_1770762737421996_1",
    "parameters": {
      "calibration": {
        "overaspirate_vol": 0.0025999999999995736
      },
      "hardware": {
        "parameters": {
          "aspirate_speed": 15,
          "dispense_speed": 7,
          "aspirate_wait_time": 1.3,
          "pre_asp_air_vol": 0.065
        }
      }
    },
    "target_volume_ml": 0.075,
    "measured_volume_ml": 0.07366000000000206,
    "duration_s": 16.02241660002619,
    "timestamp": 1770762737.4219959,
    "replicate_id": 1,
    "metadata": {
      "replicate": 1,
      "volume": 0.07366000000000206,
      "elapsed_s": 16.02241660002619,
      "start_time": "2026-02-10T17:32:01.397584",
      "end_time": "2026-02-10T17:32:17.421995",
      "target_volume_mL": 0.075,
      "measured_volume_uL": 73.66000000000206,
      "target_volume_uL": 75.0,
      "aspirate_speed": 15,
      "dispense_speed": 7,
      "aspirate_wait_time": 1.3,
      "dispense_wait_time": 1.5,
      "pre_asp_air_vol": 0.065,
      "retract_speed": 5.0,
      "blowout_vol": 0.0,
      "post_asp_air_vol": 0.0,
      "post_retract_wait_time": 0.0,
      "overaspirate_vol": 0.0025999999999995736
    },
    "trial_score": 0.9107413886662047,
    "trial_quality": "within_tolerance"
  },
  {
    "measurement_id": "measurement_1770762753399129_1",
    "parameters": {
      "calibration": {
        "overaspirate_vol": 0.0040082802547753964
      },
      "hardware": {
        "parameters": {
          "aspirate_speed": 15,
          "dispense_speed": 7,
          "aspirate_wait_time": 1.3,
          "pre_asp_air_vol": 0.065
        }
      }
    },
    "target_volume_ml": 0.075,
    "measured_volume_ml": 0.07510000000000083,
    "duration_s": 15.972124899737537,
    "timestamp": 1770762753.3991299,
    "replicate_id": 1,
    "metadata": {
      "replicate": 1,
      "volume": 0.07510000000000083,
      "elapsed_s": 15.972124899737537,
      "start_time": "2026-02-10T17:32:17.421995",
      "end_time": "2026-02-10T17:32:33.399129",
      "target_volume_mL": 0.075,
      "measured_volume_uL": 75.10000000000083,
      "target_volume_uL": 75.0,
      "aspirate_speed": 15,
      "dispense_speed": 7,
      "aspirate_wait_time": 1.3,
      "dispense_wait_time": 1.5,
      "pre_asp_air_vol": 0.065,
      "retract_speed": 5.0,
      "blowout_vol": 0.0,
      "post_asp_air_vol": 0.0,
      "post_retract_wait_time": 0.0,
      "overaspirate_vol": 0.0040082802547753964
    },
    "trial_score": 0.10162991540515348,
    "trial_quality": "within_tolerance"
  },
  {
    "measurement_id": "measurement_1770762769411227_1",
    "parameters": {
      "calibration": {
        "overaspirate_vol": 0.0040082802547753964
      },
      "hardware": {
        "parameters": {
          "aspirate_speed": 15,
          "dispense_speed": 7,
          "aspirate_wait_time": 1.3,
          "pre_asp_air_vol": 0.065
        }
      }
    },
    "target_volume_ml": 0.075,
    "measured_volume_ml": 0.07489999999999952,
    "duration_s": 16.0231846999377,
    "timestamp": 1770762769.411227,
    "replicate_id": 1,
    "metadata": {
      "replicate": 1,
      "volume": 0.07489999999999952,
      "elapsed_s": 16.0231846999377,
      "start_time": "2026-02-10T17:32:33.399129",
      "end_time": "2026-02-10T17:32:49.411226",
      "target_volume_mL": 0.075,
      "measured_volume_uL": 74.89999999999952,
      "target_volume_uL": 75.0,
      "aspirate_speed": 15,
      "dispense_speed": 7,
      "aspirate_wait_time": 1.3,
      "dispense_wait_time": 1.5,
      "pre_asp_air_vol": 0.065,
      "retract_speed": 5.0,
      "blowout_vol": 0.0,
      "post_asp_air_vol": 0.0,
      "post_retract_wait_time": 0.0,
      "overaspirate_vol": 0.0040082802547753964
    },
    "trial_score": 0.10162991540515348,
    "trial_quality": "within_tolerance"
  },
  {
    "measurement_id": "measurement_1770762785409989_1",
    "parameters": {
      "calibration": {
        "overaspirate_vol": 0.0040082802547753964
      },
      "hardware": {
        "parameters": {
          "aspirate_speed": 15,
          "dispense_speed": 7,
          "aspirate_wait_time": 1.3,
          "pre_asp_air_vol": 0.065
        }
      }
    },
    "target_volume_ml": 0.075,
    "measured_volume_ml": 0.07500000000000107,
    "duration_s": 15.984707799740136,
    "timestamp": 1770762785.409989,
    "replicate_id": 1,
    "metadata": {
      "replicate": 1,
      "volume": 0.07500000000000107,
      "elapsed_s": 15.984707799740136,
      "start_time": "2026-02-10T17:32:49.411226",
      "end_time": "2026-02-10T17:33:05.409989",
      "target_volume_mL": 0.075,
      "measured_volume_uL": 75.00000000000107,
      "target_volume_uL": 75.0,
      "aspirate_speed": 15,
      "dispense_speed": 7,
      "aspirate_wait_time": 1.3,
      "dispense_wait_time": 1.5,
      "pre_asp_air_vol": 0.065,
      "retract_speed": 5.0,
      "blowout_vol": 0.0,
      "post_asp_air_vol": 0.0,
      "post_retract_wait_time": 0.0,
      "overaspirate_vol": 0.0040082802547753964
    },
    "trial_score": 0.10162991540515348,
    "trial_quality": "within_tolerance"
  },
  {
    "measurement_id": "measurement_1770762801387008_1",
    "parameters": {
      "calibration": {
        "overaspirate_vol": 0.0040082802547753964
      },
      "hardware": {
        "parameters": {
          "aspirate_speed": 15,
          "dispense_speed": 7,
          "aspirate_wait_time": 1.3,
          "pre_asp_air_vol": 0.065
        }
      }
    },
    "target_volume_ml": 0.075,
    "measured_volume_ml": 0.07492499999999858,
    "duration_s": 15.98644039966166,
    "timestamp": 1770762801.3870082,
    "replicate_id": 1,
    "metadata": {
      "replicate": 1,
      "volume": 0.07492499999999858,
      "elapsed_s": 15.98644039966166,
      "start_time": "2026-02-10T17:33:05.411990",
      "end_time": "2026-02-10T17:33:21.387008",
      "target_volume_mL": 0.075,
      "measured_volume_uL": 74.92499999999858,
      "target_volume_uL": 75.0,
      "aspirate_speed": 15,
      "dispense_speed": 7,
      "aspirate_wait_time": 1.3,
      "dispense_wait_time": 1.5,
      "pre_asp_air_vol": 0.065,
      "retract_speed": 5.0,
      "blowout_vol": 0.0,
      "post_asp_air_vol": 0.0,
      "post_retract_wait_time": 0.0,
      "overaspirate_vol": 0.0040082802547753964
    },
    "trial_score": 0.10162991540515348,
    "trial_quality": "within_tolerance"
  },
  {
    "measurement_id": "measurement_1770762817397709_1",
    "parameters": {
      "calibration": {
        "overaspirate_vol": 0.0040082802547753964
      },
      "hardware": {
        "parameters": {
          "aspirate_speed": 15,
          "dispense_speed": 7,
          "aspirate_wait_time": 1.3,
          "pre_asp_air_vol": 0.065
        }
      }
    },
    "target_volume_ml": 0.075,
    "measured_volume_ml": 0.0752000000000006,
    "duration_s": 15.99924169946462,
    "timestamp": 1770762817.397709,
    "replicate_id": 1,
    "metadata": {
      "replicate": 1,
      "volume": 0.0752000000000006,
      "elapsed_s": 15.99924169946462,
      "start_time": "2026-02-10T17:33:21.387008",
      "end_time": "2026-02-10T17:33:37.397708",
      "target_volume_mL": 0.075,
      "measured_volume_uL": 75.2000000000006,
      "target_volume_uL": 75.0,
      "aspirate_speed": 15,
      "dispense_speed": 7,
      "aspirate_wait_time": 1.3,
      "dispense_wait_time": 1.5,
      "pre_asp_air_vol": 0.065,
      "retract_speed": 5.0,
      "blowout_vol": 0.0,
      "post_asp_air_vol": 0.0,
      "post_retract_wait_time": 0.0,
      "overaspirate_vol": 0.0040082802547753964
    },
    "trial_score": 0.10162991540515348,
    "trial_quality": "within_tolerance"
  }
]