{
  "experiment_name": "multi_volume_calibration_test",
  "simulation_mode": false,
  "total_measurements": 78,
  "total_duration_s": 2303.2451317310333,
  "overall_statistics": {
    "num_trials": 36,
    "mean_score": 1.0869503679585475,
    "median_score": 0.9857454906867337,
    "min_score": 0.18780790581641385,
    "max_score": 2.207550550850502,
    "stdev_score": 0.6107264054120518,
    "within_tolerance_count": 10,
    "partial_tolerance_count": 10,
    "outside_tolerance_count": 16,
    "success_rate": 0.2777777777777778
  },
  "volume_count": 4
}