{
  "experiment_name": "multi_volume_calibration_test",
  "simulation_mode": false,
  "total_measurements": 166,
  "total_duration_s": 6857.663811922073,
  "overall_statistics": {
    "num_trials": 38,
    "mean_score": 0.8643973204273325,
    "median_score": 0.995412947350322,
    "min_score": 0.4322375847828759,
    "max_score": 1.1045261049051953,
    "stdev_score": 0.20274665611212372,
    "within_tolerance_count": 7,
    "partial_tolerance_count": 20,
    "outside_tolerance_count": 11,
    "success_rate": 0.18421052631578946
  },
  "volume_count": 3
}