{
  "experiment_name": "multi_volume_calibration_test",
  "simulation_mode": false,
  "total_measurements": 250,
  "total_duration_s": 6460.593464136124,
  "overall_statistics": {
    "num_trials": 128,
    "mean_score": 1.7673185344273545,
    "median_score": 2.0362662686483537,
    "min_score": 0.35867614532495756,
    "max_score": 2.380601823000858,
    "stdev_score": 0.58710578601769,
    "within_tolerance_count": 11,
    "partial_tolerance_count": 22,
    "outside_tolerance_count": 95,
    "success_rate": 0.0859375
  },
  "volume_count": 5
}