volume_target_ml,volume_target_ul,volume_measured_ml,volume_measured_ul,deviation_pct,precision_cv_pct,duration_s,trials_count,status,measurement_count,calibration_overaspirate_vol,hardware_parameters_aspirate_speed,hardware_parameters_dispense_speed,hardware_parameters_aspirate_wait_time,hardware_parameters_post_asp_air_vol,hardware_parameters_pre_asp_air_vol
0.025,25.0,0.02511333333333319,25.113333333333188,1.2000000000031708,1.3490391236849948,22.017554079927503,19,success,67,0.0045000000000000005,13,8,0.4,0.078,0.166
0.02,20.0,0.019960000000000734,19.960000000000733,2.199999999997076,2.981324438265021,22.628878140076996,7,success,24,0.003,13,8,0.4,0.078,0.166
0.015,15.0,0.015513333333333889,15.51333333333389,4.22222222222729,4.126378645184353,21.43520569996908,3,success,7,0.0037982456140363925,13,8,0.4,0.078,0.166
0.01,10.0,0.00981333333333403,9.813333333334029,4.800000000002597,6.311905432986417,20.545308060012758,38,success,76,0.0025,13,8,0.4,0.078,0.166
0.005,5.0,0.005122222222219956,5.122222222219956,12.222222222243792,100.0,22.71035216686626,61,partial_success,76,0.0025,13,8,0.4,0.078,0.166
