{
  "experiment_name": "multi_volume_calibration_test",
  "simulation_mode": false,
  "total_measurements": 96,
  "total_duration_s": 3655.694456577301,
  "overall_statistics": {
    "num_trials": 55,
    "mean_score": 1.5591038649993345,
    "median_score": 1.894630258245664,
    "min_score": 0.2782155979254667,
    "max_score": 2.6393015638496027,
    "stdev_score": 0.68554300369488,
    "within_tolerance_count": 11,
    "partial_tolerance_count": 9,
    "outside_tolerance_count": 35,
    "success_rate": 0.2
  },
  "volume_count": 5
}