{
  "experiment_name": "multi_volume_calibration_test",
  "total_measurements": 91,
  "total_duration_s": 2237.089753627777,
  "overall_statistics": {
    "num_trials": 39,
    "mean_score": 0.8349539990403928,
    "median_score": 0.8271670459796994,
    "min_score": 0.3025271276660852,
    "max_score": 2.089787945439494,
    "stdev_score": 0.3607495687758861,
    "within_tolerance_count": 7,
    "partial_tolerance_count": 23,
    "outside_tolerance_count": 9,
    "success_rate": 0.1794871794871795
  },
  "volume_count": 3
}