{
  "experiment_name": "multi_volume_calibration_test",
  "total_measurements": 91,
  "total_duration_s": 2274.3819675445557,
  "overall_statistics": {
    "num_trials": 43,
    "mean_score": 0.9655855004190659,
    "median_score": 0.8268086287163113,
    "min_score": 0.12701475895619846,
    "max_score": 2.109154272695082,
    "stdev_score": 0.5573307975305353,
    "within_tolerance_count": 13,
    "partial_tolerance_count": 18,
    "outside_tolerance_count": 12,
    "success_rate": 0.3023255813953488
  },
  "volume_count": 3
}