{
  "experiment_name": "multi_volume_calibration_test",
  "simulation_mode": false,
  "total_measurements": 76,
  "total_duration_s": 2097.565506696701,
  "overall_statistics": {
    "num_trials": 20,
    "mean_score": 0.6550036796146662,
    "median_score": 0.6523192089856691,
    "min_score": 0.1292027385481746,
    "max_score": 1.0092658006679311,
    "stdev_score": 0.2833642214839173,
    "within_tolerance_count": 11,
    "partial_tolerance_count": 9,
    "outside_tolerance_count": 0,
    "success_rate": 0.55
  },
  "volume_count": 3
}