{
  "experiment_name": "multi_volume_calibration_test",
  "total_measurements": 104,
  "total_duration_s": 2323.19163274765,
  "overall_statistics": {
    "num_trials": 35,
    "mean_score": 1.3551755241096917,
    "median_score": 1.120177338982646,
    "min_score": 0.27543629395623764,
    "max_score": 2.3646058603337345,
    "stdev_score": 0.6804261610398427,
    "within_tolerance_count": 5,
    "partial_tolerance_count": 10,
    "outside_tolerance_count": 20,
    "success_rate": 0.14285714285714285
  },
  "volume_count": 3
}