{
  "experiment_name": "multi_volume_calibration_test",
  "total_measurements": 91,
  "total_duration_s": 7735.147702455521,
  "overall_statistics": {
    "num_trials": 54,
    "mean_score": 1.73546854942231,
    "median_score": 1.9879745765357457,
    "min_score": 0.686152538485692,
    "max_score": 2.544725595809342,
    "stdev_score": 0.5994915048555626,
    "within_tolerance_count": 3,
    "partial_tolerance_count": 13,
    "outside_tolerance_count": 38,
    "success_rate": 0.05555555555555555
  },
  "volume_count": 3
}