{
  "experiment_name": "multi_volume_calibration_test",
  "simulation_mode": false,
  "total_measurements": 164,
  "total_duration_s": 4921.457497835159,
  "overall_statistics": {
    "num_trials": 59,
    "mean_score": 1.4585605953569236,
    "median_score": 1.4671082403324691,
    "min_score": 0.2605992494370143,
    "max_score": 2.3863246566662566,
    "stdev_score": 0.6904111713279006,
    "within_tolerance_count": 12,
    "partial_tolerance_count": 13,
    "outside_tolerance_count": 34,
    "success_rate": 0.2033898305084746
  },
  "volume_count": 5
}