plate,well,surfactant_a,surfactant_b,conc_a_mm,conc_b_mm,replicate,turbidity,measurement_type
1,60,NaDC,TTAB,0.03162,0.03162,1,0.0446,recovered
1,61,NaDC,TTAB,0.03162,0.1,1,0.0417,recovered
1,62,NaDC,TTAB,0.03162,0.3162,1,0.0395,recovered
1,63,NaDC,TTAB,0.03162,1.0,1,0.0385,recovered
1,64,NaDC,TTAB,0.03162,3.162,1,0.0401,recovered
1,65,NaDC,TTAB,0.03162,10.0,1,0.0396,recovered
1,66,NaDC,TTAB,0.1,0.03162,1,0.0419,recovered
1,67,NaDC,TTAB,0.1,0.1,1,0.0671,recovered
1,68,NaDC,TTAB,0.1,0.3162,1,0.0453,recovered
1,69,NaDC,TTAB,0.1,1.0,1,0.0413,recovered
1,70,NaDC,TTAB,0.1,3.162,1,0.04,recovered
1,71,NaDC,TTAB,0.1,10.0,1,0.0388,recovered
1,72,NaDC,TTAB,0.3162,0.03162,1,0.0402,recovered
1,73,NaDC,TTAB,0.3162,0.1,1,0.042,recovered
1,74,NaDC,TTAB,0.3162,0.3162,1,0.1578,recovered
1,75,NaDC,TTAB,0.3162,1.0,1,0.071,recovered
1,76,NaDC,TTAB,0.3162,3.162,1,0.0442,recovered
1,77,NaDC,TTAB,0.3162,10.0,1,0.0399,recovered
1,78,NaDC,TTAB,1.0,0.03162,1,0.0384,recovered
1,79,NaDC,TTAB,1.0,0.1,1,0.0404,recovered
1,80,NaDC,TTAB,1.0,0.3162,1,0.049,recovered
1,81,NaDC,TTAB,1.0,1.0,1,0.4387,recovered
1,82,NaDC,TTAB,1.0,3.162,1,0.057,recovered
1,83,NaDC,TTAB,1.0,10.0,1,0.0518,recovered
1,84,NaDC,TTAB,3.162,0.03162,1,0.0387,recovered
1,85,NaDC,TTAB,3.162,0.1,1,0.0383,recovered
1,86,NaDC,TTAB,3.162,0.3162,1,0.0411,recovered
1,87,NaDC,TTAB,3.162,1.0,1,0.0601,recovered
1,88,NaDC,TTAB,3.162,3.162,1,0.8671,recovered
1,89,NaDC,TTAB,3.162,10.0,1,0.132,recovered
1,90,NaDC,TTAB,10.0,0.03162,1,0.0393,recovered
1,91,NaDC,TTAB,10.0,0.1,1,0.0389,recovered
1,92,NaDC,TTAB,10.0,0.3162,1,0.0397,recovered
1,93,NaDC,TTAB,10.0,1.0,1,0.0427,recovered
1,94,NaDC,TTAB,10.0,3.162,1,0.2158,recovered
1,95,NaDC,TTAB,10.0,10.0,1,1.7737,recovered
