{
  "experiment_name": "multi_volume_calibration_test",
  "total_measurements": 55,
  "total_duration_s": 1521.565256357193,
  "overall_statistics": {
    "num_trials": 27,
    "mean_score": 0.9088973703101911,
    "median_score": 0.9513231076672699,
    "min_score": 0.19666771988082804,
    "max_score": 2.137019951631652,
    "stdev_score": 0.5193989323970292,
    "within_tolerance_count": 7,
    "partial_tolerance_count": 14,
    "outside_tolerance_count": 6,
    "success_rate": 0.25925925925925924
  },
  "volume_count": 3
}