[
  {
    "measurement_id": "measurement_1764710165634448_1",
    "parameters": {
      "calibration": {
        "overaspirate_vol": 0.006
      },
      "hardware": {
        "parameters": {
          "aspirate_speed": 20,
          "dispense_speed": 24,
          "aspirate_wait_time": 1.1,
          "retract_speed": 1.7000000000000002,
          "blowout_vol": 0.036000000000000004,
          "post_asp_air_vol": 0.096,
          "pre_asp_air_vol": 0.083
        }
      }
    },
    "target_volume_ml": 0.05,
    "measured_volume_ml": 0.05670000000000001,
    "duration_s": 44.55279400013387,
    "timestamp": 1764710165.6344485,
    "replicate_id": 1,
    "metadata": {
      "replicate": 1,
      "volume": 0.05670000000000001,
      "elapsed_s": 44.55279400013387,
      "start_time": "2025-12-02T16:15:21.067311",
      "end_time": "2025-12-02T16:16:05.634448",
      "target_volume_mL": 0.05,
      "measured_volume_uL": 56.70000000000001,
      "target_volume_uL": 50.0,
      "aspirate_speed": 20,
      "dispense_speed": 24,
      "aspirate_wait_time": 1.1,
      "dispense_wait_time": 0.0,
      "pre_asp_air_vol": 0.083,
      "retract_speed": 1.7000000000000002,
      "blowout_vol": 0.036000000000000004,
      "post_asp_air_vol": 0.096,
      "overaspirate_vol": 0.006
    },
    "trial_score": 2.137019951631652,
    "trial_quality": "outside_tolerance"
  },
  {
    "measurement_id": "measurement_1764710190035863_1",
    "parameters": {
      "calibration": {
        "overaspirate_vol": 0.002
      },
      "hardware": {
        "parameters": {
          "aspirate_speed": 16,
          "dispense_speed": 14,
          "aspirate_wait_time": 0.30000000000000004,
          "retract_speed": 9.0,
          "blowout_vol": 0.298,
          "post_asp_air_vol": 0.045,
          "pre_asp_air_vol": 0.039
        }
      }
    },
    "target_volume_ml": 0.05,
    "measured_volume_ml": 0.051000000000000004,
    "duration_s": 24.3914665998891,
    "timestamp": 1764710190.0358634,
    "replicate_id": 1,
    "metadata": {
      "replicate": 1,
      "volume": 0.051000000000000004,
      "elapsed_s": 24.3914665998891,
      "start_time": "2025-12-02T16:16:05.650821",
      "end_time": "2025-12-02T16:16:30.035863",
      "target_volume_mL": 0.05,
      "measured_volume_uL": 51.00000000000001,
      "target_volume_uL": 50.0,
      "aspirate_speed": 16,
      "dispense_speed": 14,
      "aspirate_wait_time": 0.30000000000000004,
      "dispense_wait_time": 0.0,
      "pre_asp_air_vol": 0.039,
      "retract_speed": 9.0,
      "blowout_vol": 0.298,
      "post_asp_air_vol": 0.045,
      "overaspirate_vol": 0.002
    },
    "trial_score": 1.0253111004069224,
    "trial_quality": "outside_tolerance"
  },
  {
    "measurement_id": "measurement_1764710212836003_1",
    "parameters": {
      "calibration": {
        "overaspirate_vol": 0.002
      },
      "hardware": {
        "parameters": {
          "aspirate_speed": 16,
          "dispense_speed": 14,
          "aspirate_wait_time": 0.30000000000000004,
          "retract_speed": 9.0,
          "blowout_vol": 0.298,
          "post_asp_air_vol": 0.045,
          "pre_asp_air_vol": 0.039
        }
      }
    },
    "target_volume_ml": 0.05,
    "measured_volume_ml": 0.05450000000000001,
    "duration_s": 22.790661999955773,
    "timestamp": 1764710212.8360033,
    "replicate_id": 1,
    "metadata": {
      "replicate": 1,
      "volume": 0.05450000000000001,
      "elapsed_s": 22.790661999955773,
      "start_time": "2025-12-02T16:16:30.035863",
      "end_time": "2025-12-02T16:16:52.836003",
      "target_volume_mL": 0.05,
      "measured_volume_uL": 54.50000000000001,
      "target_volume_uL": 50.0,
      "aspirate_speed": 16,
      "dispense_speed": 14,
      "aspirate_wait_time": 0.30000000000000004,
      "dispense_wait_time": 0.0,
      "pre_asp_air_vol": 0.039,
      "retract_speed": 9.0,
      "blowout_vol": 0.298,
      "post_asp_air_vol": 0.045,
      "overaspirate_vol": 0.002
    },
    "trial_score": 1.0253111004069224,
    "trial_quality": "outside_tolerance"
  },
  {
    "measurement_id": "measurement_1764710234423932_1",
    "parameters": {
      "calibration": {
        "overaspirate_vol": 0.002
      },
      "hardware": {
        "parameters": {
          "aspirate_speed": 16,
          "dispense_speed": 14,
          "aspirate_wait_time": 0.30000000000000004,
          "retract_speed": 9.0,
          "blowout_vol": 0.298,
          "post_asp_air_vol": 0.045,
          "pre_asp_air_vol": 0.039
        }
      }
    },
    "target_volume_ml": 0.05,
    "measured_volume_ml": 0.0494,
    "duration_s": 21.59034499991685,
    "timestamp": 1764710234.423932,
    "replicate_id": 1,
    "metadata": {
      "replicate": 1,
      "volume": 0.0494,
      "elapsed_s": 21.59034499991685,
      "start_time": "2025-12-02T16:16:52.837441",
      "end_time": "2025-12-02T16:17:14.423932",
      "target_volume_mL": 0.05,
      "measured_volume_uL": 49.4,
      "target_volume_uL": 50.0,
      "aspirate_speed": 16,
      "dispense_speed": 14,
      "aspirate_wait_time": 0.30000000000000004,
      "dispense_wait_time": 0.0,
      "pre_asp_air_vol": 0.039,
      "retract_speed": 9.0,
      "blowout_vol": 0.298,
      "post_asp_air_vol": 0.045,
      "overaspirate_vol": 0.002
    },
    "trial_score": 1.0253111004069224,
    "trial_quality": "outside_tolerance"
  },
  {
    "measurement_id": "measurement_1764710274640286_1",
    "parameters": {
      "calibration": {
        "overaspirate_vol": 0.003
      },
      "hardware": {
        "parameters": {
          "aspirate_speed": 24,
          "dispense_speed": 18,
          "aspirate_wait_time": 1.9000000000000001,
          "retract_speed": 12.100000000000001,
          "blowout_vol": 0.216,
          "post_asp_air_vol": 0.064,
          "pre_asp_air_vol": 0.022
        }
      }
    },
    "target_volume_ml": 0.05,
    "measured_volume_ml": 0.052399999999999995,
    "duration_s": 40.196280600037426,
    "timestamp": 1764710274.640286,
    "replicate_id": 1,
    "metadata": {
      "replicate": 1,
      "volume": 0.052399999999999995,
      "elapsed_s": 40.196280600037426,
      "start_time": "2025-12-02T16:17:14.443966",
      "end_time": "2025-12-02T16:17:54.640286",
      "target_volume_mL": 0.05,
      "measured_volume_uL": 52.4,
      "target_volume_uL": 50.0,
      "aspirate_speed": 24,
      "dispense_speed": 18,
      "aspirate_wait_time": 1.9000000000000001,
      "dispense_wait_time": 0.0,
      "pre_asp_air_vol": 0.022,
      "retract_speed": 12.100000000000001,
      "blowout_vol": 0.216,
      "post_asp_air_vol": 0.064,
      "overaspirate_vol": 0.003
    },
    "trial_score": 0.6409748132997996,
    "trial_quality": "partial_tolerance"
  },
  {
    "measurement_id": "measurement_1764710315235787_1",
    "parameters": {
      "calibration": {
        "overaspirate_vol": 0.003
      },
      "hardware": {
        "parameters": {
          "aspirate_speed": 24,
          "dispense_speed": 18,
          "aspirate_wait_time": 1.9000000000000001,
          "retract_speed": 12.100000000000001,
          "blowout_vol": 0.216,
          "post_asp_air_vol": 0.064,
          "pre_asp_air_vol": 0.022
        }
      }
    },
    "target_volume_ml": 0.05,
    "measured_volume_ml": 0.0529,
    "duration_s": 40.59233060013503,
    "timestamp": 1764710315.235787,
    "replicate_id": 1,
    "metadata": {
      "replicate": 1,
      "volume": 0.0529,
      "elapsed_s": 40.59233060013503,
      "start_time": "2025-12-02T16:17:54.643337",
      "end_time": "2025-12-02T16:18:35.235787",
      "target_volume_mL": 0.05,
      "measured_volume_uL": 52.900000000000006,
      "target_volume_uL": 50.0,
      "aspirate_speed": 24,
      "dispense_speed": 18,
      "aspirate_wait_time": 1.9000000000000001,
      "dispense_wait_time": 0.0,
      "pre_asp_air_vol": 0.022,
      "retract_speed": 12.100000000000001,
      "blowout_vol": 0.216,
      "post_asp_air_vol": 0.064,
      "overaspirate_vol": 0.003
    },
    "trial_score": 0.6409748132997996,
    "trial_quality": "partial_tolerance"
  },
  {
    "measurement_id": "measurement_1764710357637820_1",
    "parameters": {
      "calibration": {
        "overaspirate_vol": 0.003
      },
      "hardware": {
        "parameters": {
          "aspirate_speed": 24,
          "dispense_speed": 18,
          "aspirate_wait_time": 1.9000000000000001,
          "retract_speed": 12.100000000000001,
          "blowout_vol": 0.216,
          "post_asp_air_vol": 0.064,
          "pre_asp_air_vol": 0.022
        }
      }
    },
    "target_volume_ml": 0.05,
    "measured_volume_ml": 0.05280000000000001,
    "duration_s": 42.39972749981098,
    "timestamp": 1764710357.63782,
    "replicate_id": 1,
    "metadata": {
      "replicate": 1,
      "volume": 0.05280000000000001,
      "elapsed_s": 42.39972749981098,
      "start_time": "2025-12-02T16:18:35.237232",
      "end_time": "2025-12-02T16:19:17.637819",
      "target_volume_mL": 0.05,
      "measured_volume_uL": 52.800000000000004,
      "target_volume_uL": 50.0,
      "aspirate_speed": 24,
      "dispense_speed": 18,
      "aspirate_wait_time": 1.9000000000000001,
      "dispense_wait_time": 0.0,
      "pre_asp_air_vol": 0.022,
      "retract_speed": 12.100000000000001,
      "blowout_vol": 0.216,
      "post_asp_air_vol": 0.064,
      "overaspirate_vol": 0.003
    },
    "trial_score": 0.6409748132997996,
    "trial_quality": "partial_tolerance"
  },
  {
    "measurement_id": "measurement_1764710375440526_1",
    "parameters": {
      "calibration": {
        "overaspirate_vol": 0.005
      },
      "hardware": {
        "parameters": {
          "aspirate_speed": 12,
          "dispense_speed": 6,
          "aspirate_wait_time": 0.5,
          "retract_speed": 5.7,
          "blowout_vol": 0.10300000000000001,
          "post_asp_air_vol": 0.013000000000000001,
          "pre_asp_air_vol": 0.054
        }
      }
    },
    "target_volume_ml": 0.05,
    "measured_volume_ml": 0.052399999999999995,
    "duration_s": 17.786529199918732,
    "timestamp": 1764710375.4405265,
    "replicate_id": 1,
    "metadata": {
      "replicate": 1,
      "volume": 0.052399999999999995,
      "elapsed_s": 17.786529199918732,
      "start_time": "2025-12-02T16:19:17.654076",
      "end_time": "2025-12-02T16:19:35.440526",
      "target_volume_mL": 0.05,
      "measured_volume_uL": 52.4,
      "target_volume_uL": 50.0,
      "aspirate_speed": 12,
      "dispense_speed": 6,
      "aspirate_wait_time": 0.5,
      "dispense_wait_time": 0.0,
      "pre_asp_air_vol": 0.054,
      "retract_speed": 5.7,
      "blowout_vol": 0.10300000000000001,
      "post_asp_air_vol": 0.013000000000000001,
      "overaspirate_vol": 0.005
    },
    "trial_score": 0.4976479247147279,
    "trial_quality": "partial_tolerance"
  },
  {
    "measurement_id": "measurement_1764710394629359_1",
    "parameters": {
      "calibration": {
        "overaspirate_vol": 0.005
      },
      "hardware": {
        "parameters": {
          "aspirate_speed": 12,
          "dispense_speed": 6,
          "aspirate_wait_time": 0.5,
          "retract_speed": 5.7,
          "blowout_vol": 0.10300000000000001,
          "post_asp_air_vol": 0.013000000000000001,
          "pre_asp_air_vol": 0.054
        }
      }
    },
    "target_volume_ml": 0.05,
    "measured_volume_ml": 0.052500000000000005,
    "duration_s": 19.191236099926755,
    "timestamp": 1764710394.6293592,
    "replicate_id": 1,
    "metadata": {
      "replicate": 1,
      "volume": 0.052500000000000005,
      "elapsed_s": 19.191236099926755,
      "start_time": "2025-12-02T16:19:35.440526",
      "end_time": "2025-12-02T16:19:54.629359",
      "target_volume_mL": 0.05,
      "measured_volume_uL": 52.50000000000001,
      "target_volume_uL": 50.0,
      "aspirate_speed": 12,
      "dispense_speed": 6,
      "aspirate_wait_time": 0.5,
      "dispense_wait_time": 0.0,
      "pre_asp_air_vol": 0.054,
      "retract_speed": 5.7,
      "blowout_vol": 0.10300000000000001,
      "post_asp_air_vol": 0.013000000000000001,
      "overaspirate_vol": 0.005
    },
    "trial_score": 0.4976479247147279,
    "trial_quality": "partial_tolerance"
  },
  {
    "measurement_id": "measurement_1764710414217637_1",
    "parameters": {
      "calibration": {
        "overaspirate_vol": 0.005
      },
      "hardware": {
        "parameters": {
          "aspirate_speed": 12,
          "dispense_speed": 6,
          "aspirate_wait_time": 0.5,
          "retract_speed": 5.7,
          "blowout_vol": 0.10300000000000001,
          "post_asp_air_vol": 0.013000000000000001,
          "pre_asp_air_vol": 0.054
        }
      }
    },
    "target_volume_ml": 0.05,
    "measured_volume_ml": 0.052500000000000005,
    "duration_s": 19.590654199942946,
    "timestamp": 1764710414.2176378,
    "replicate_id": 1,
    "metadata": {
      "replicate": 1,
      "volume": 0.052500000000000005,
      "elapsed_s": 19.590654199942946,
      "start_time": "2025-12-02T16:19:54.629359",
      "end_time": "2025-12-02T16:20:14.217637",
      "target_volume_mL": 0.05,
      "measured_volume_uL": 52.50000000000001,
      "target_volume_uL": 50.0,
      "aspirate_speed": 12,
      "dispense_speed": 6,
      "aspirate_wait_time": 0.5,
      "dispense_wait_time": 0.0,
      "pre_asp_air_vol": 0.054,
      "retract_speed": 5.7,
      "blowout_vol": 0.10300000000000001,
      "post_asp_air_vol": 0.013000000000000001,
      "overaspirate_vol": 0.005
    },
    "trial_score": 0.4976479247147279,
    "trial_quality": "partial_tolerance"
  },
  {
    "measurement_id": "measurement_1764710436422835_1",
    "parameters": {
      "calibration": {
        "overaspirate_vol": 0.005
      },
      "hardware": {
        "parameters": {
          "aspirate_speed": 23,
          "dispense_speed": 10,
          "aspirate_wait_time": 0.8,
          "retract_speed": 7.300000000000001,
          "blowout_vol": 0.041,
          "post_asp_air_vol": 0.062,
          "pre_asp_air_vol": 0.012
        }
      }
    },
    "target_volume_ml": 0.05,
    "measured_volume_ml": 0.0465,
    "duration_s": 22.184715599985793,
    "timestamp": 1764710436.4228354,
    "replicate_id": 1,
    "metadata": {
      "replicate": 1,
      "volume": 0.0465,
      "elapsed_s": 22.184715599985793,
      "start_time": "2025-12-02T16:20:14.245396",
      "end_time": "2025-12-02T16:20:36.422835",
      "target_volume_mL": 0.05,
      "measured_volume_uL": 46.5,
      "target_volume_uL": 50.0,
      "aspirate_speed": 23,
      "dispense_speed": 10,
      "aspirate_wait_time": 0.8,
      "dispense_wait_time": 0.0,
      "pre_asp_air_vol": 0.012,
      "retract_speed": 7.300000000000001,
      "blowout_vol": 0.041,
      "post_asp_air_vol": 0.062,
      "overaspirate_vol": 0.005
    },
    "trial_score": 0.7024126865076459,
    "trial_quality": "partial_tolerance"
  },
  {
    "measurement_id": "measurement_1764710460838749_1",
    "parameters": {
      "calibration": {
        "overaspirate_vol": 0.005
      },
      "hardware": {
        "parameters": {
          "aspirate_speed": 23,
          "dispense_speed": 10,
          "aspirate_wait_time": 0.8,
          "retract_speed": 7.300000000000001,
          "blowout_vol": 0.041,
          "post_asp_air_vol": 0.062,
          "pre_asp_air_vol": 0.012
        }
      }
    },
    "target_volume_ml": 0.05,
    "measured_volume_ml": 0.0513,
    "duration_s": 24.40562739991583,
    "timestamp": 1764710460.8387492,
    "replicate_id": 1,
    "metadata": {
      "replicate": 1,
      "volume": 0.0513,
      "elapsed_s": 24.40562739991583,
      "start_time": "2025-12-02T16:20:36.422835",
      "end_time": "2025-12-02T16:21:00.838749",
      "target_volume_mL": 0.05,
      "measured_volume_uL": 51.3,
      "target_volume_uL": 50.0,
      "aspirate_speed": 23,
      "dispense_speed": 10,
      "aspirate_wait_time": 0.8,
      "dispense_wait_time": 0.0,
      "pre_asp_air_vol": 0.012,
      "retract_speed": 7.300000000000001,
      "blowout_vol": 0.041,
      "post_asp_air_vol": 0.062,
      "overaspirate_vol": 0.005
    },
    "trial_score": 0.7024126865076459,
    "trial_quality": "partial_tolerance"
  },
  {
    "measurement_id": "measurement_1764710485438769_1",
    "parameters": {
      "calibration": {
        "overaspirate_vol": 0.005
      },
      "hardware": {
        "parameters": {
          "aspirate_speed": 23,
          "dispense_speed": 10,
          "aspirate_wait_time": 0.8,
          "retract_speed": 7.300000000000001,
          "blowout_vol": 0.041,
          "post_asp_air_vol": 0.062,
          "pre_asp_air_vol": 0.012
        }
      }
    },
    "target_volume_ml": 0.05,
    "measured_volume_ml": 0.051500000000000004,
    "duration_s": 24.596989300101995,
    "timestamp": 1764710485.4387698,
    "replicate_id": 1,
    "metadata": {
      "replicate": 1,
      "volume": 0.051500000000000004,
      "elapsed_s": 24.596989300101995,
      "start_time": "2025-12-02T16:21:00.841778",
      "end_time": "2025-12-02T16:21:25.438770",
      "target_volume_mL": 0.05,
      "measured_volume_uL": 51.50000000000001,
      "target_volume_uL": 50.0,
      "aspirate_speed": 23,
      "dispense_speed": 10,
      "aspirate_wait_time": 0.8,
      "dispense_wait_time": 0.0,
      "pre_asp_air_vol": 0.012,
      "retract_speed": 7.300000000000001,
      "blowout_vol": 0.041,
      "post_asp_air_vol": 0.062,
      "overaspirate_vol": 0.005
    },
    "trial_score": 0.7024126865076459,
    "trial_quality": "partial_tolerance"
  },
  {
    "measurement_id": "measurement_1764710523033955_1",
    "parameters": {
      "calibration": {
        "overaspirate_vol": 0.002
      },
      "hardware": {
        "parameters": {
          "aspirate_speed": 11,
          "dispense_speed": 22,
          "aspirate_wait_time": 1.6,
          "retract_speed": 14.100000000000001,
          "blowout_vol": 0.229,
          "post_asp_air_vol": 0.011,
          "pre_asp_air_vol": 0.068
        }
      }
    },
    "target_volume_ml": 0.05,
    "measured_volume_ml": 0.0523,
    "duration_s": 37.5876602998469,
    "timestamp": 1764710523.0339558,
    "replicate_id": 1,
    "metadata": {
      "replicate": 1,
      "volume": 0.0523,
      "elapsed_s": 37.5876602998469,
      "start_time": "2025-12-02T16:21:25.455148",
      "end_time": "2025-12-02T16:22:03.033955",
      "target_volume_mL": 0.05,
      "measured_volume_uL": 52.3,
      "target_volume_uL": 50.0,
      "aspirate_speed": 11,
      "dispense_speed": 22,
      "aspirate_wait_time": 1.6,
      "dispense_wait_time": 0.0,
      "pre_asp_air_vol": 0.068,
      "retract_speed": 14.100000000000001,
      "blowout_vol": 0.229,
      "post_asp_air_vol": 0.011,
      "overaspirate_vol": 0.002
    },
    "trial_score": 0.5901291828974994,
    "trial_quality": "partial_tolerance"
  },
  {
    "measurement_id": "measurement_1764710565027230_1",
    "parameters": {
      "calibration": {
        "overaspirate_vol": 0.002
      },
      "hardware": {
        "parameters": {
          "aspirate_speed": 11,
          "dispense_speed": 22,
          "aspirate_wait_time": 1.6,
          "retract_speed": 14.100000000000001,
          "blowout_vol": 0.229,
          "post_asp_air_vol": 0.011,
          "pre_asp_air_vol": 0.068
        }
      }
    },
    "target_volume_ml": 0.05,
    "measured_volume_ml": 0.0522,
    "duration_s": 41.98408779990859,
    "timestamp": 1764710565.0272307,
    "replicate_id": 1,
    "metadata": {
      "replicate": 1,
      "volume": 0.0522,
      "elapsed_s": 41.98408779990859,
      "start_time": "2025-12-02T16:22:03.033955",
      "end_time": "2025-12-02T16:22:45.027230",
      "target_volume_mL": 0.05,
      "measured_volume_uL": 52.2,
      "target_volume_uL": 50.0,
      "aspirate_speed": 11,
      "dispense_speed": 22,
      "aspirate_wait_time": 1.6,
      "dispense_wait_time": 0.0,
      "pre_asp_air_vol": 0.068,
      "retract_speed": 14.100000000000001,
      "blowout_vol": 0.229,
      "post_asp_air_vol": 0.011,
      "overaspirate_vol": 0.002
    },
    "trial_score": 0.5901291828974994,
    "trial_quality": "partial_tolerance"
  },
  {
    "measurement_id": "measurement_1764710602432556_1",
    "parameters": {
      "calibration": {
        "overaspirate_vol": 0.002
      },
      "hardware": {
        "parameters": {
          "aspirate_speed": 11,
          "dispense_speed": 22,
          "aspirate_wait_time": 1.6,
          "retract_speed": 14.100000000000001,
          "blowout_vol": 0.229,
          "post_asp_air_vol": 0.011,
          "pre_asp_air_vol": 0.068
        }
      }
    },
    "target_volume_ml": 0.05,
    "measured_volume_ml": 0.052000000000000005,
    "duration_s": 37.40929980017245,
    "timestamp": 1764710602.4325569,
    "replicate_id": 1,
    "metadata": {
      "replicate": 1,
      "volume": 0.052000000000000005,
      "elapsed_s": 37.40929980017245,
      "start_time": "2025-12-02T16:22:45.027230",
      "end_time": "2025-12-02T16:23:22.432556",
      "target_volume_mL": 0.05,
      "measured_volume_uL": 52.00000000000001,
      "target_volume_uL": 50.0,
      "aspirate_speed": 11,
      "dispense_speed": 22,
      "aspirate_wait_time": 1.6,
      "dispense_wait_time": 0.0,
      "pre_asp_air_vol": 0.068,
      "retract_speed": 14.100000000000001,
      "blowout_vol": 0.229,
      "post_asp_air_vol": 0.011,
      "overaspirate_vol": 0.002
    },
    "trial_score": 0.5901291828974994,
    "trial_quality": "partial_tolerance"
  },
  {
    "measurement_id": "measurement_1764710628834253_1",
    "parameters": {
      "calibration": {
        "overaspirate_vol": 0.0
      },
      "hardware": {
        "parameters": {
          "aspirate_speed": 19,
          "dispense_speed": 9,
          "aspirate_wait_time": 0.0,
          "retract_speed": 10.9,
          "blowout_vol": 0.156,
          "post_asp_air_vol": 0.08,
          "pre_asp_air_vol": 0.095
        }
      }
    },
    "target_volume_ml": 0.05,
    "measured_volume_ml": 0.045000000000000005,
    "duration_s": 26.37355459993705,
    "timestamp": 1764710628.8342538,
    "replicate_id": 1,
    "metadata": {
      "replicate": 1,
      "volume": 0.045000000000000005,
      "elapsed_s": 26.37355459993705,
      "start_time": "2025-12-02T16:23:22.460870",
      "end_time": "2025-12-02T16:23:48.834253",
      "target_volume_mL": 0.05,
      "measured_volume_uL": 45.00000000000001,
      "target_volume_uL": 50.0,
      "aspirate_speed": 19,
      "dispense_speed": 9,
      "aspirate_wait_time": 0.0,
      "dispense_wait_time": 0.0,
      "pre_asp_air_vol": 0.095,
      "retract_speed": 10.9,
      "blowout_vol": 0.156,
      "post_asp_air_vol": 0.08,
      "overaspirate_vol": 0.0
    },
    "trial_score": 1.5473774197483137,
    "trial_quality": "outside_tolerance"
  },
  {
    "measurement_id": "measurement_1764710654635514_1",
    "parameters": {
      "calibration": {
        "overaspirate_vol": 0.0
      },
      "hardware": {
        "parameters": {
          "aspirate_speed": 19,
          "dispense_speed": 9,
          "aspirate_wait_time": 0.0,
          "retract_speed": 10.9,
          "blowout_vol": 0.156,
          "post_asp_air_vol": 0.08,
          "pre_asp_air_vol": 0.095
        }
      }
    },
    "target_volume_ml": 0.05,
    "measured_volume_ml": 0.0449,
    "duration_s": 25.79757810011506,
    "timestamp": 1764710654.635514,
    "replicate_id": 1,
    "metadata": {
      "replicate": 1,
      "volume": 0.0449,
      "elapsed_s": 25.79757810011506,
      "start_time": "2025-12-02T16:23:48.837557",
      "end_time": "2025-12-02T16:24:14.635179",
      "target_volume_mL": 0.05,
      "measured_volume_uL": 44.900000000000006,
      "target_volume_uL": 50.0,
      "aspirate_speed": 19,
      "dispense_speed": 9,
      "aspirate_wait_time": 0.0,
      "dispense_wait_time": 0.0,
      "pre_asp_air_vol": 0.095,
      "retract_speed": 10.9,
      "blowout_vol": 0.156,
      "post_asp_air_vol": 0.08,
      "overaspirate_vol": 0.0
    },
    "trial_score": 1.5473774197483137,
    "trial_quality": "outside_tolerance"
  },
  {
    "measurement_id": "measurement_1764710682641828_1",
    "parameters": {
      "calibration": {
        "overaspirate_vol": 0.007
      },
      "hardware": {
        "parameters": {
          "aspirate_speed": 15,
          "dispense_speed": 18,
          "aspirate_wait_time": 1.4000000000000001,
          "retract_speed": 3.2,
          "blowout_vol": 0.11800000000000001,
          "post_asp_air_vol": 0.029,
          "pre_asp_air_vol": 0.026000000000000002
        }
      }
    },
    "target_volume_ml": 0.05,
    "measured_volume_ml": 0.0573,
    "duration_s": 27.987115500029176,
    "timestamp": 1764710682.6418283,
    "replicate_id": 1,
    "metadata": {
      "replicate": 1,
      "volume": 0.0573,
      "elapsed_s": 27.987115500029176,
      "start_time": "2025-12-02T16:24:14.654199",
      "end_time": "2025-12-02T16:24:42.641828",
      "target_volume_mL": 0.05,
      "measured_volume_uL": 57.3,
      "target_volume_uL": 50.0,
      "aspirate_speed": 15,
      "dispense_speed": 18,
      "aspirate_wait_time": 1.4000000000000001,
      "dispense_wait_time": 0.0,
      "pre_asp_air_vol": 0.026000000000000002,
      "retract_speed": 3.2,
      "blowout_vol": 0.11800000000000001,
      "post_asp_air_vol": 0.029,
      "overaspirate_vol": 0.007
    },
    "trial_score": 2.0920137892554163,
    "trial_quality": "outside_tolerance"
  },
  {
    "measurement_id": "measurement_1764710705232754_1",
    "parameters": {
      "calibration": {
        "overaspirate_vol": 0.007
      },
      "hardware": {
        "parameters": {
          "aspirate_speed": 25,
          "dispense_speed": 8,
          "aspirate_wait_time": 1.6,
          "retract_speed": 8.5,
          "blowout_vol": 0.076,
          "post_asp_air_vol": 0.054,
          "pre_asp_air_vol": 0.001
        }
      }
    },
    "target_volume_ml": 0.05,
    "measured_volume_ml": 0.048299999999999996,
    "duration_s": 22.571944399969652,
    "timestamp": 1764710705.2327542,
    "replicate_id": 1,
    "metadata": {
      "replicate": 1,
      "volume": 0.048299999999999996,
      "elapsed_s": 22.571944399969652,
      "start_time": "2025-12-02T16:24:42.671027",
      "end_time": "2025-12-02T16:25:05.232754",
      "target_volume_mL": 0.05,
      "measured_volume_uL": 48.3,
      "target_volume_uL": 50.0,
      "aspirate_speed": 25,
      "dispense_speed": 8,
      "aspirate_wait_time": 1.6,
      "dispense_wait_time": 0.0,
      "pre_asp_air_vol": 0.001,
      "retract_speed": 8.5,
      "blowout_vol": 0.076,
      "post_asp_air_vol": 0.054,
      "overaspirate_vol": 0.007
    },
    "trial_score": 0.702890719813057,
    "trial_quality": "partial_tolerance"
  },
  {
    "measurement_id": "measurement_1764710729635414_1",
    "parameters": {
      "calibration": {
        "overaspirate_vol": 0.007
      },
      "hardware": {
        "parameters": {
          "aspirate_speed": 25,
          "dispense_speed": 8,
          "aspirate_wait_time": 1.6,
          "retract_speed": 8.5,
          "blowout_vol": 0.076,
          "post_asp_air_vol": 0.054,
          "pre_asp_air_vol": 0.001
        }
      }
    },
    "target_volume_ml": 0.05,
    "measured_volume_ml": 0.048299999999999996,
    "duration_s": 24.389791699824855,
    "timestamp": 1764710729.6354148,
    "replicate_id": 1,
    "metadata": {
      "replicate": 1,
      "volume": 0.048299999999999996,
      "elapsed_s": 24.389791699824855,
      "start_time": "2025-12-02T16:25:05.232754",
      "end_time": "2025-12-02T16:25:29.635414",
      "target_volume_mL": 0.05,
      "measured_volume_uL": 48.3,
      "target_volume_uL": 50.0,
      "aspirate_speed": 25,
      "dispense_speed": 8,
      "aspirate_wait_time": 1.6,
      "dispense_wait_time": 0.0,
      "pre_asp_air_vol": 0.001,
      "retract_speed": 8.5,
      "blowout_vol": 0.076,
      "post_asp_air_vol": 0.054,
      "overaspirate_vol": 0.007
    },
    "trial_score": 0.702890719813057,
    "trial_quality": "partial_tolerance"
  },
  {
    "measurement_id": "measurement_1764710754843455_1",
    "parameters": {
      "calibration": {
        "overaspirate_vol": 0.007
      },
      "hardware": {
        "parameters": {
          "aspirate_speed": 25,
          "dispense_speed": 8,
          "aspirate_wait_time": 1.6,
          "retract_speed": 8.5,
          "blowout_vol": 0.076,
          "post_asp_air_vol": 0.054,
          "pre_asp_air_vol": 0.001
        }
      }
    },
    "target_volume_ml": 0.05,
    "measured_volume_ml": 0.052500000000000005,
    "duration_s": 25.20548619981855,
    "timestamp": 1764710754.8434553,
    "replicate_id": 1,
    "metadata": {
      "replicate": 1,
      "volume": 0.052500000000000005,
      "elapsed_s": 25.20548619981855,
      "start_time": "2025-12-02T16:25:29.638312",
      "end_time": "2025-12-02T16:25:54.843455",
      "target_volume_mL": 0.05,
      "measured_volume_uL": 52.50000000000001,
      "target_volume_uL": 50.0,
      "aspirate_speed": 25,
      "dispense_speed": 8,
      "aspirate_wait_time": 1.6,
      "dispense_wait_time": 0.0,
      "pre_asp_air_vol": 0.001,
      "retract_speed": 8.5,
      "blowout_vol": 0.076,
      "post_asp_air_vol": 0.054,
      "overaspirate_vol": 0.007
    },
    "trial_score": 0.702890719813057,
    "trial_quality": "partial_tolerance"
  },
  {
    "measurement_id": "measurement_1764710787633590_1",
    "parameters": {
      "calibration": {
        "overaspirate_vol": 0.001
      },
      "hardware": {
        "parameters": {
          "aspirate_speed": 13,
          "dispense_speed": 20,
          "aspirate_wait_time": 1.0,
          "retract_speed": 2.2,
          "blowout_vol": 0.188,
          "post_asp_air_vol": 0.005,
          "pre_asp_air_vol": 0.07
        }
      }
    },
    "target_volume_ml": 0.05,
    "measured_volume_ml": 0.051500000000000004,
    "duration_s": 32.767604399938136,
    "timestamp": 1764710787.6335907,
    "replicate_id": 1,
    "metadata": {
      "replicate": 1,
      "volume": 0.051500000000000004,
      "elapsed_s": 32.767604399938136,
      "start_time": "2025-12-02T16:25:54.865059",
      "end_time": "2025-12-02T16:26:27.632852",
      "target_volume_mL": 0.05,
      "measured_volume_uL": 51.50000000000001,
      "target_volume_uL": 50.0,
      "aspirate_speed": 13,
      "dispense_speed": 20,
      "aspirate_wait_time": 1.0,
      "dispense_wait_time": 0.0,
      "pre_asp_air_vol": 0.07,
      "retract_speed": 2.2,
      "blowout_vol": 0.188,
      "post_asp_air_vol": 0.005,
      "overaspirate_vol": 0.001
    },
    "trial_score": 0.5437498195946568,
    "trial_quality": "partial_tolerance"
  },
  {
    "measurement_id": "measurement_1764710820631696_1",
    "parameters": {
      "calibration": {
        "overaspirate_vol": 0.001
      },
      "hardware": {
        "parameters": {
          "aspirate_speed": 13,
          "dispense_speed": 20,
          "aspirate_wait_time": 1.0,
          "retract_speed": 2.2,
          "blowout_vol": 0.188,
          "post_asp_air_vol": 0.005,
          "pre_asp_air_vol": 0.07
        }
      }
    },
    "target_volume_ml": 0.05,
    "measured_volume_ml": 0.0516,
    "duration_s": 32.99496169993654,
    "timestamp": 1764710820.6316965,
    "replicate_id": 1,
    "metadata": {
      "replicate": 1,
      "volume": 0.0516,
      "elapsed_s": 32.99496169993654,
      "start_time": "2025-12-02T16:26:27.636020",
      "end_time": "2025-12-02T16:27:00.631148",
      "target_volume_mL": 0.05,
      "measured_volume_uL": 51.6,
      "target_volume_uL": 50.0,
      "aspirate_speed": 13,
      "dispense_speed": 20,
      "aspirate_wait_time": 1.0,
      "dispense_wait_time": 0.0,
      "pre_asp_air_vol": 0.07,
      "retract_speed": 2.2,
      "blowout_vol": 0.188,
      "post_asp_air_vol": 0.005,
      "overaspirate_vol": 0.001
    },
    "trial_score": 0.5437498195946568,
    "trial_quality": "partial_tolerance"
  },
  {
    "measurement_id": "measurement_1764710853644299_1",
    "parameters": {
      "calibration": {
        "overaspirate_vol": 0.001
      },
      "hardware": {
        "parameters": {
          "aspirate_speed": 13,
          "dispense_speed": 20,
          "aspirate_wait_time": 1.0,
          "retract_speed": 2.2,
          "blowout_vol": 0.188,
          "post_asp_air_vol": 0.005,
          "pre_asp_air_vol": 0.07
        }
      }
    },
    "target_volume_ml": 0.05,
    "measured_volume_ml": 0.0517,
    "duration_s": 33.01058919983916,
    "timestamp": 1764710853.6442993,
    "replicate_id": 1,
    "metadata": {
      "replicate": 1,
      "volume": 0.0517,
      "elapsed_s": 33.01058919983916,
      "start_time": "2025-12-02T16:27:00.634085",
      "end_time": "2025-12-02T16:27:33.644299",
      "target_volume_mL": 0.05,
      "measured_volume_uL": 51.7,
      "target_volume_uL": 50.0,
      "aspirate_speed": 13,
      "dispense_speed": 20,
      "aspirate_wait_time": 1.0,
      "dispense_wait_time": 0.0,
      "pre_asp_air_vol": 0.07,
      "retract_speed": 2.2,
      "blowout_vol": 0.188,
      "post_asp_air_vol": 0.005,
      "overaspirate_vol": 0.001
    },
    "trial_score": 0.5437498195946568,
    "trial_quality": "partial_tolerance"
  },
  {
    "measurement_id": "measurement_1764710872839407_1",
    "parameters": {
      "calibration": {
        "overaspirate_vol": 0.005
      },
      "hardware": {
        "parameters": {
          "aspirate_speed": 12,
          "dispense_speed": 6,
          "aspirate_wait_time": 0.5,
          "retract_speed": 5.7,
          "blowout_vol": 0.10300000000000001,
          "post_asp_air_vol": 0.013000000000000001,
          "pre_asp_air_vol": 0.054
        }
      }
    },
    "target_volume_ml": 0.05,
    "measured_volume_ml": 0.0523,
    "duration_s": 19.188220100011677,
    "timestamp": 1764710872.8394077,
    "replicate_id": 1,
    "metadata": {
      "replicate": 1,
      "volume": 0.0523,
      "elapsed_s": 19.188220100011677,
      "start_time": "2025-12-02T16:27:33.644299",
      "end_time": "2025-12-02T16:27:52.838801",
      "target_volume_mL": 0.05,
      "measured_volume_uL": 52.3,
      "target_volume_uL": 50.0,
      "aspirate_speed": 12,
      "dispense_speed": 6,
      "aspirate_wait_time": 0.5,
      "dispense_wait_time": 0.0,
      "pre_asp_air_vol": 0.054,
      "retract_speed": 5.7,
      "blowout_vol": 0.10300000000000001,
      "post_asp_air_vol": 0.013000000000000001,
      "overaspirate_vol": 0.005
    },
    "trial_score": 0.9775777549433013,
    "trial_quality": "partial_tolerance"
  },
  {
    "measurement_id": "measurement_1764710891441023_1",
    "parameters": {
      "calibration": {
        "overaspirate_vol": 0.001200000000000004
      },
      "hardware": {
        "parameters": {
          "aspirate_speed": 12,
          "dispense_speed": 6,
          "aspirate_wait_time": 0.5,
          "retract_speed": 5.7,
          "blowout_vol": 0.10300000000000001,
          "post_asp_air_vol": 0.013000000000000001,
          "pre_asp_air_vol": 0.054
        }
      }
    },
    "target_volume_ml": 0.05,
    "measured_volume_ml": 0.046,
    "duration_s": 18.59802190004848,
    "timestamp": 1764710891.4410236,
    "replicate_id": 1,
    "metadata": {
      "replicate": 1,
      "volume": 0.046,
      "elapsed_s": 18.59802190004848,
      "start_time": "2025-12-02T16:27:52.843386",
      "end_time": "2025-12-02T16:28:11.441023",
      "target_volume_mL": 0.05,
      "measured_volume_uL": 46.0,
      "target_volume_uL": 50.0,
      "aspirate_speed": 12,
      "dispense_speed": 6,
      "aspirate_wait_time": 0.5,
      "dispense_wait_time": 0.0,
      "pre_asp_air_vol": 0.054,
      "retract_speed": 5.7,
      "blowout_vol": 0.10300000000000001,
      "post_asp_air_vol": 0.013000000000000001,
      "overaspirate_vol": 0.001200000000000004
    },
    "trial_score": 1.0045465978228567,
    "trial_quality": "partial_tolerance"
  },
  {
    "measurement_id": "measurement_1764710920040081_1",
    "parameters": {
      "calibration": {
        "overaspirate_vol": 0.005
      },
      "hardware": {
        "parameters": {
          "aspirate_speed": 15,
          "dispense_speed": 7,
          "aspirate_wait_time": 0.9,
          "retract_speed": 7.0,
          "blowout_vol": 0.18,
          "post_asp_air_vol": 0.025,
          "pre_asp_air_vol": 0.0
        }
      }
    },
    "target_volume_ml": 0.05,
    "measured_volume_ml": 0.051000000000000004,
    "duration_s": 19.624175400007516,
    "timestamp": 1764710920.0400815,
    "replicate_id": 1,
    "metadata": {
      "replicate": 1,
      "volume": 0.051000000000000004,
      "elapsed_s": 19.624175400007516,
      "start_time": "2025-12-02T16:28:20.416075",
      "end_time": "2025-12-02T16:28:40.040081",
      "target_volume_mL": 0.05,
      "measured_volume_uL": 51.00000000000001,
      "target_volume_uL": 50.0,
      "aspirate_speed": 15,
      "dispense_speed": 7,
      "aspirate_wait_time": 0.9,
      "dispense_wait_time": 0.0,
      "pre_asp_air_vol": 0.0,
      "retract_speed": 7.0,
      "blowout_vol": 0.18,
      "post_asp_air_vol": 0.025,
      "overaspirate_vol": 0.005
    },
    "trial_score": 0.33668317494461913,
    "trial_quality": "within_tolerance"
  },
  {
    "measurement_id": "measurement_1764710938034572_1",
    "parameters": {
      "calibration": {
        "overaspirate_vol": 0.005
      },
      "hardware": {
        "parameters": {
          "aspirate_speed": 15,
          "dispense_speed": 7,
          "aspirate_wait_time": 0.9,
          "retract_speed": 7.0,
          "blowout_vol": 0.18,
          "post_asp_air_vol": 0.025,
          "pre_asp_air_vol": 0.0
        }
      }
    },
    "target_volume_ml": 0.05,
    "measured_volume_ml": 0.051000000000000004,
    "duration_s": 17.991517399903387,
    "timestamp": 1764710938.0345728,
    "replicate_id": 1,
    "metadata": {
      "replicate": 1,
      "volume": 0.051000000000000004,
      "elapsed_s": 17.991517399903387,
      "start_time": "2025-12-02T16:28:40.040081",
      "end_time": "2025-12-02T16:28:58.034572",
      "target_volume_mL": 0.05,
      "measured_volume_uL": 51.00000000000001,
      "target_volume_uL": 50.0,
      "aspirate_speed": 15,
      "dispense_speed": 7,
      "aspirate_wait_time": 0.9,
      "dispense_wait_time": 0.0,
      "pre_asp_air_vol": 0.0,
      "retract_speed": 7.0,
      "blowout_vol": 0.18,
      "post_asp_air_vol": 0.025,
      "overaspirate_vol": 0.005
    },
    "trial_score": 0.33668317494461913,
    "trial_quality": "within_tolerance"
  },
  {
    "measurement_id": "measurement_1764710954443618_1",
    "parameters": {
      "calibration": {
        "overaspirate_vol": 0.005
      },
      "hardware": {
        "parameters": {
          "aspirate_speed": 15,
          "dispense_speed": 7,
          "aspirate_wait_time": 0.9,
          "retract_speed": 7.0,
          "blowout_vol": 0.18,
          "post_asp_air_vol": 0.025,
          "pre_asp_air_vol": 0.0
        }
      }
    },
    "target_volume_ml": 0.05,
    "measured_volume_ml": 0.050899999999999994,
    "duration_s": 16.407168500125408,
    "timestamp": 1764710954.4436188,
    "replicate_id": 1,
    "metadata": {
      "replicate": 1,
      "volume": 0.050899999999999994,
      "elapsed_s": 16.407168500125408,
      "start_time": "2025-12-02T16:28:58.034572",
      "end_time": "2025-12-02T16:29:14.443618",
      "target_volume_mL": 0.05,
      "measured_volume_uL": 50.89999999999999,
      "target_volume_uL": 50.0,
      "aspirate_speed": 15,
      "dispense_speed": 7,
      "aspirate_wait_time": 0.9,
      "dispense_wait_time": 0.0,
      "pre_asp_air_vol": 0.0,
      "retract_speed": 7.0,
      "blowout_vol": 0.18,
      "post_asp_air_vol": 0.025,
      "overaspirate_vol": 0.005
    },
    "trial_score": 0.33668317494461913,
    "trial_quality": "within_tolerance"
  },
  {
    "measurement_id": "measurement_1764710983442669_1",
    "parameters": {
      "calibration": {
        "overaspirate_vol": 0.004
      },
      "hardware": {
        "parameters": {
          "aspirate_speed": 12,
          "dispense_speed": 10,
          "aspirate_wait_time": 0.6000000000000001,
          "retract_speed": 1.0,
          "blowout_vol": 0.3,
          "post_asp_air_vol": 0.003,
          "pre_asp_air_vol": 0.0
        }
      }
    },
    "target_volume_ml": 0.05,
    "measured_volume_ml": 0.0498,
    "duration_s": 19.93726949999109,
    "timestamp": 1764710983.4426694,
    "replicate_id": 1,
    "metadata": {
      "replicate": 1,
      "volume": 0.0498,
      "elapsed_s": 19.93726949999109,
      "start_time": "2025-12-02T16:29:23.505265",
      "end_time": "2025-12-02T16:29:43.442669",
      "target_volume_mL": 0.05,
      "measured_volume_uL": 49.8,
      "target_volume_uL": 50.0,
      "aspirate_speed": 12,
      "dispense_speed": 10,
      "aspirate_wait_time": 0.6000000000000001,
      "dispense_wait_time": 0.0,
      "pre_asp_air_vol": 0.0,
      "retract_speed": 1.0,
      "blowout_vol": 0.3,
      "post_asp_air_vol": 0.003,
      "overaspirate_vol": 0.004
    },
    "trial_score": 0.19666771988082804,
    "trial_quality": "within_tolerance"
  },
  {
    "measurement_id": "measurement_1764711004042891_1",
    "parameters": {
      "calibration": {
        "overaspirate_vol": 0.004
      },
      "hardware": {
        "parameters": {
          "aspirate_speed": 12,
          "dispense_speed": 10,
          "aspirate_wait_time": 0.6000000000000001,
          "retract_speed": 1.0,
          "blowout_vol": 0.3,
          "post_asp_air_vol": 0.003,
          "pre_asp_air_vol": 0.0
        }
      }
    },
    "target_volume_ml": 0.05,
    "measured_volume_ml": 0.0496,
    "duration_s": 20.598630100023,
    "timestamp": 1764711004.0428913,
    "replicate_id": 1,
    "metadata": {
      "replicate": 1,
      "volume": 0.0496,
      "elapsed_s": 20.598630100023,
      "start_time": "2025-12-02T16:29:43.442669",
      "end_time": "2025-12-02T16:30:04.042891",
      "target_volume_mL": 0.05,
      "measured_volume_uL": 49.6,
      "target_volume_uL": 50.0,
      "aspirate_speed": 12,
      "dispense_speed": 10,
      "aspirate_wait_time": 0.6000000000000001,
      "dispense_wait_time": 0.0,
      "pre_asp_air_vol": 0.0,
      "retract_speed": 1.0,
      "blowout_vol": 0.3,
      "post_asp_air_vol": 0.003,
      "overaspirate_vol": 0.004
    },
    "trial_score": 0.19666771988082804,
    "trial_quality": "within_tolerance"
  },
  {
    "measurement_id": "measurement_1764711025639706_1",
    "parameters": {
      "calibration": {
        "overaspirate_vol": 0.004
      },
      "hardware": {
        "parameters": {
          "aspirate_speed": 12,
          "dispense_speed": 10,
          "aspirate_wait_time": 0.6000000000000001,
          "retract_speed": 1.0,
          "blowout_vol": 0.3,
          "post_asp_air_vol": 0.003,
          "pre_asp_air_vol": 0.0
        }
      }
    },
    "target_volume_ml": 0.05,
    "measured_volume_ml": 0.0496,
    "duration_s": 21.59154210006818,
    "timestamp": 1764711025.6397061,
    "replicate_id": 1,
    "metadata": {
      "replicate": 1,
      "volume": 0.0496,
      "elapsed_s": 21.59154210006818,
      "start_time": "2025-12-02T16:30:04.042891",
      "end_time": "2025-12-02T16:30:25.639706",
      "target_volume_mL": 0.05,
      "measured_volume_uL": 49.6,
      "target_volume_uL": 50.0,
      "aspirate_speed": 12,
      "dispense_speed": 10,
      "aspirate_wait_time": 0.6000000000000001,
      "dispense_wait_time": 0.0,
      "pre_asp_air_vol": 0.0,
      "retract_speed": 1.0,
      "blowout_vol": 0.3,
      "post_asp_air_vol": 0.003,
      "overaspirate_vol": 0.004
    },
    "trial_score": 0.19666771988082804,
    "trial_quality": "within_tolerance"
  },
  {
    "measurement_id": "measurement_1764711058228097_1",
    "parameters": {
      "calibration": {
        "overaspirate_vol": 0.004
      },
      "hardware": {
        "parameters": {
          "aspirate_speed": 18,
          "dispense_speed": 8,
          "aspirate_wait_time": 0.2,
          "retract_speed": 1.0,
          "blowout_vol": 0.3,
          "post_asp_air_vol": 0.031,
          "pre_asp_air_vol": 0.0
        }
      }
    },
    "target_volume_ml": 0.05,
    "measured_volume_ml": 0.0488,
    "duration_s": 23.76170299993828,
    "timestamp": 1764711058.228097,
    "replicate_id": 1,
    "metadata": {
      "replicate": 1,
      "volume": 0.0488,
      "elapsed_s": 23.76170299993828,
      "start_time": "2025-12-02T16:30:34.476032",
      "end_time": "2025-12-02T16:30:58.228097",
      "target_volume_mL": 0.05,
      "measured_volume_uL": 48.800000000000004,
      "target_volume_uL": 50.0,
      "aspirate_speed": 18,
      "dispense_speed": 8,
      "aspirate_wait_time": 0.2,
      "dispense_wait_time": 0.0,
      "pre_asp_air_vol": 0.0,
      "retract_speed": 1.0,
      "blowout_vol": 0.3,
      "post_asp_air_vol": 0.031,
      "overaspirate_vol": 0.004
    },
    "trial_score": 0.5223259335126884,
    "trial_quality": "within_tolerance"
  },
  {
    "measurement_id": "measurement_1764711083225127_1",
    "parameters": {
      "calibration": {
        "overaspirate_vol": 0.004
      },
      "hardware": {
        "parameters": {
          "aspirate_speed": 18,
          "dispense_speed": 8,
          "aspirate_wait_time": 0.2,
          "retract_speed": 1.0,
          "blowout_vol": 0.3,
          "post_asp_air_vol": 0.031,
          "pre_asp_air_vol": 0.0
        }
      }
    },
    "target_volume_ml": 0.05,
    "measured_volume_ml": 0.0486,
    "duration_s": 24.997824299847707,
    "timestamp": 1764711083.225127,
    "replicate_id": 1,
    "metadata": {
      "replicate": 1,
      "volume": 0.0486,
      "elapsed_s": 24.997824299847707,
      "start_time": "2025-12-02T16:30:58.228097",
      "end_time": "2025-12-02T16:31:23.225126",
      "target_volume_mL": 0.05,
      "measured_volume_uL": 48.599999999999994,
      "target_volume_uL": 50.0,
      "aspirate_speed": 18,
      "dispense_speed": 8,
      "aspirate_wait_time": 0.2,
      "dispense_wait_time": 0.0,
      "pre_asp_air_vol": 0.0,
      "retract_speed": 1.0,
      "blowout_vol": 0.3,
      "post_asp_air_vol": 0.031,
      "overaspirate_vol": 0.004
    },
    "trial_score": 0.5223259335126884,
    "trial_quality": "within_tolerance"
  },
  {
    "measurement_id": "measurement_1764711106843095_1",
    "parameters": {
      "calibration": {
        "overaspirate_vol": 0.004
      },
      "hardware": {
        "parameters": {
          "aspirate_speed": 18,
          "dispense_speed": 8,
          "aspirate_wait_time": 0.2,
          "retract_speed": 1.0,
          "blowout_vol": 0.3,
          "post_asp_air_vol": 0.031,
          "pre_asp_air_vol": 0.0
        }
      }
    },
    "target_volume_ml": 0.05,
    "measured_volume_ml": 0.0484,
    "duration_s": 23.60541779990308,
    "timestamp": 1764711106.8430955,
    "replicate_id": 1,
    "metadata": {
      "replicate": 1,
      "volume": 0.0484,
      "elapsed_s": 23.60541779990308,
      "start_time": "2025-12-02T16:31:23.240869",
      "end_time": "2025-12-02T16:31:46.843095",
      "target_volume_mL": 0.05,
      "measured_volume_uL": 48.4,
      "target_volume_uL": 50.0,
      "aspirate_speed": 18,
      "dispense_speed": 8,
      "aspirate_wait_time": 0.2,
      "dispense_wait_time": 0.0,
      "pre_asp_air_vol": 0.0,
      "retract_speed": 1.0,
      "blowout_vol": 0.3,
      "post_asp_air_vol": 0.031,
      "overaspirate_vol": 0.004
    },
    "trial_score": 0.5223259335126884,
    "trial_quality": "within_tolerance"
  },
  {
    "measurement_id": "measurement_1764711130434815_1",
    "parameters": {
      "calibration": {
        "overaspirate_vol": 0.004
      },
      "hardware": {
        "parameters": {
          "aspirate_speed": 10,
          "dispense_speed": 10,
          "aspirate_wait_time": 1.1,
          "retract_speed": 7.800000000000001,
          "blowout_vol": 0.258,
          "post_asp_air_vol": 0.0,
          "pre_asp_air_vol": 0.0
        }
      }
    },
    "target_volume_ml": 0.05,
    "measured_volume_ml": 0.0546,
    "duration_s": 14.39995209989138,
    "timestamp": 1764711130.4348152,
    "replicate_id": 1,
    "metadata": {
      "replicate": 1,
      "volume": 0.0546,
      "elapsed_s": 14.39995209989138,
      "start_time": "2025-12-02T16:31:56.037038",
      "end_time": "2025-12-02T16:32:10.434815",
      "target_volume_mL": 0.05,
      "measured_volume_uL": 54.6,
      "target_volume_uL": 50.0,
      "aspirate_speed": 10,
      "dispense_speed": 10,
      "aspirate_wait_time": 1.1,
      "dispense_wait_time": 0.0,
      "pre_asp_air_vol": 0.0,
      "retract_speed": 7.800000000000001,
      "blowout_vol": 0.258,
      "post_asp_air_vol": 0.0,
      "overaspirate_vol": 0.004
    },
    "trial_score": 1.0441073628448527,
    "trial_quality": "outside_tolerance"
  },
  {
    "measurement_id": "measurement_1764711145842825_1",
    "parameters": {
      "calibration": {
        "overaspirate_vol": 0.004
      },
      "hardware": {
        "parameters": {
          "aspirate_speed": 10,
          "dispense_speed": 10,
          "aspirate_wait_time": 1.1,
          "retract_speed": 7.800000000000001,
          "blowout_vol": 0.258,
          "post_asp_air_vol": 0.0,
          "pre_asp_air_vol": 0.0
        }
      }
    },
    "target_volume_ml": 0.05,
    "measured_volume_ml": 0.054700000000000006,
    "duration_s": 15.400351599790156,
    "timestamp": 1764711145.8428252,
    "replicate_id": 1,
    "metadata": {
      "replicate": 1,
      "volume": 0.054700000000000006,
      "elapsed_s": 15.400351599790156,
      "start_time": "2025-12-02T16:32:10.434815",
      "end_time": "2025-12-02T16:32:25.842825",
      "target_volume_mL": 0.05,
      "measured_volume_uL": 54.7,
      "target_volume_uL": 50.0,
      "aspirate_speed": 10,
      "dispense_speed": 10,
      "aspirate_wait_time": 1.1,
      "dispense_wait_time": 0.0,
      "pre_asp_air_vol": 0.0,
      "retract_speed": 7.800000000000001,
      "blowout_vol": 0.258,
      "post_asp_air_vol": 0.0,
      "overaspirate_vol": 0.004
    },
    "trial_score": 1.0441073628448527,
    "trial_quality": "outside_tolerance"
  },
  {
    "measurement_id": "measurement_1764711164844615_1",
    "parameters": {
      "calibration": {
        "overaspirate_vol": 0.004
      },
      "hardware": {
        "parameters": {
          "aspirate_speed": 10,
          "dispense_speed": 10,
          "aspirate_wait_time": 1.1,
          "retract_speed": 7.800000000000001,
          "blowout_vol": 0.258,
          "post_asp_air_vol": 0.0,
          "pre_asp_air_vol": 0.0
        }
      }
    },
    "target_volume_ml": 0.05,
    "measured_volume_ml": 0.0492,
    "duration_s": 18.99930049991235,
    "timestamp": 1764711164.844615,
    "replicate_id": 1,
    "metadata": {
      "replicate": 1,
      "volume": 0.0492,
      "elapsed_s": 18.99930049991235,
      "start_time": "2025-12-02T16:32:25.845706",
      "end_time": "2025-12-02T16:32:44.844615",
      "target_volume_mL": 0.05,
      "measured_volume_uL": 49.2,
      "target_volume_uL": 50.0,
      "aspirate_speed": 10,
      "dispense_speed": 10,
      "aspirate_wait_time": 1.1,
      "dispense_wait_time": 0.0,
      "pre_asp_air_vol": 0.0,
      "retract_speed": 7.800000000000001,
      "blowout_vol": 0.258,
      "post_asp_air_vol": 0.0,
      "overaspirate_vol": 0.004
    },
    "trial_score": 1.0441073628448527,
    "trial_quality": "outside_tolerance"
  },
  {
    "measurement_id": "measurement_1764711193231468_1",
    "parameters": {
      "calibration": {
        "overaspirate_vol": 0.006
      },
      "hardware": {
        "parameters": {
          "aspirate_speed": 11,
          "dispense_speed": 7,
          "aspirate_wait_time": 0.8,
          "retract_speed": 9.0,
          "blowout_vol": 0.19,
          "post_asp_air_vol": 0.011,
          "pre_asp_air_vol": 0.0
        }
      }
    },
    "target_volume_ml": 0.05,
    "measured_volume_ml": 0.0513,
    "duration_s": 18.996263300068676,
    "timestamp": 1764711193.2314684,
    "replicate_id": 1,
    "metadata": {
      "replicate": 1,
      "volume": 0.0513,
      "elapsed_s": 18.996263300068676,
      "start_time": "2025-12-02T16:32:54.239156",
      "end_time": "2025-12-02T16:33:13.231468",
      "target_volume_mL": 0.05,
      "measured_volume_uL": 51.3,
      "target_volume_uL": 50.0,
      "aspirate_speed": 11,
      "dispense_speed": 7,
      "aspirate_wait_time": 0.8,
      "dispense_wait_time": 0.0,
      "pre_asp_air_vol": 0.0,
      "retract_speed": 9.0,
      "blowout_vol": 0.19,
      "post_asp_air_vol": 0.011,
      "overaspirate_vol": 0.006
    },
    "trial_score": 0.4648554957526594,
    "trial_quality": "within_tolerance"
  },
  {
    "measurement_id": "measurement_1764711211038738_1",
    "parameters": {
      "calibration": {
        "overaspirate_vol": 0.006
      },
      "hardware": {
        "parameters": {
          "aspirate_speed": 11,
          "dispense_speed": 7,
          "aspirate_wait_time": 0.8,
          "retract_speed": 9.0,
          "blowout_vol": 0.19,
          "post_asp_air_vol": 0.011,
          "pre_asp_air_vol": 0.0
        }
      }
    },
    "target_volume_ml": 0.05,
    "measured_volume_ml": 0.051500000000000004,
    "duration_s": 17.799967600032687,
    "timestamp": 1764711211.0387383,
    "replicate_id": 1,
    "metadata": {
      "replicate": 1,
      "volume": 0.051500000000000004,
      "elapsed_s": 17.799967600032687,
      "start_time": "2025-12-02T16:33:13.231468",
      "end_time": "2025-12-02T16:33:31.037994",
      "target_volume_mL": 0.05,
      "measured_volume_uL": 51.50000000000001,
      "target_volume_uL": 50.0,
      "aspirate_speed": 11,
      "dispense_speed": 7,
      "aspirate_wait_time": 0.8,
      "dispense_wait_time": 0.0,
      "pre_asp_air_vol": 0.0,
      "retract_speed": 9.0,
      "blowout_vol": 0.19,
      "post_asp_air_vol": 0.011,
      "overaspirate_vol": 0.006
    },
    "trial_score": 0.4648554957526594,
    "trial_quality": "within_tolerance"
  },
  {
    "measurement_id": "measurement_1764711227432661_1",
    "parameters": {
      "calibration": {
        "overaspirate_vol": 0.006
      },
      "hardware": {
        "parameters": {
          "aspirate_speed": 11,
          "dispense_speed": 7,
          "aspirate_wait_time": 0.8,
          "retract_speed": 9.0,
          "blowout_vol": 0.19,
          "post_asp_air_vol": 0.011,
          "pre_asp_air_vol": 0.0
        }
      }
    },
    "target_volume_ml": 0.05,
    "measured_volume_ml": 0.051399999999999994,
    "duration_s": 16.390835899859667,
    "timestamp": 1764711227.4326613,
    "replicate_id": 1,
    "metadata": {
      "replicate": 1,
      "volume": 0.051399999999999994,
      "elapsed_s": 16.390835899859667,
      "start_time": "2025-12-02T16:33:31.042387",
      "end_time": "2025-12-02T16:33:47.432661",
      "target_volume_mL": 0.05,
      "measured_volume_uL": 51.39999999999999,
      "target_volume_uL": 50.0,
      "aspirate_speed": 11,
      "dispense_speed": 7,
      "aspirate_wait_time": 0.8,
      "dispense_wait_time": 0.0,
      "pre_asp_air_vol": 0.0,
      "retract_speed": 9.0,
      "blowout_vol": 0.19,
      "post_asp_air_vol": 0.011,
      "overaspirate_vol": 0.006
    },
    "trial_score": 0.4648554957526594,
    "trial_quality": "within_tolerance"
  },
  {
    "measurement_id": "measurement_1764711256640094_1",
    "parameters": {
      "calibration": {
        "overaspirate_vol": 0.004
      },
      "hardware": {
        "parameters": {
          "aspirate_speed": 11,
          "dispense_speed": 10,
          "aspirate_wait_time": 0.5,
          "retract_speed": 5.7,
          "blowout_vol": 0.3,
          "post_asp_air_vol": 0.007,
          "pre_asp_air_vol": 0.0
        }
      }
    },
    "target_volume_ml": 0.05,
    "measured_volume_ml": 0.0496,
    "duration_s": 18.413061700062826,
    "timestamp": 1764711256.6400943,
    "replicate_id": 1,
    "metadata": {
      "replicate": 1,
      "volume": 0.0496,
      "elapsed_s": 18.413061700062826,
      "start_time": "2025-12-02T16:33:58.221236",
      "end_time": "2025-12-02T16:34:16.640094",
      "target_volume_mL": 0.05,
      "measured_volume_uL": 49.6,
      "target_volume_uL": 50.0,
      "aspirate_speed": 11,
      "dispense_speed": 10,
      "aspirate_wait_time": 0.5,
      "dispense_wait_time": 0.0,
      "pre_asp_air_vol": 0.0,
      "retract_speed": 5.7,
      "blowout_vol": 0.3,
      "post_asp_air_vol": 0.007,
      "overaspirate_vol": 0.004
    },
    "trial_score": 0.3487570206297424,
    "trial_quality": "within_tolerance"
  },
  {
    "measurement_id": "measurement_1764711273835214_1",
    "parameters": {
      "calibration": {
        "overaspirate_vol": 0.004
      },
      "hardware": {
        "parameters": {
          "aspirate_speed": 11,
          "dispense_speed": 10,
          "aspirate_wait_time": 0.5,
          "retract_speed": 5.7,
          "blowout_vol": 0.3,
          "post_asp_air_vol": 0.007,
          "pre_asp_air_vol": 0.0
        }
      }
    },
    "target_volume_ml": 0.05,
    "measured_volume_ml": 0.049,
    "duration_s": 17.19184590014629,
    "timestamp": 1764711273.8352146,
    "replicate_id": 1,
    "metadata": {
      "replicate": 1,
      "volume": 0.049,
      "elapsed_s": 17.19184590014629,
      "start_time": "2025-12-02T16:34:16.640094",
      "end_time": "2025-12-02T16:34:33.835214",
      "target_volume_mL": 0.05,
      "measured_volume_uL": 49.0,
      "target_volume_uL": 50.0,
      "aspirate_speed": 11,
      "dispense_speed": 10,
      "aspirate_wait_time": 0.5,
      "dispense_wait_time": 0.0,
      "pre_asp_air_vol": 0.0,
      "retract_speed": 5.7,
      "blowout_vol": 0.3,
      "post_asp_air_vol": 0.007,
      "overaspirate_vol": 0.004
    },
    "trial_score": 0.3487570206297424,
    "trial_quality": "within_tolerance"
  },
  {
    "measurement_id": "measurement_1764711292829653_1",
    "parameters": {
      "calibration": {
        "overaspirate_vol": 0.004
      },
      "hardware": {
        "parameters": {
          "aspirate_speed": 11,
          "dispense_speed": 10,
          "aspirate_wait_time": 0.5,
          "retract_speed": 5.7,
          "blowout_vol": 0.3,
          "post_asp_air_vol": 0.007,
          "pre_asp_air_vol": 0.0
        }
      }
    },
    "target_volume_ml": 0.05,
    "measured_volume_ml": 0.0493,
    "duration_s": 18.998520500026643,
    "timestamp": 1764711292.8296533,
    "replicate_id": 1,
    "metadata": {
      "replicate": 1,
      "volume": 0.0493,
      "elapsed_s": 18.998520500026643,
      "start_time": "2025-12-02T16:34:33.835214",
      "end_time": "2025-12-02T16:34:52.829653",
      "target_volume_mL": 0.05,
      "measured_volume_uL": 49.3,
      "target_volume_uL": 50.0,
      "aspirate_speed": 11,
      "dispense_speed": 10,
      "aspirate_wait_time": 0.5,
      "dispense_wait_time": 0.0,
      "pre_asp_air_vol": 0.0,
      "retract_speed": 5.7,
      "blowout_vol": 0.3,
      "post_asp_air_vol": 0.007,
      "overaspirate_vol": 0.004
    },
    "trial_score": 0.3487570206297424,
    "trial_quality": "within_tolerance"
  },
  {
    "measurement_id": "measurement_1764711312045804_1",
    "parameters": {
      "calibration": {
        "overaspirate_vol": 0.004
      },
      "hardware": {
        "parameters": {
          "aspirate_speed": 12,
          "dispense_speed": 10,
          "aspirate_wait_time": 0.6000000000000001,
          "retract_speed": 1.0,
          "blowout_vol": 0.3,
          "post_asp_air_vol": 0.003,
          "pre_asp_air_vol": 0.0
        }
      }
    },
    "target_volume_ml": 0.05,
    "measured_volume_ml": 0.0538,
    "duration_s": 19.183628499973565,
    "timestamp": 1764711312.0458043,
    "replicate_id": 1,
    "metadata": {
      "replicate": 1,
      "volume": 0.0538,
      "elapsed_s": 19.183628499973565,
      "start_time": "2025-12-02T16:34:52.863398",
      "end_time": "2025-12-02T16:35:12.045804",
      "target_volume_mL": 0.05,
      "measured_volume_uL": 53.8,
      "target_volume_uL": 50.0,
      "aspirate_speed": 12,
      "dispense_speed": 10,
      "aspirate_wait_time": 0.6000000000000001,
      "dispense_wait_time": 0.0,
      "pre_asp_air_vol": 0.0,
      "retract_speed": 1.0,
      "blowout_vol": 0.3,
      "post_asp_air_vol": 0.003,
      "overaspirate_vol": 0.004
    },
    "trial_score": 1.003094364503458,
    "trial_quality": "partial_tolerance"
  },
  {
    "measurement_id": "measurement_1764711338247498_1",
    "parameters": {
      "calibration": {
        "overaspirate_vol": -0.0012999999999999982
      },
      "hardware": {
        "parameters": {
          "aspirate_speed": 12,
          "dispense_speed": 10,
          "aspirate_wait_time": 0.6000000000000001,
          "retract_speed": 1.0,
          "blowout_vol": 0.3,
          "post_asp_air_vol": 0.003,
          "pre_asp_air_vol": 0.0
        }
      }
    },
    "target_volume_ml": 0.05,
    "measured_volume_ml": 0.0433,
    "duration_s": 26.1963112000376,
    "timestamp": 1764711338.247498,
    "replicate_id": 1,
    "metadata": {
      "replicate": 1,
      "volume": 0.0433,
      "elapsed_s": 26.1963112000376,
      "start_time": "2025-12-02T16:35:12.048090",
      "end_time": "2025-12-02T16:35:38.247498",
      "target_volume_mL": 0.05,
      "measured_volume_uL": 43.3,
      "target_volume_uL": 50.0,
      "aspirate_speed": 12,
      "dispense_speed": 10,
      "aspirate_wait_time": 0.6000000000000001,
      "dispense_wait_time": 0.0,
      "pre_asp_air_vol": 0.0,
      "retract_speed": 1.0,
      "blowout_vol": 0.3,
      "post_asp_air_vol": 0.003,
      "overaspirate_vol": -0.0012999999999999982
    },
    "trial_score": 2.0758316756313313,
    "trial_quality": "outside_tolerance"
  },
  {
    "measurement_id": "measurement_1764711360640529_1",
    "parameters": {
      "calibration": {
        "overaspirate_vol": 0.0031666666666666705
      },
      "hardware": {
        "parameters": {
          "aspirate_speed": 12,
          "dispense_speed": 10,
          "aspirate_wait_time": 0.6000000000000001,
          "retract_speed": 1.0,
          "blowout_vol": 0.3,
          "post_asp_air_vol": 0.003,
          "pre_asp_air_vol": 0.0
        }
      }
    },
    "target_volume_ml": 0.05,
    "measured_volume_ml": 0.047599999999999996,
    "duration_s": 22.38620389997959,
    "timestamp": 1764711360.6405294,
    "replicate_id": 1,
    "metadata": {
      "replicate": 1,
      "volume": 0.047599999999999996,
      "elapsed_s": 22.38620389997959,
      "start_time": "2025-12-02T16:35:38.254557",
      "end_time": "2025-12-02T16:36:00.640529",
      "target_volume_mL": 0.05,
      "measured_volume_uL": 47.599999999999994,
      "target_volume_uL": 50.0,
      "aspirate_speed": 12,
      "dispense_speed": 10,
      "aspirate_wait_time": 0.6000000000000001,
      "dispense_wait_time": 0.0,
      "pre_asp_air_vol": 0.0,
      "retract_speed": 1.0,
      "blowout_vol": 0.3,
      "post_asp_air_vol": 0.003,
      "overaspirate_vol": 0.0031666666666666705
    },
    "trial_score": 0.697696114301488,
    "trial_quality": "partial_tolerance"
  },
  {
    "measurement_id": "measurement_1764711381242278_1",
    "parameters": {
      "calibration": {
        "overaspirate_vol": 0.0031666666666666705
      },
      "hardware": {
        "parameters": {
          "aspirate_speed": 12,
          "dispense_speed": 10,
          "aspirate_wait_time": 0.6000000000000001,
          "retract_speed": 1.0,
          "blowout_vol": 0.3,
          "post_asp_air_vol": 0.003,
          "pre_asp_air_vol": 0.0
        }
      }
    },
    "target_volume_ml": 0.05,
    "measured_volume_ml": 0.047200000000000006,
    "duration_s": 20.59811139991507,
    "timestamp": 1764711381.2422783,
    "replicate_id": 1,
    "metadata": {
      "replicate": 1,
      "volume": 0.047200000000000006,
      "elapsed_s": 20.59811139991507,
      "start_time": "2025-12-02T16:36:00.644425",
      "end_time": "2025-12-02T16:36:21.242278",
      "target_volume_mL": 0.05,
      "measured_volume_uL": 47.2,
      "target_volume_uL": 50.0,
      "aspirate_speed": 12,
      "dispense_speed": 10,
      "aspirate_wait_time": 0.6000000000000001,
      "dispense_wait_time": 0.0,
      "pre_asp_air_vol": 0.0,
      "retract_speed": 1.0,
      "blowout_vol": 0.3,
      "post_asp_air_vol": 0.003,
      "overaspirate_vol": 0.0031666666666666705
    },
    "trial_score": 0.697696114301488,
    "trial_quality": "partial_tolerance"
  },
  {
    "measurement_id": "measurement_1764711402435577_1",
    "parameters": {
      "calibration": {
        "overaspirate_vol": 0.0031666666666666705
      },
      "hardware": {
        "parameters": {
          "aspirate_speed": 12,
          "dispense_speed": 10,
          "aspirate_wait_time": 0.6000000000000001,
          "retract_speed": 1.0,
          "blowout_vol": 0.3,
          "post_asp_air_vol": 0.003,
          "pre_asp_air_vol": 0.0
        }
      }
    },
    "target_volume_ml": 0.05,
    "measured_volume_ml": 0.0484,
    "duration_s": 21.190145199885592,
    "timestamp": 1764711402.4355776,
    "replicate_id": 1,
    "metadata": {
      "replicate": 1,
      "volume": 0.0484,
      "elapsed_s": 21.190145199885592,
      "start_time": "2025-12-02T16:36:21.242278",
      "end_time": "2025-12-02T16:36:42.435577",
      "target_volume_mL": 0.05,
      "measured_volume_uL": 48.4,
      "target_volume_uL": 50.0,
      "aspirate_speed": 12,
      "dispense_speed": 10,
      "aspirate_wait_time": 0.6000000000000001,
      "dispense_wait_time": 0.0,
      "pre_asp_air_vol": 0.0,
      "retract_speed": 1.0,
      "blowout_vol": 0.3,
      "post_asp_air_vol": 0.003,
      "overaspirate_vol": 0.0031666666666666705
    },
    "trial_score": 0.697696114301488,
    "trial_quality": "partial_tolerance"
  },
  {
    "measurement_id": "measurement_1764711424444900_1",
    "parameters": {
      "calibration": {
        "overaspirate_vol": 0.004
      },
      "hardware": {
        "parameters": {
          "aspirate_speed": 12,
          "dispense_speed": 10,
          "aspirate_wait_time": 0.6000000000000001,
          "retract_speed": 1.0,
          "blowout_vol": 0.3,
          "post_asp_air_vol": 0.003,
          "pre_asp_air_vol": 0.0
        }
      }
    },
    "target_volume_ml": 0.1,
    "measured_volume_ml": 0.10300000000000001,
    "duration_s": 21.999281900003552,
    "timestamp": 1764711424.4449005,
    "replicate_id": 1,
    "metadata": {
      "replicate": 1,
      "volume": 0.10300000000000001,
      "elapsed_s": 21.999281900003552,
      "start_time": "2025-12-02T16:36:42.445515",
      "end_time": "2025-12-02T16:37:04.444900",
      "target_volume_mL": 0.1,
      "measured_volume_uL": 103.00000000000001,
      "target_volume_uL": 100.0,
      "aspirate_speed": 12,
      "dispense_speed": 10,
      "aspirate_wait_time": 0.6000000000000001,
      "dispense_wait_time": 0.0,
      "pre_asp_air_vol": 0.0,
      "retract_speed": 1.0,
      "blowout_vol": 0.3,
      "post_asp_air_vol": 0.003,
      "overaspirate_vol": 0.004
    },
    "trial_score": 0.981664273000012,
    "trial_quality": "partial_tolerance"
  },
  {
    "measurement_id": "measurement_1764711445846125_1",
    "parameters": {
      "calibration": {
        "overaspirate_vol": -0.0010000000000000026
      },
      "hardware": {
        "parameters": {
          "aspirate_speed": 12,
          "dispense_speed": 10,
          "aspirate_wait_time": 0.6000000000000001,
          "retract_speed": 1.0,
          "blowout_vol": 0.3,
          "post_asp_air_vol": 0.003,
          "pre_asp_air_vol": 0.0
        }
      }
    },
    "target_volume_ml": 0.1,
    "measured_volume_ml": 0.09809999999999999,
    "duration_s": 21.396932300180197,
    "timestamp": 1764711445.8461251,
    "replicate_id": 1,
    "metadata": {
      "replicate": 1,
      "volume": 0.09809999999999999,
      "elapsed_s": 21.396932300180197,
      "start_time": "2025-12-02T16:37:04.444900",
      "end_time": "2025-12-02T16:37:25.846125",
      "target_volume_mL": 0.1,
      "measured_volume_uL": 98.1,
      "target_volume_uL": 100.0,
      "aspirate_speed": 12,
      "dispense_speed": 10,
      "aspirate_wait_time": 0.6000000000000001,
      "dispense_wait_time": 0.0,
      "pre_asp_air_vol": 0.0,
      "retract_speed": 1.0,
      "blowout_vol": 0.3,
      "post_asp_air_vol": 0.003,
      "overaspirate_vol": -0.0010000000000000026
    },
    "trial_score": 0.9513231076672699,
    "trial_quality": "within_tolerance"
  },
  {
    "measurement_id": "measurement_1764711465839592_1",
    "parameters": {
      "calibration": {
        "overaspirate_vol": 0.0009387755102040798
      },
      "hardware": {
        "parameters": {
          "aspirate_speed": 12,
          "dispense_speed": 10,
          "aspirate_wait_time": 0.6000000000000001,
          "retract_speed": 1.0,
          "blowout_vol": 0.3,
          "post_asp_air_vol": 0.003,
          "pre_asp_air_vol": 0.0
        }
      }
    },
    "target_volume_ml": 0.1,
    "measured_volume_ml": 0.10529999999999999,
    "duration_s": 19.98507299995981,
    "timestamp": 1764711465.839592,
    "replicate_id": 1,
    "metadata": {
      "replicate": 1,
      "volume": 0.10529999999999999,
      "elapsed_s": 19.98507299995981,
      "start_time": "2025-12-02T16:37:25.854373",
      "end_time": "2025-12-02T16:37:45.839592",
      "target_volume_mL": 0.1,
      "measured_volume_uL": 105.3,
      "target_volume_uL": 100.0,
      "aspirate_speed": 12,
      "dispense_speed": 10,
      "aspirate_wait_time": 0.6000000000000001,
      "dispense_wait_time": 0.0,
      "pre_asp_air_vol": 0.0,
      "retract_speed": 1.0,
      "blowout_vol": 0.3,
      "post_asp_air_vol": 0.003,
      "overaspirate_vol": 0.0009387755102040798
    },
    "trial_score": 0.9725194131057823,
    "trial_quality": "partial_tolerance"
  },
  {
    "measurement_id": "measurement_1764711503636473_1",
    "parameters": {
      "calibration": {
        "overaspirate_vol": 0.0009387755102040798
      },
      "hardware": {
        "parameters": {
          "aspirate_speed": 12,
          "dispense_speed": 10,
          "aspirate_wait_time": 0.6000000000000001,
          "retract_speed": 1.0,
          "blowout_vol": 0.3,
          "post_asp_air_vol": 0.003,
          "pre_asp_air_vol": 0.0
        }
      }
    },
    "target_volume_ml": 0.1,
    "measured_volume_ml": 0.1051,
    "duration_s": 22.45473559992388,
    "timestamp": 1764711503.6364732,
    "replicate_id": 1,
    "metadata": {
      "replicate": 1,
      "volume": 0.1051,
      "elapsed_s": 22.45473559992388,
      "start_time": "2025-12-02T16:38:01.178807",
      "end_time": "2025-12-02T16:38:23.636473",
      "target_volume_mL": 0.1,
      "measured_volume_uL": 105.1,
      "target_volume_uL": 100.0,
      "aspirate_speed": 12,
      "dispense_speed": 10,
      "aspirate_wait_time": 0.6000000000000001,
      "dispense_wait_time": 0.0,
      "pre_asp_air_vol": 0.0,
      "retract_speed": 1.0,
      "blowout_vol": 0.3,
      "post_asp_air_vol": 0.003,
      "overaspirate_vol": 0.0009387755102040798
    },
    "trial_score": 0.9725194131057823,
    "trial_quality": "partial_tolerance"
  },
  {
    "measurement_id": "measurement_1764711523646154_1",
    "parameters": {
      "calibration": {
        "overaspirate_vol": 0.0009387755102040798
      },
      "hardware": {
        "parameters": {
          "aspirate_speed": 12,
          "dispense_speed": 10,
          "aspirate_wait_time": 0.6000000000000001,
          "retract_speed": 1.0,
          "blowout_vol": 0.3,
          "post_asp_air_vol": 0.003,
          "pre_asp_air_vol": 0.0
        }
      }
    },
    "target_volume_ml": 0.1,
    "measured_volume_ml": 0.10169999999999998,
    "duration_s": 20.006634199991822,
    "timestamp": 1764711523.6461546,
    "replicate_id": 1,
    "metadata": {
      "replicate": 1,
      "volume": 0.10169999999999998,
      "elapsed_s": 20.006634199991822,
      "start_time": "2025-12-02T16:38:23.638120",
      "end_time": "2025-12-02T16:38:43.646154",
      "target_volume_mL": 0.1,
      "measured_volume_uL": 101.69999999999999,
      "target_volume_uL": 100.0,
      "aspirate_speed": 12,
      "dispense_speed": 10,
      "aspirate_wait_time": 0.6000000000000001,
      "dispense_wait_time": 0.0,
      "pre_asp_air_vol": 0.0,
      "retract_speed": 1.0,
      "blowout_vol": 0.3,
      "post_asp_air_vol": 0.003,
      "overaspirate_vol": 0.0009387755102040798
    },
    "trial_score": 0.9725194131057823,
    "trial_quality": "partial_tolerance"
  },
  {
    "measurement_id": "measurement_1764711542439816_1",
    "parameters": {
      "calibration": {
        "overaspirate_vol": 0.004
      },
      "hardware": {
        "parameters": {
          "aspirate_speed": 12,
          "dispense_speed": 10,
          "aspirate_wait_time": 0.6000000000000001,
          "retract_speed": 1.0,
          "blowout_vol": 0.3,
          "post_asp_air_vol": 0.003,
          "pre_asp_air_vol": 0.0
        }
      }
    },
    "target_volume_ml": 0.025,
    "measured_volume_ml": 0.0263,
    "duration_s": 18.760810100007802,
    "timestamp": 1764711542.4398162,
    "replicate_id": 1,
    "metadata": {
      "replicate": 1,
      "volume": 0.0263,
      "elapsed_s": 18.760810100007802,
      "start_time": "2025-12-02T16:38:43.679053",
      "end_time": "2025-12-02T16:39:02.439816",
      "target_volume_mL": 0.025,
      "measured_volume_uL": 26.3,
      "target_volume_uL": 25.0,
      "aspirate_speed": 12,
      "dispense_speed": 10,
      "aspirate_wait_time": 0.6000000000000001,
      "dispense_wait_time": 0.0,
      "pre_asp_air_vol": 0.0,
      "retract_speed": 1.0,
      "blowout_vol": 0.3,
      "post_asp_air_vol": 0.003,
      "overaspirate_vol": 0.004
    },
    "trial_score": 0.9812594379220119,
    "trial_quality": "partial_tolerance"
  },
  {
    "measurement_id": "measurement_1764711561041950_1",
    "parameters": {
      "calibration": {
        "overaspirate_vol": 0.0019500000000000012
      },
      "hardware": {
        "parameters": {
          "aspirate_speed": 12,
          "dispense_speed": 10,
          "aspirate_wait_time": 0.6000000000000001,
          "retract_speed": 1.0,
          "blowout_vol": 0.3,
          "post_asp_air_vol": 0.003,
          "pre_asp_air_vol": 0.0
        }
      }
    },
    "target_volume_ml": 0.025,
    "measured_volume_ml": 0.023399999999999997,
    "duration_s": 18.59760079998523,
    "timestamp": 1764711561.0419505,
    "replicate_id": 1,
    "metadata": {
      "replicate": 1,
      "volume": 0.023399999999999997,
      "elapsed_s": 18.59760079998523,
      "start_time": "2025-12-02T16:39:02.441977",
      "end_time": "2025-12-02T16:39:21.041950",
      "target_volume_mL": 0.025,
      "measured_volume_uL": 23.4,
      "target_volume_uL": 25.0,
      "aspirate_speed": 12,
      "dispense_speed": 10,
      "aspirate_wait_time": 0.6000000000000001,
      "dispense_wait_time": 0.0,
      "pre_asp_air_vol": 0.0,
      "retract_speed": 1.0,
      "blowout_vol": 0.3,
      "post_asp_air_vol": 0.003,
      "overaspirate_vol": 0.0019500000000000012
    },
    "trial_score": 0.9909281728793835,
    "trial_quality": "partial_tolerance"
  },
  {
    "measurement_id": "measurement_1764711581436383_1",
    "parameters": {
      "calibration": {
        "overaspirate_vol": 0.0030810344827586216
      },
      "hardware": {
        "parameters": {
          "aspirate_speed": 12,
          "dispense_speed": 10,
          "aspirate_wait_time": 0.6000000000000001,
          "retract_speed": 1.0,
          "blowout_vol": 0.3,
          "post_asp_air_vol": 0.003,
          "pre_asp_air_vol": 0.0
        }
      }
    },
    "target_volume_ml": 0.025,
    "measured_volume_ml": 0.0242,
    "duration_s": 20.386545500019565,
    "timestamp": 1764711581.4363835,
    "replicate_id": 1,
    "metadata": {
      "replicate": 1,
      "volume": 0.0242,
      "elapsed_s": 20.386545500019565,
      "start_time": "2025-12-02T16:39:21.049592",
      "end_time": "2025-12-02T16:39:41.435777",
      "target_volume_mL": 0.025,
      "measured_volume_uL": 24.2,
      "target_volume_uL": 25.0,
      "aspirate_speed": 12,
      "dispense_speed": 10,
      "aspirate_wait_time": 0.6000000000000001,
      "dispense_wait_time": 0.0,
      "pre_asp_air_vol": 0.0,
      "retract_speed": 1.0,
      "blowout_vol": 0.3,
      "post_asp_air_vol": 0.003,
      "overaspirate_vol": 0.0030810344827586216
    },
    "trial_score": 0.5108639711631845,
    "trial_quality": "within_tolerance"
  },
  {
    "measurement_id": "measurement_1764711600026098_1",
    "parameters": {
      "calibration": {
        "overaspirate_vol": 0.0030810344827586216
      },
      "hardware": {
        "parameters": {
          "aspirate_speed": 12,
          "dispense_speed": 10,
          "aspirate_wait_time": 0.6000000000000001,
          "retract_speed": 1.0,
          "blowout_vol": 0.3,
          "post_asp_air_vol": 0.003,
          "pre_asp_air_vol": 0.0
        }
      }
    },
    "target_volume_ml": 0.025,
    "measured_volume_ml": 0.0246,
    "duration_s": 18.598766500130296,
    "timestamp": 1764711600.0260983,
    "replicate_id": 1,
    "metadata": {
      "replicate": 1,
      "volume": 0.0246,
      "elapsed_s": 18.598766500130296,
      "start_time": "2025-12-02T16:39:41.436383",
      "end_time": "2025-12-02T16:40:00.026098",
      "target_volume_mL": 0.025,
      "measured_volume_uL": 24.6,
      "target_volume_uL": 25.0,
      "aspirate_speed": 12,
      "dispense_speed": 10,
      "aspirate_wait_time": 0.6000000000000001,
      "dispense_wait_time": 0.0,
      "pre_asp_air_vol": 0.0,
      "retract_speed": 1.0,
      "blowout_vol": 0.3,
      "post_asp_air_vol": 0.003,
      "overaspirate_vol": 0.0030810344827586216
    },
    "trial_score": 0.5108639711631845,
    "trial_quality": "within_tolerance"
  },
  {
    "measurement_id": "measurement_1764711618848395_1",
    "parameters": {
      "calibration": {
        "overaspirate_vol": 0.0030810344827586216
      },
      "hardware": {
        "parameters": {
          "aspirate_speed": 12,
          "dispense_speed": 10,
          "aspirate_wait_time": 0.6000000000000001,
          "retract_speed": 1.0,
          "blowout_vol": 0.3,
          "post_asp_air_vol": 0.003,
          "pre_asp_air_vol": 0.0
        }
      }
    },
    "target_volume_ml": 0.025,
    "measured_volume_ml": 0.024699999999999996,
    "duration_s": 18.807487899903208,
    "timestamp": 1764711618.848395,
    "replicate_id": 1,
    "metadata": {
      "replicate": 1,
      "volume": 0.024699999999999996,
      "elapsed_s": 18.807487899903208,
      "start_time": "2025-12-02T16:40:00.026098",
      "end_time": "2025-12-02T16:40:18.848394",
      "target_volume_mL": 0.025,
      "measured_volume_uL": 24.699999999999996,
      "target_volume_uL": 25.0,
      "aspirate_speed": 12,
      "dispense_speed": 10,
      "aspirate_wait_time": 0.6000000000000001,
      "dispense_wait_time": 0.0,
      "pre_asp_air_vol": 0.0,
      "retract_speed": 1.0,
      "blowout_vol": 0.3,
      "post_asp_air_vol": 0.003,
      "overaspirate_vol": 0.0030810344827586216
    },
    "trial_score": 0.5108639711631845,
    "trial_quality": "within_tolerance"
  }
]